station_id,name,address,city,state,price,lat,lon,geocode_source
7,WOODSHED OF BIG CABIN,"I-44, EXIT 283 & US-69",Big Cabin,OK,3.007,36.53760,-95.22937,gazetteer
9,KWIK TRIP #796,"I-94, EXIT 143 & US-12 & SR-21",Tomah,WI,3.287,43.98801,-90.50138,gazetteer
20,PILOT TRAVEL CENTER #1243,"I-8, EXIT 119 & SR-85",Gila Bend,AZ,3.899,32.96624,-112.71546,gazetteer
28,LITTLEFIELD EXPRESS #2,"I-540, EXIT 12 & US-71",Fort Smith,AR,3.399,35.34928,-94.37088,gazetteer
35,ACI TRUCK STOP,US-46,Columbia,NJ,3.079,40.92587,-75.09406,gazetteer
36,SHENANDOAH TRUCK CENTER,"I-81, EXIT 273 & SR-703/SR-292",Mount Jackson,VA,2.899,38.73888,-78.65092,gazetteer
44,CIRCLE K #2612042,"I-35,  EXIT 271",Jarrell,TX,2.919,30.81026,-97.61512,gazetteer
46,PETRO STOPPING CENTER #348,"I-85,  EXIT 22 & CR-138",Shorter,AL,3.154,32.41150,-85.97281,gazetteer
49,TA SEYMOUR TRAVEL CENTER,"I-65, EXIT 50 & US-50 & US-31",Seymour,IN,3.959,38.94685,-85.88918,gazetteer
50,TA COUNCIL BLUFFS TRAVEL CENTER,"I-29 & I-80, EXIT 3",Council Bluffs,IA,3.726,41.23599,-95.85316,gazetteer
56,TOPS TRUCK STOP,"I-94, EXIT 182 & US-83",Sterling,ND,3.516,46.81388,-100.29150,gazetteer
77,OASIS TRAVEL PLAZA,US-13,Laurel,DE,3.229,38.57146,-75.57113,gazetteer
79,DELAWARE TRUCK PLAZA,US-13 & US-40,New Castle,DE,3.249,39.67002,-75.56652,gazetteer
81,One9 #89,"I-75, EXIT 224",Ellenton,FL,3.439,27.52658,-82.52668,gazetteer
85,DOWNIEVILLE FUEL STOP,"I-70, EXIT 234",Dumont,CO,3.459,39.76471,-105.60028,gazetteer
91,MOLLYS FOOD & FUEL,"I-20 & ST 22, EXIT 55",Crawfordville,GA,3.499,33.55464,-82.89669,gazetteer
118,Lupton Truck Stop #567,"I-40, EXIT 359",Lupton,AZ,3.299,35.35474,-109.05282,gazetteer
127,CIRCLE K #4700095,US-41,Henderson,KY,3.609,37.83842,-87.58097,gazetteer
128,THE EFFINGHAM CHROME SHOP,"I-57 & I-70, EXIT 159",Effingham,IL,3.349,39.12066,-88.55086,gazetteer
135,LOVES TRAVEL STOP #766,"I-80, EXIT 27",Atkinson,IL,3.389,41.41325,-90.00535,gazetteer
147,SPEEDWAY #8039,"I-69, EXIT 234 & SR-67",Daleville,IN,3.624,40.11887,-85.55625,gazetteer
149,RAYS TRUCK WASH,"I-69, EXIT 309 & US-30",Fort Wayne,IN,3.592,41.08819,-85.14279,gazetteer
151,CUBBYS #2101,"I-80, EXIT 211 & SR-47",Gothenburg,NE,3.132,40.92468,-100.15393,gazetteer
159,PILOT TRAVEL CENTER #87,"I-10, EXIT 343",Jacksonville,FL,3.859,30.33686,-81.66160,gazetteer
160,PILOT TRAVEL CENTERS #79,"I-12, EXIT 10 AT MILE 10",Denham Springs,LA,3.232,30.47433,-90.95903,gazetteer
164,FLYING J TRAVEL PLAZA #650,"I-94, EXIT 15 B",Lake Station,IN,3.809,41.57673,-87.25288,gazetteer
167,FLYING J TRAVEL PLAZA #653,RT 2 & I-65 EXIT 240,Hebron,IN,3.436,41.32509,-87.20192,gazetteer
174,Hop-In Food Stores,US-59 & SR-224,Nacogdoches,TX,2.859,31.61236,-94.65205,gazetteer
186,COFFEE CUP FUEL STOP #5,"I-90, EXIT 154 & US-16",Moorcroft,WY,3.239,44.26448,-104.94756,gazetteer
187,DUDLEYS CORNER,"I-35, EXIT 165 & SR-3",Latimer,IA,3.232,42.76292,-93.36552,gazetteer
191,KUM & GO #0302,"I-35, EXIT 193 & SR 106",Clear Lake,IA,3.186,43.13509,-93.37365,gazetteer
192,Brew Stuart Truckstop,"I-80, EXIT 93",Stuart,IA,3.099,41.50046,-94.31811,gazetteer
195,PETRO STOPPING CENTER #311,"I-40 & I-55, EXIT 280",West Memphis,AR,3.367,35.14955,-90.19927,gazetteer
198,SINCLAIR,"I-76, EXIT 115",Atwood,CO,3.299,40.55048,-103.27460,gazetteer
203,PILOT TRAVEL CENTER #31,"I-80/94, EXIT 2",Highland,IN,3.799,41.54662,-87.45762,gazetteer
207,MARATHON,SR-32,Sardinia,OH,3.566,39.00711,-83.80210,gazetteer
216,CIRCLE K #2721593,"I-10, EXIT 50",Ocean Springs,MS,3.416,30.40270,-88.78865,gazetteer
217,NORTH 9TH 24/7,"I-70, EXIT 252",Salina,KS,3.026,38.81309,-97.61448,gazetteer
231,DERBY CITYS TRUCK PLAZA,"I-75, EXIT 62 & US-25",Mount Vernon,KY,2.999,37.35707,-84.33287,gazetteer
235,PILOT TRAVEL CENTERS #92,"I-75, EXIT 358",Ocala,FL,3.359,29.17751,-82.15103,gazetteer
240,LA 1 SOUTH TRUCKSTOP,"I-10, EXIT 153 & SR-1",Port Allen,LA,3.039,30.44383,-91.20741,gazetteer
243,SAVE,US-41 & SR-10,Lake Village,IN,3.179,41.13083,-87.43902,gazetteer
244,BIG D TRUCK TRAVEL PLAZA,"I-10, EXIT 92 & SR-95",Duson,LA,2.982,30.23836,-92.18907,gazetteer
248,Mardi Gras Truck Stop,"I-10, EXIT 236",New Orleans,LA,3.729,30.05342,-89.93450,gazetteer
250,GOLDEN OX TRUCK STOP,"I-70/US-40, EXIT 159 & US-183",Hays,KS,3.499,38.88216,-99.32197,gazetteer
253,LOVES TRAVEL STOP #450,"I-40, EXIT 280 & I-55, EXIT 4",West Memphis,AR,3.326,35.14955,-90.19927,gazetteer
256,BFS FOODS #66,"I-68/US-40, EXIT 22 & US-219",Grantsville,MD,3.899,39.69692,-79.15285,gazetteer
257,PILOT TRAVEL CENTER #917- TOWN PUMP,I-15 & 31ST STREET EXIT 277,Great Falls,MT,3.636,47.50252,-111.29997,gazetteer
263,CASEYS #3956,I-94 EXIT 16,Bridgman,MI,3.559,41.93517,-86.56711,gazetteer
267,CORNER MARKET #117,SR-154 & SR-129,Dodge City,KS,3.399,37.76067,-100.01786,gazetteer
269,PILOT TRAVEL CENTERS #24,"I-75, EXIT 15",Monroe,MI,3.249,41.91659,-83.38432,gazetteer
278,CARLISLE PLAZA,US-41,Carlisle,IN,3.499,38.96078,-87.40142,gazetteer
281,CIRCLE K #4700065,"I-65, EXIT 76 & US-31",Taylorsville,IN,3.399,39.29648,-85.95027,gazetteer
289,LOVES TRAVEL STOP #173,"I-70, MM 209",Lawrence,KS,3.229,38.95955,-95.26547,gazetteer
292,PETES #56,US-169 & CR-5000,Cherryvale,KS,3.232,37.26915,-95.55335,gazetteer
293,LOVES TRAVEL STOP #176,"I-35, MILE MARKER 97",Matfield Green,KS,3.256,38.15965,-96.56201,gazetteer
304,FL Roberts,"I-91, EXIT 4",Springfield,MA,3.599,42.11545,-72.53998,gazetteer
309,QUIKTRIP #231,"I-635, EXIT 3",Kansas City,KS,3.199,39.12254,-94.74178,gazetteer
323,SAPP BROS TRAVEL CENTER,"I-80, EXIT 126",Ogallala,NE,3.466,41.12960,-101.72068,gazetteer
326,FLYING J TRAVEL PLAZA #748,"I-15, EXIT 357",Willard,UT,3.749,41.40317,-112.04254,gazetteer
347,7-ELEVEN #40514,I-90/80-IN TOLL RD MM 22E,Portage,IN,3.991,41.59161,-87.17894,gazetteer
358,TA BINGHAMTON TRAVELCENTER,"I-81N, EXIT 2W & I-81S, EXIT 3",Binghamton,NY,3.689,42.10133,-75.90937,gazetteer
368,WILTON TRAVEL PLAZA,"I-87, EXIT 16",Gansevoort,NY,3.749,43.19618,-73.65178,gazetteer
372,GAS DEPOT,"I-94, EXIT 5",Hammond,IN,3.999,41.61874,-87.49495,gazetteer
381,7-Eleven #41830,US-69 & US-135,Jacksonville,TX,2.916,31.95951,-95.26570,gazetteer
388,Pilot Travel Centers #14,"I-71, EXIT 131",Sunbury,OH,3.719,40.24941,-82.88020,gazetteer
391,PILOT TRAVEL CENTERS #13,"I-71, EXIT 209",Seville,OH,3.699,41.02073,-81.86714,gazetteer
407,FUEL MART #641,"I-80 & I-280, EXIT 71",Perrysburg,OH,3.499,41.53899,-83.64413,gazetteer
424,E EXPRESS,"I-40, EXIT 166",Choctaw,OK,2.899,35.48498,-97.26994,gazetteer
425,Neighbors Express,"I-16, EXIT 51",Dublin,GA,3.299,32.53547,-82.92881,gazetteer
455,MR FUEL #753,"I-95, EXIT 104 & SR-207",Ruther Glen,VA,3.266,37.92875,-77.45582,gazetteer
456,THE COUNTRY OASIS,US-24,Woodburn,IN,3.399,41.12811,-84.85051,gazetteer
458,HAPPY HILLS GAS & COFFEE,I-29 EXIT 110,Rock Port,MO,3.399,40.41091,-95.53309,gazetteer
460,TRUCK STOP 44,I-20 EXIT 44,Gilbert,SC,3.079,33.92411,-81.39104,gazetteer
461,SPINX #271,"I-26, EXIT 145 & US-601",Orangeburg,SC,3.262,33.49360,-80.86688,gazetteer
469,LOAF N JUG #750010,US-160 & SR-17,Alamosa,CO,3.259,37.47453,-105.87696,gazetteer
474,KEWANEE 1 STOP,"I-20, EXIT 169 & US-80",Toomsuba,MS,3.299,32.43028,-88.50709,gazetteer
478,GASTRAK OF PEMBINA,"I-29, EXIT 215",Pembina,ND,3.299,48.96709,-97.24686,gazetteer
483,ALLSUPS #2387,US-54/SR-136/SR-3 & US-64,Guymon,OK,2.976,36.69010,-101.47705,gazetteer
486,LA NORIA CONV STORES,"I-35 N, EXIT 4",Laredo,TX,3.299,27.56038,-99.48918,gazetteer
489,EDDIES CORNER,US-87 & US-191,Moore,MT,3.749,46.97496,-109.69511,gazetteer
491,One9 #403,"I-75, EXIT 117",Heiskell,TN,2.999,36.08175,-84.05380,gazetteer
522,GO MART FOOD STORE #57,"I-70 & ST-285, EXIT 186",Lore City,OH,3.179,39.98320,-81.46008,gazetteer
523,CIRCLE K #2723322,"I-985, EXIT 20 & SR-60",Gainesville,GA,3.266,34.29010,-83.82911,gazetteer
525,FASTBREAK,US-45 ALT,West Point,MS,3.059,33.60624,-88.65757,gazetteer
546,PLAZA 30,US-30,Wanatah,IN,3.499,41.43056,-86.89235,gazetteer
559,SHELL MORGAN ROAD TRUCK STOP,"I-40, EXIT 142",Maumelle,AR,3.207,34.85234,-92.40000,gazetteer
566,TA GARY TRAVEL CENTER,"I-80/I-94, EXIT 6",Gary,IN,3.831,41.59074,-87.34711,gazetteer
567,TA ELOY TRAVEL CENTER,"I-10 & I-8, EXIT 203",Eloy,AZ,3.459,32.74126,-111.59401,gazetteer
572,PILOT TRAVEL CENTER #881,"I-69, EXIT 309A",Fort Wayne,IN,3.879,41.08819,-85.14279,gazetteer
576,PETRO STOPPING CENTER #343,"I-10, EXIT 76",Egan,LA,3.624,30.24552,-92.51159,gazetteer
578,LOVES TRAVEL STOP #449,"I-84, EXIT 17",Troutdale,OR,3.779,45.53922,-122.39267,gazetteer
586,AMERISTAR TRAVEL PLAZA #120,"I-82, EXIT 80",Prosser,WA,4.399,46.20902,-119.76775,gazetteer
591,TA Concordia Travel Plaza,"I-70, EXIT 58 & SR-23",Concordia,MO,3.226,38.98751,-93.56923,gazetteer
602,JIFFY MART EXIT 18 TRUCK STOP,"I-89/SR-120, EXIT 18 & SR-120",Lebanon,NH,3.599,43.63543,-72.25384,gazetteer
614,TA MAYBROOK TRAVEL CENTER,"I-84, EXIT 5",Montgomery,NY,4.359,41.52127,-74.23866,gazetteer
628,KWIK FILL #227,"I-90,  EXIT 218",Geneva,OH,3.152,41.80075,-80.94625,gazetteer
636,UNION 76,"I-5, EXIT 233 E",Albany,OR,3.379,44.62693,-123.09674,gazetteer
651,ONE9 #1366,"I-40, EXIT 126 & US-641",Holladay,TN,2.986,35.87195,-88.14494,gazetteer
652,TA KNOXVILLE EAST TRAVEL CENTER,"I-40 & I-75, EXIT 374",Knoxville,TN,3.426,35.97068,-83.94927,gazetteer
669,PETRO STOPPING CENTER #350,"I-10,  EXIT 4",Canutillo,TX,3.499,31.91849,-106.60106,gazetteer
672,CROWN POINT TRUCK STOP,"I-295/US-130,EXIT 22",Thorofare,NJ,3.549,39.85473,-75.19868,gazetteer
680,TA EXPRESS SUMMIT,"I-29, EXIT 207 & US-12",Summit,SD,3.206,45.30557,-97.03911,gazetteer
684,7-ELEVEN #35101,"I-86/SR-17, EXIT 16",Randolph,NY,4.499,42.16229,-78.97969,gazetteer
689,FLYING EAGLE,"I-235, EXIT 4",Wichita,KS,3.499,37.69064,-97.34584,gazetteer
692,BP,US-63,Ottumwa,IA,3.399,41.02225,-92.42326,gazetteer
739,Arco #364420,US-23,Greenup,KY,3.649,38.56650,-82.82362,gazetteer
748,QUIKTRIP #4231,US-85,Evans,CO,3.172,40.35016,-104.74836,gazetteer
769,AYERCO #26,US-61/US-136,Alexandria,MO,3.016,40.35989,-91.45939,gazetteer
815,Kwik Trip #1508,"US-18/SR-151, EXIT 58",Barneveld,WI,3.489,43.01221,-89.89817,gazetteer
855,SPEEDWAY #7459,US-41 & SR-137,North Chicago,IL,3.289,42.31670,-87.85920,gazetteer
863,Ocean Fuel,US-301/SR-73,Sylvania,GA,3.499,32.74723,-81.64069,gazetteer
906,PILOT TRAVEL CENTERS #429,"I-40, EXIT 280",West Memphis,AR,3.291,35.14955,-90.19927,gazetteer
908,CIRCLE K #2704888,"I-65, EXIT 246 & SR-119",Pelham,AL,3.466,33.32183,-86.74220,gazetteer
912,PETRO STOPPING CENTER #319,"I-20/59,  EXIT 100",Mc Calla,AL,3.126,33.30311,-87.02666,gazetteer
936,CASEYS #4254,"I-40, EXIT 129",Conway,AR,3.032,35.07440,-92.46700,gazetteer
970,CIRCLE K #2702885,"I-17/SR-60, EXIT 199A",Phoenix,AZ,3.392,33.57215,-112.09013,gazetteer
981,STINKER #85,"I-15, EXIT 93",Blackfoot,ID,3.532,43.19459,-112.34681,gazetteer
982,CIRCLE K #2701948,"I-8, EXIT 7 & SR-195",Yuma,AZ,3.566,32.51629,-114.52178,gazetteer
1028,FOUR STATES TRUCK STOP,"I-495, EXIT 4 & SR-9",New Castle,DE,3.399,39.67002,-75.56652,gazetteer
1042,Union 76,US-441 & SR-100A,Lake City,FL,3.562,30.18864,-82.64225,gazetteer
1043,ONE9 #1401,I-75 EXIT 414  & US-41,Lake City,FL,3.244,30.18864,-82.64225,gazetteer
1047,TA MARIANNA TRAVEL CENTER,"I-10/SR-8, EXIT 142 & SR-71",Marianna,FL,3.607,30.76144,-85.25626,gazetteer
1075,PILOT TRAVEL CENTER #68,"I-16 /SR-404, EXIT 51 & US-441",Dublin,GA,3.399,32.53547,-82.92881,gazetteer
1106,CIRCLE K #2705367,"I-20, EXIT 172",Thomson,GA,3.399,33.46927,-82.49512,gazetteer
1112,BC AMPRIDE TRUCK PLAZA,US-59/SR-141,Denison,IA,3.399,42.01589,-95.35240,gazetteer
1115,KWIK STAR #704,SR-57/SR-14,Parkersburg,IA,3.582,42.57385,-92.77845,gazetteer
1121,TRAVELERS OASIS,"I-84, EXIT 182",Eden,ID,3.799,42.60531,-114.20909,gazetteer
1128,TA CHICAGO NORTH TRAVEL CENTER,"I-94/US-41, EXIT 1",Wadsworth,IL,3.769,42.45069,-87.92515,gazetteer
1132,SPEEDWAY #7423,"I-57, EXIT 83",Ina,IL,3.249,38.14990,-88.90402,gazetteer
1140,CIRCLE K #4701398,"I-55, EXIT 82 & SR-104",Divernon,IL,3.499,39.57043,-89.65364,gazetteer
1149,PILOT TRAVEL CENTER #30,"I-70, EXIT 96",Greenfield,IN,3.959,39.79328,-85.77255,gazetteer
1151,SPEEDWAY #8061,"I-70, EXIT 115 & SR-109",Knightstown,IN,3.759,39.79554,-85.53081,gazetteer
1154,CIRCLE K #2704691,SR-71 & CR-214,Cedar Creek,TX,3.199,30.08234,-97.51112,gazetteer
1156,CIRCLE K #4700028,"I-74/US-421, EXIT 116 & SR-44",Shelbyville,IN,3.599,39.54528,-85.77950,gazetteer
1157,One9 #297,"I-70, EXIT 11 & SR-46",Terre Haute,IN,3.436,39.46415,-87.37604,gazetteer
1158,PILOT TRAVEL CENTERS #36,US-30  & SR-49,Valparaiso,IN,3.859,41.47981,-87.05227,gazetteer
1163,SHORT STOP #13,US-54,Emporia,KS,2.839,38.40186,-96.19165,gazetteer
1176,PILOT TRAVEL CENTERS #353,"I-75, EXIT 129",Georgetown,KY,3.206,38.26018,-84.53492,gazetteer
1196,SOUTHERN BELLE TRUCK STOP,US-61 & SR-964,Saint Francisville,LA,3.384,30.78423,-91.37642,gazetteer
1199,ALLTOWN MARKETS #306,"I-190, EXIT 7",Leominster,MA,3.682,42.52088,-71.77061,gazetteer
1202,ONE9 #290,"I-95, EXIT 93 & SR-222",Perryville,MD,3.599,39.57297,-76.06492,gazetteer
1208,D AVENUE FUEL PLAZA,US-131,Kalamazoo,MI,3.099,42.27516,-85.58850,gazetteer
1210,ROADHAWK TRAVEL CENTER,"I-94, EXIT 56 & SR-51",Paw Paw,MI,3.559,42.21424,-85.89218,gazetteer
1217,KWIK TRIP #250,"I-90, EXIT 179",Austin,MN,3.374,43.67210,-92.97786,gazetteer
1218,CASEYS #3658,SR-210,Pillager,MN,3.299,46.33062,-94.47735,gazetteer
1225,AYERCO #35,US-61 & US-61 BUS,Bowling Green,MO,3.016,39.34477,-91.20249,gazetteer
1234,Lamar Travel Plaza,US-71 & US-160,Lamar,MO,3.199,37.49392,-94.27843,gazetteer
1236,AYERCO #44,US-36 & US-24,Palmyra,MO,3.016,39.79778,-91.52652,gazetteer
1240,TEMP STOP #103,US-65,Sedalia,MO,3.199,38.70524,-93.23582,gazetteer
1247,SNAPPY MART #11,US-63 & SR-14,West Plains,MO,3.299,36.73743,-91.86796,gazetteer
1251,MAPCO #3009,US-72,Corinth,MS,3.154,34.94835,-88.51362,gazetteer
1256,DOUBLE QUICK #89,US-82/US-278,Greenville,MS,3.256,33.38346,-91.05231,gazetteer
1265,JOE JOES TRAVEL CENTER,US-78 & RED BANKS RD S,Red Banks,MS,2.972,34.83469,-89.56341,gazetteer
1304,LOVES TRAVEL STOP #667,"I-85, EXIT 152",Mebane,NC,3.947,36.08168,-79.27674,gazetteer
1315,CIRCLE K #2720218,US-421 BUS & US-15/US-501/US-1,Sanford,NC,3.082,35.49378,-79.17646,gazetteer
1325,SCOTCHMAN #3303,US-421 & US-74,Wilmington,NC,3.629,34.20923,-77.88577,gazetteer
1326,SPEEDWAY #7949,US-301/US-264 ALT & CR-1674,Wilson,NC,3.199,35.73149,-77.93075,gazetteer
1333,PUMP & PANTRY #15,US-30,Grand Island,NE,3.307,40.92135,-98.35856,gazetteer
1340,BORDENTOWN VALERO,"NJ TNPK, EXIT 7 & US-206",Bordentown,NJ,3.499,40.14969,-74.70768,gazetteer
1342,Delta,"I-80, EXIT 47B",Fairfield,NJ,3.202,40.88371,-74.30598,gazetteer
1344,BOLLA TRUCK STOP #193,US-202 & SR-17,Mahwah,NJ,3.532,41.08871,-74.14376,gazetteer
1348,GLOBAL,SR-73,Palmyra,NJ,3.359,40.00310,-75.03589,gazetteer
1356,LOVES TRAVEL STOP #257,"I-40 & HORIZON, EXIT 79",Milan,NM,3.591,35.19678,-107.89237,gazetteer
1364,7- ELEVEN #40507,"I-80/I-90, MM 56 WB",Rolling Prairie,IN,3.982,41.67447,-86.61990,gazetteer
1372,PILOT TRAVEL CENTER #469,"I-77, EXIT 101 & SR-627",Canton,OH,3.622,40.80765,-81.36723,gazetteer
1376,FUEL MART #782,"I-75, EXIT 118",Lima,OH,3.086,40.74068,-84.11209,gazetteer
1379,TA LODI TRAVEL CENTER,"I-71, EXIT 209 & I-76/US-224, EXIT 1",Seville,OH,3.739,41.02073,-81.86714,gazetteer
1384,SUNOCO,"I-80/I-90, EXIT 13 & US-20ALT/SR-15",Montpelier,OH,3.416,41.58425,-84.59157,gazetteer
1391,ONCUE EXPRESS #2045,"I-35, EXIT 203 & SR-15",Billings,OK,3.216,36.53760,-97.44175,gazetteer
1395,DOMINO FOOD AND FUEL #1,"I-40, EXIT 66",Clinton,OK,3.099,35.50710,-98.97050,gazetteer
1404,ONE9 #339,"I-74, EXIT 4 & SR-63",Covington,IN,3.262,40.14147,-87.39060,gazetteer
1414,SAC SHOP #507,"I-70, EXIT 12/161",Breezewood,PA,4.099,39.99925,-78.23862,gazetteer
1424,GETTYSBURG TRAVEL PLAZA,US-15 & SR-394,Gettysburg,PA,3.899,39.83060,-77.23415,gazetteer
1428,CIRCLE K #4702408,"I-65, EXIT 168 & SR-38/SR-25",Lafayette,IN,3.432,40.39941,-86.86281,gazetteer
1432,KWIK FILL #259,"I-81, EXIT 57",Mechanicsburg,PA,4.049,40.21140,-77.00593,gazetteer
1444,PILOT TRAVEL CENTERS #346,"I-20, EXIT 92 & US-601",Lugoff,SC,3.432,34.21195,-80.69760,gazetteer
1445,PILOT TRAVEL CENTERS #402,"I-80, EXIT 367",Cheyenne,WY,3.709,41.12870,-104.79078,gazetteer
1447,HOT SPOT #3005,US-221,Chesnee,SC,3.199,35.14625,-81.86298,gazetteer
1453,EXPRESS STOP,US-278/SR-101/SR-6 & SR-113,Rockmart,GA,3.319,34.00831,-85.04498,gazetteer
1455,PETRO FLORENCE,"I-95, EXIT 169",Florence,SC,3.326,34.17892,-79.79222,gazetteer
1461,CIRCLE K #2705370,"I-26, EXIT 15 & US-176",Inman,SC,3.099,35.04579,-82.08849,gazetteer
1464,CIRCLE K #2723254,"I-20, EXIT 55 & SR-6",Lexington,SC,3.199,33.99288,-81.22180,gazetteer
1470,CIRCLE K #2705348,US-1,Beech Island,SC,3.159,33.42860,-81.89032,gazetteer
1479,TA SPARTANBURG TRAVEL CENTER,"I-85, EXIT 63 & SR-290",Duncan,SC,3.432,34.93243,-82.14369,gazetteer
1487,ROADRUNNER MARKET #6019,"I-81, EXIT 36 NORTH",Greeneville,TN,3.499,36.16802,-82.81967,gazetteer
1492,MAPCO #3538,"I-24, EXIT 174",Chattanooga,TN,2.899,35.06596,-85.24839,gazetteer
1516,LOVES TRAVEL STOP #261,I-27 EXIT 116,Amarillo,TX,3.232,35.19806,-101.83311,gazetteer
1531,CircleK #4702365,"I-74, EXIT 112 & SR-9",Shelbyville,IN,3.509,39.54528,-85.77950,gazetteer
1533,YESWAY #1157,US-62,Brownfield,TX,2.992,33.17551,-102.27343,gazetteer
1546,SHELL,"I-35, EXIT 86 & SR-85",Dilley,TX,3.099,28.66752,-99.17646,gazetteer
1552,STRIPES #40911,US-59 & SR-16,Freer,TX,3.099,27.88218,-98.61738,gazetteer
1555,SEIBERT TRAVEL PLAZA,"I-70, EXIT 405 & SR-59",Seibert,CO,3.499,39.29797,-102.86952,gazetteer
1560,CATTREZ,US-20 & SR-5,Irving,NY,2.899,42.56756,-79.11282,gazetteer
1562,I MART #108,"I-40, EXIT 108",Wildersville,TN,3.099,35.77665,-88.35614,gazetteer
1567,KUM & GO #4110,"I-235, EXIT 11",Des Moines,IA,3.027,41.57259,-93.61024,gazetteer
1579,FLYING J TRAVEL PLAZA #924- TOWN PUMP,"I-15, EXIT 122 & I-90 MM220",Butte,MT,3.566,46.00382,-112.53474,gazetteer
1582,LOVES TRAVEL STOP #250,I-40 EXIT 60,Amarillo,TX,3.314,35.19806,-101.83311,gazetteer
1585,Stripes 7Fleet #42498,US-385 & CR-1910,Andrews,TX,3.369,32.32134,-102.55185,gazetteer
1590,ROAD RANGER #240,"I-80 & I-94, EXIT 15-A",Lake Station,IN,3.559,41.57673,-87.25288,gazetteer
1596,FLYING J #305,"I-40, EXIT 39",Jamestown,NM,3.442,35.46930,-108.43955,gazetteer
1597,7-ELEVEN #36156,"I-70 & SR-519, EXIT 25/333",Eighty Four,PA,4.999,40.17770,-80.13030,gazetteer
1599,ONVO TRAVEL PLAZA,"I-81, EXIT 10",Mc Graw,NY,3.439,42.59376,-76.09750,gazetteer
1602,CIRCLE K #2723387,US-98,Beaumont,MS,3.566,31.16754,-88.92836,gazetteer
1606,DONNAS TRAVEL PLAZA,"I-5, EXIT 202",Marysville,WA,4.559,48.08021,-122.15431,gazetteer
1618,GO MART FOOD STORE #33,US-33,Ripley,WV,3.499,38.82162,-81.70931,gazetteer
1622,RACEWAY #6973,US-380 & SR-114/SR-101,Bridgeport,TX,2.782,33.21045,-97.77247,gazetteer
1625,PILOT TRAVEL CENTERS #60,"I-26, EXIT 159",Bowman,SC,3.432,33.34830,-80.68429,gazetteer
1632,PILOT TRAVEL CENTERS #266,"I-10, EXIT 139 & SR-292",Las Cruces,NM,3.191,32.32644,-106.78969,gazetteer
1633,7-ELEVEN #36302,"I-35, EXIT 144",Von Ormy,TX,3.109,29.27739,-98.65737,gazetteer
1646,SPEEDWAY #8310,US-6  & US-31,Plymouth,IN,3.609,41.34877,-86.31934,gazetteer
1647,SPEEDWAY #8305,US-41 & SR-312,Hammond,IN,3.766,41.61874,-87.49495,gazetteer
1653,ROAD RANGER #187,"I-55, EXIT 289",Chicago,IL,3.569,41.83705,-87.68494,gazetteer
1654,CEFCO #3,US-77/US190/SR-36,Cameron,TX,2.989,30.86077,-96.97620,gazetteer
1661,CHEVRON,"I-20, EXIT 101 & SR-151",Calhoun,LA,3.159,32.51531,-92.35393,gazetteer
1669,BETTY BEAVERS TRUCKSTOP,"I-90, EXIT 28",Fultonville,NY,3.149,42.94623,-74.36978,gazetteer
1670,Petro Stopping Center #54,"I-44, EXIT 4 & SR-3",Joplin,MO,3.449,37.07522,-94.50126,gazetteer
1671,LOVES TRAVEL STOP #412,"I-95, EXIT 77",Dunn,NC,3.699,35.31164,-78.61296,gazetteer
1672,HANA TRAVEL PLAZA,"I-40,  EXIT 77",Amarillo,TX,2.899,35.19806,-101.83311,gazetteer
1699,ALLENS FOOD MART280,US-280/US-231/SR-53/SR-38 & CR-8/CR-34,Sylacauga,AL,3.799,33.18867,-86.27480,gazetteer
1700,TOPPS FUEL STOPS,US-259/SR-49,Daingerfield,TX,3.109,33.03049,-94.72588,gazetteer
1720,TOOT N TOTUM #120,US-54 & S WESTERN AVE,Liberal,KS,3.016,37.04611,-100.92771,gazetteer
1753,PWI #169,"I-35/US-77, EXIT 359 & CR-1304",Abbott,TX,2.899,31.88514,-97.07411,gazetteer
1773,M-46 AUTO TRUCK PLAZA,"US-131, EXIT 120 & SR-46",Howard City,MI,3.099,43.39327,-85.46611,gazetteer
1791,PILOT TRAVEL CENTERS #257,"I-20, EXIT 126 & FM-1788",Midland,TX,3.566,32.02464,-102.11347,gazetteer
1807,LOVES TRAVEL STOP #229,I-40 EXIT 96 & SR-207,Panhandle,TX,3.314,35.34630,-101.38051,gazetteer
1810,KENT KWIK #804,US-83,Perryton,TX,2.999,36.39287,-100.79766,gazetteer
1829,PILOT TRAVEL CENTERS #96,"SR- 60 & FL TURNPIKE, EXIT 193",Okeechobee,FL,3.699,27.24161,-80.82931,gazetteer
1832,CORNER FUEL CENTER,US-49,Hattiesburg,MS,3.299,31.30730,-89.31743,gazetteer
1849,Stripes #42457,US-67/US-277,San Angelo,TX,3.244,31.44108,-100.45050,gazetteer
1855,EXIT 76 AUTO TRUCK PLAZA,US-131,Byron Center,MI,3.499,42.80946,-85.72637,gazetteer
1858,FLYING J TRAVEL PLAZA #737,"I-10, EXIT 583",San Antonio,TX,3.224,29.46281,-98.52464,gazetteer
1859,GO MART FOOD STORE #44,"I-79, EXIT 67 & US-19/SR-4",Sutton,WV,3.559,38.66777,-80.71346,gazetteer
1860,MR FUEL #278,"I-75/71, EXIT 175 & SR-338",Walton,KY,3.019,38.86243,-84.61504,gazetteer
1861,PETRO STOPPING CENTER #315,"I-40, EXIT 66",Kingman,AZ,3.899,35.21699,-114.01053,gazetteer
1866,PRI MART FUEL CENTER,"I-94, EXIT 29",Benton Harbor,MI,3.499,42.11350,-86.44725,gazetteer
1873,JDS TRUCKSTOP,"US-12 & US-31, EXIT 3",Niles,MI,3.749,41.83454,-86.24785,gazetteer
1874,CIRCLE K #2744529,US-175,Seagoville,TX,2.951,32.65338,-96.54506,gazetteer
1879,HOLIDAY STATIONSTORE #3552,"I-35, EXIT 81 & SR-70",Lakeville,MN,3.549,44.67613,-93.25174,gazetteer
1888,STRIPES 7FLEET #42449,US-87,Sterling City,TX,3.281,31.83918,-100.98588,gazetteer
1893,MIKE MCDONALD TRUCK STOP,"I-20, EXIT 509",Terrell,TX,2.871,32.72583,-96.29800,gazetteer
1894,CIRCLE K #2741544,"I-37 & SR-72, EXIT 69",Three Rivers,TX,3.066,28.46685,-98.17795,gazetteer
1897,YESWAY #1077,"I-20/US-84, EXIT 278",Tye,TX,2.876,32.45222,-99.86654,gazetteer
1905,LUCKY TRUCK STOP,US-82,Whitesboro,TX,2.886,33.65958,-96.90369,gazetteer
1909,RALLYSTOP #1,"I-15, EXIT 62",Cedar City,UT,3.459,37.68382,-113.09554,gazetteer
1921,BELL TRUCK STOP,"I-80, EXIT 146",Park City,UT,3.452,40.65733,-111.49376,gazetteer
1923,SCENIC QUIK STOP,"I-70, EXIT 54 & US-89",Salina,UT,3.459,38.93884,-111.86521,gazetteer
1930,CASEYS #3058,"I-35, EXIT 19 & US-160 E",Wellington,KS,3.299,37.27811,-97.40667,gazetteer
1931,RBS ONE STOP,"I-15, EXIT 320",Woods Cross,UT,3.459,40.87319,-111.91777,gazetteer
1934,CIRCLE K #2723710,"I-77, EXIT 24",Austinville,VA,3.241,36.85102,-80.91451,gazetteer
1936,QUICK STOP MARKET #36,"I-81, EXIT 10 & US-11",Bristol,VA,3.399,36.61695,-82.15756,gazetteer
1940,7-ELEVEN #40063,"I-81, EXIT 98 & SR-100",Dublin,VA,3.199,37.10550,-80.68970,gazetteer
1944,LOVES TRAVEL STOPS #399,"I-77, EXIT 1 & SR-620",Lambsburg,VA,3.589,36.58541,-80.76118,gazetteer
1950,7-ELEVEN #34515,"I-81, EXIT 205",King George,VA,3.399,38.27944,-77.18431,gazetteer
1951,CIRCLE K #2723713,"I-81, EXIT 205",Staunton,VA,3.386,38.15798,-79.06188,gazetteer
1953,FAS MART #3555,"I-64, EXIT 136 & US-15",Gordonsville,VA,3.699,38.13555,-78.18741,gazetteer
1954,Joe's Kwik Mart #8409,US-58 & CR-645,Suffolk,VA,3.032,36.69716,-76.63478,gazetteer
1956,PILOT TRAVEL CENTER #4642,"I-81, EXIT 291",Toms Brook,VA,3.659,38.94654,-78.44005,gazetteer
1958,SPEEDWAY #4618,"I-81 & I-77, EXIT 77",Wytheville,VA,3.412,36.95338,-81.08844,gazetteer
1960,MAPLEWOOD IRVING,"I-89, EXIT 7",Montpelier,VT,3.699,44.26645,-72.57152,gazetteer
1962,SUPER QUIK,"I-64, EXIT 172 & SR-1/SR-7",Grayson,KY,3.799,38.33389,-82.93581,gazetteer
1976,One9 #963,"I-90, EXIT 276",Spokane,WA,3.959,47.66694,-117.43332,gazetteer
1977,GEE CEES TRUCK STOP,"I-5, EXIT 57",Toledo,WA,3.839,46.44472,-122.85223,gazetteer
1983,KWIK TRIP #427,"US-53, EXIT 110 & SR-40",Bloomer,WI,3.416,45.10283,-91.49154,gazetteer
1985,Camp Douglas BP,"I-90 & I-94, EXIT 55",Camp Douglas,WI,3.154,43.91972,-90.26970,gazetteer
2000,RIVER CITY TRAVEL PLAZA,US-41,Marinette,WI,3.399,45.08679,-87.63244,gazetteer
2002,KWIK TRIP #222,US-53/US-2,Superior,WI,3.339,46.69212,-92.08036,gazetteer
2009,KWIK TRIP #139,"I-43, EXIT 120 & CR-V/CR-OK",Sheboygan,WI,3.291,43.73871,-87.73153,gazetteer
2020,BFS FOODS #72,"I-68, EXIT 23 & SR-26",Bruceton Mills,WV,3.499,39.65940,-79.64061,gazetteer
2021,GO MART FOOD STORE #59,"I-64, EXIT 15 & US-60",Huntington,WV,3.499,38.41065,-82.43469,gazetteer
2022,GO MART FOOD STORE #86,"I-79, EXIT 40 & SR-16",Ivydale,WV,3.599,38.53565,-81.03483,gazetteer
2029,HOMAX SERVICE,"I-25, EXIT 188",Mills,WY,3.169,42.84988,-106.39083,gazetteer
2030,GHOST TOWN FUEL STOP,US-26/US-20,Casper,WY,3.429,42.84212,-106.32128,gazetteer
2034,TA CHEYENNE TRAVEL CENTER,"I-80, EXIT 377 & SR-217/CR-140",Cheyenne,WY,3.699,41.12870,-104.79078,gazetteer
2040,Fast Stop Travel Centers #1133,"I-25, EXIT 126 & US-18/20",Douglas,WY,3.499,42.75477,-105.39780,gazetteer
2041,PINE BLUFFS SINCLAIR,"I-80, EXIT 401 & US-30",Pine Bluffs,WY,3.699,41.18021,-104.07478,gazetteer
2044,One9 #1251,"I-80, EXIT 173",Wamsutter,WY,3.499,41.66798,-107.97914,gazetteer
2074,STRIPES #40522,"I-10, EXIT 550",San Antonio,TX,3.059,29.46281,-98.52464,gazetteer
2076,ALLSUPS CONVENIENCE STORE #2159,US-283 BUS/US-277 BUS & SR-422,Seymour,TX,3.299,33.59523,-99.25847,gazetteer
2078,ALLSUPS CONVENIENCE STORE #2366,US-84 & CR-3300,Slaton,TX,2.969,33.44547,-101.65092,gazetteer
2084,Main Street Market #112,"I-20, EXIT 73",Wickett,TX,2.879,31.56733,-103.00595,gazetteer
2087,LWS TRUCK STOP,SR-30,Logan,UT,3.426,41.74026,-111.84176,gazetteer
2088,FLYING J TRAVEL PLAZA #773,"I-70, EXIT 40",Richfield,UT,3.699,38.76131,-112.09286,gazetteer
2089,FLYING J TRAVEL PLAZA #774,"I-84, EXIT 7",Snowville,UT,3.749,41.97282,-112.71641,gazetteer
2115,KWIK TRIP #838,SR-23/SR-33,Reedsburg,WI,3.194,43.53505,-89.99551,gazetteer
2125,BIG D #44,"I-80, EXIT 311 & SR-130",Laramie,WY,3.249,41.30595,-105.60864,gazetteer
2144,Mountain View Truck Stop,US-15,Thurmont,MD,4.099,39.61998,-77.40770,gazetteer
2152,SPEEDWAY #4709,"I-90, EXIT 102",Fairmont,MN,3.299,43.64479,-94.46402,gazetteer
2167,PILOT TRAVEL CENTERS #134,"I-94, EXIT 171 (CR 75)",Saint Cloud,MN,3.287,45.52666,-94.17101,gazetteer
2182,PILOT TRAVEL CENTER #4649,"I-64 & I-81, EXIT 205",Raphine,VA,3.659,37.93735,-79.23281,gazetteer
2192,GO MART FOOD STORE #51,US-19/SR-129,Mount Nebo,WV,3.599,38.20011,-80.85121,gazetteer
2194,A AND A TRUCKSTOP,US-35 & CR-41,Jackson,OH,3.799,39.04446,-82.64466,gazetteer
2196,Certified Oil #400410,I-76 EXIT 43,Ravenna,OH,3.316,41.16157,-81.24206,gazetteer
2204,NATURAL BRIDGE SHELL,US-278 & SR-5,Lynn,AL,3.682,34.05759,-87.54864,gazetteer
2209,Roadrunner #471,"I-40/US-65, EXIT 142 & SR-365",North Little Rock,AR,3.032,34.78175,-92.23506,gazetteer
2219,PILOT TRAVEL CENTER #66,"I-85, EXIT 129",Braselton,GA,3.272,34.10762,-83.81291,gazetteer
2223,PO JOS GAS N GO,"I-16 SR-404, EXIT 116 & US-301/SR-73",Register,GA,3.232,32.36453,-81.88049,gazetteer
2227,SPEEDWAY #7448,SR-59,Naperville,IL,3.299,41.74917,-88.16202,gazetteer
2231,QUIKTRIP #605,"I-270, EXIT 33",Saint Louis,MO,2.899,38.63570,-90.24458,gazetteer
2255,S&G #36,"I-280, EXIT 2 & SR-795",Millbury,OH,3.492,41.56473,-83.42552,gazetteer
2267,Circle K #4703917,"I-65, EXIT 112 & SR-25",Cross Plains,TN,2.949,36.54125,-86.67664,gazetteer
2283,CIRCLE K #2707321,SR-60,Bartow,FL,3.522,27.88680,-81.82176,gazetteer
2287,SAC SHOP #511,"I-76/I-70, EXIT 146 & I-99/US-220 EXIT 1",Bedford,PA,4.099,40.01512,-78.50302,gazetteer
2306,SCOTCHMAN #3894,"I-77, EXIT 73 & SR-901",Rock Hill,SC,3.079,34.93822,-81.01918,gazetteer
2310,MAPCO #3686,"I-24, EXIT 175",Chattanooga,TN,2.889,35.06596,-85.24839,gazetteer
2311,SHELL,"I-24 & EPPS MILL RD, EXIT 89",Christiana,TN,3.132,35.71927,-86.41292,gazetteer
2331,PINNERS POINT,SR-135,Portsmouth,VA,3.499,36.85934,-76.35697,gazetteer
2336,FLYING J TRAVEL PLAZA #754,"I-77 & I-81, EXIT 77",Wytheville,VA,3.549,36.95338,-81.08844,gazetteer
2340,RSTORE #4478,SR-8 & SR-13,Prentice,WI,3.039,45.54122,-90.29281,gazetteer
2557,PWI #106,"I-30, EXIT 77B",Royse City,TX,2.899,32.97593,-96.31466,gazetteer
2602,PILOT TRAVEL CENTERS #9,"I-75, EXIT 36",Franklin,OH,3.352,39.55495,-84.29573,gazetteer
2623,TA JANESVILLE TRAVEL CENTER,"I-90/I-39, EXIT 171B & US-14",Janesville,WI,3.299,42.68470,-89.01317,gazetteer
2626,WEST END SINCLAIR,"I-80, EXIT 211",Rawlins,WY,3.319,41.78513,-107.22465,gazetteer
2629,PILOT TRAVEL CENTERS #253,"I-295 & NJ TRNPK,  EXIT 2B",Penns Grove,NJ,3.989,39.72770,-75.46904,gazetteer
2635,FLYING J #584,"I-5, EXIT 278",Aurora,OR,3.859,45.22832,-122.75723,gazetteer
2638,PIT STOP TRAVEL CENTER,US-789,Riverton,WY,4.399,43.02626,-108.38130,gazetteer
2640,LITTLE NASHVILLE,"I-64, EXIT 50 & SR-127",Nashville,IL,3.299,38.35362,-89.37799,gazetteer
2644,FREDERICKS TRAVEL CENTER,"I-25/US-87, EXIT 235 & SR-52",Erie,CO,3.499,40.04029,-105.03831,gazetteer
2756,PAR MAR FOOD STORE #89,"I-77/SR-2, EXIT 170 & SR-14 E",Mineral Wells,WV,3.499,39.17800,-81.51207,gazetteer
2761,PONY EXPRESS SERVICE CENTER,US-36 & SR-148,Hanover,KS,2.956,39.89317,-96.87507,gazetteer
2764,LOVES TRAVEL STOP #046,US-64/54 & SR-94,Hooker,OK,3.562,36.86136,-101.21626,gazetteer
2772,PILOT TRAVEL CENTERS #29,"I- 80, EXIT 144; I-69, EXIT 357",Fremont,IN,3.899,41.72762,-84.93886,gazetteer
2779,Stinker #121,I-84 & EXIT 208,Heyburn,ID,3.561,42.55998,-113.76207,gazetteer
2788,JIFFY MART #451,"I-91, EXIT 17 & SR-302",Wells River,VT,3.569,44.15648,-72.06798,gazetteer
2805,Fast Stop Travel Centers #1145,"I-15,  EXIT 31",Downey,ID,3.799,42.42892,-112.12332,gazetteer
2807,SUDDEN SERVICE #25,"I-24, EXIT 11",Clarksville,TN,3.307,36.56643,-87.34522,gazetteer
2811,KWIK FILL #22,"I-90, EXIT 40 & SR-34/SR-31",Weedsport,NY,3.899,43.04812,-76.56361,gazetteer
2817,Chevron #382354,"I-5/US-12, EXIT 72",Chehalis,WA,4.299,46.66418,-122.96542,gazetteer
2848,TA TONOPAH TRAVEL CENTER,"I-10, EXIT 103",Tonopah,AZ,3.939,33.48799,-112.93081,gazetteer
2851,SPEEDWAY #2958,"I-8, EXIT 12",Yuma,AZ,3.479,32.51629,-114.52178,gazetteer
2862,TA TALLULAH TRAVEL CENTER,"I-20, EXIT 171 & US-65",Tallulah,LA,3.209,32.40670,-91.19170,gazetteer
2864,KUM & GO #0493,I-49 BUS/SR-59,Neosho,MO,3.059,36.84546,-94.37644,gazetteer
2875,CIRCLE K #2744138,"I-25, EXIT 101 & US-50/SR-47",Pueblo,CO,3.399,38.26923,-104.61082,gazetteer
2883,PILOT TRAVEL CENTER #293,"I-75, EXIT 341 & CR-484",Ocala,FL,3.359,29.17751,-82.15103,gazetteer
2885,SP Truckstop & Travel Center,US-84/SR-38,Bainbridge,GA,3.599,30.90621,-84.57265,gazetteer
2889,MOULTON COWBOYS,SR-157,Moulton,AL,3.099,34.48830,-87.28271,gazetteer
2891,PETRO STOPPING CENTER #338,"I-80, EXIT 21",Sparks,NV,3.949,39.57434,-119.71515,gazetteer
2895,EAGLE TRUCK STOP,I-77 EXIT 81,New Philadelphia,OH,3.316,40.48648,-81.44015,gazetteer
2896,NORTH LEWISTON DYNAMART,US-12 & SR 128,Lewiston,ID,3.669,46.39313,-116.99347,gazetteer
2897,GAS N GO #15,"I-80, EXIT 41",Lyman,WY,3.466,41.32754,-110.29745,gazetteer
2910,FLYING J TRAVEL PLAZA #685,"I-29 & I- 94, EXIT 349",Fargo,ND,3.569,46.86470,-96.82908,gazetteer
2913,ONE9#226,"I-40, EXIT 417 & SR-92",Dandridge,TN,3.259,36.03012,-83.42983,gazetteer
2915,TP TRUCK STOP,"I-15, EXIT 80",Fort Hall,ID,3.519,43.01455,-112.45787,gazetteer
2917,GOLDYS TRUCK PLAZA,US-29,Rustburg,VA,3.519,37.27219,-79.10010,gazetteer
2922,LOVES TRAVEL STOP #210,"I-40, EXIT 158",Albuquerque,NM,3.521,35.10478,-106.64681,gazetteer
2924,HWY 190 FUEL STOP,US-190,Jasper,TX,3.132,30.92268,-93.99325,gazetteer
2926,EXIT 77 TRAVEL PLAZA,"I-81, EXIT 77 & SR-39",Harrisburg,PA,3.499,40.27589,-76.88502,gazetteer
2929,TA EXPRESS STEELE,"I-94, EXIT 200 & SR- 3",Steele,ND,3.599,46.85680,-99.91813,gazetteer
2935,CIRCLE K #2726163,"I-295, EXIT 22",Jacksonville,FL,3.299,30.33686,-81.66160,gazetteer
2937,FLYING J TRAVEL PLAZA #664,"I-75, EXIT 171",Walton,KY,3.086,38.86243,-84.61504,gazetteer
2956,PILOT TRAVEL CENTERS #275,"I-85, EXIT 39 I-77, EXIT 13",Charlotte,NC,3.552,35.20905,-80.83099,gazetteer
2963,SUPERPUMPER #26,"I-94, EXIT 258 & US-281",Jamestown,ND,3.629,46.90585,-98.69358,gazetteer
2967,PETRO STOPPING CENTER #317,"I-57, EXIT 71",Perrysburg,OH,3.786,41.53899,-83.64413,gazetteer
2968,E-Z MART #4460,"I-20,  EXIT 124",Monroe,LA,3.129,32.51899,-92.07718,gazetteer
2977,DISCOUNT FUEL,"I-90, EXIT 150 & SR-73",Kadoka,SD,3.229,43.82861,-101.50124,gazetteer
2982,CIRCLE K #2723726,"I-59/I-20, EXIT 52 & US-11/US-43/SR-7",Knoxville,AL,3.089,33.59177,-85.89719,gazetteer
3003,CHEVRON,"I-20, EXIT 186",Delta,LA,2.994,32.32220,-90.95855,gazetteer
3008,BUSY BEE,"I-10, EXIT 283 & US-129",Live Oak,FL,3.779,30.29565,-82.98512,gazetteer
3030,Mr Ts Riverside,US-412,Cardwell,MO,3.199,36.04748,-90.29090,gazetteer
3064,PORTS TO PLAINS TRAVEL PLAZA,US-50 & US-287,Lamar,CO,3.399,38.07597,-102.61472,gazetteer
3086,SPEEDWAY #4638,US-29,Madison Heights,VA,3.496,37.45030,-79.10821,gazetteer
3093,RSTORE #4488,US-51,Merrill,WI,3.241,45.18064,-89.70034,gazetteer
3096,HOBO PANTRY #6,US-431/SR-210,Dothan,AL,3.959,31.23370,-85.40682,gazetteer
3118,MOBIL,"I-87, EXIT 42 & US-11",Champlain,NY,3.799,44.98828,-73.43243,gazetteer
3128,TA ATLANTA SOUTH TRAVEL CENTER,"I-75, EXIT 201 & SR-36",Jackson,GA,3.334,33.29236,-83.96785,gazetteer
3139,CHEROKEE TRAVEL MART,"I-40,  EXIT 108",Calumet,OK,3.106,35.60139,-98.12479,gazetteer
3148,YESWAY #1038,US-60 & SR-86,Neosho,MO,3.059,36.84546,-94.37644,gazetteer
3155,QUIK MART #18,US-72/SR-157,Tuscumbia,AL,3.007,34.71850,-87.70259,gazetteer
3163,QUIKTRIP #71,"I-44, EXIT 238",Tulsa,OK,3.039,36.12795,-95.90232,gazetteer
3164,QUIKTRIP #102,"I-44, EXIT 222A",Tulsa,OK,3.039,36.12795,-95.90232,gazetteer
3165,LOVES TRAVEL STOP #213,"I-35, EXIT 211",Tonkawa,OK,3.584,36.67059,-97.31503,gazetteer
3167,JASPER FOOD MART,US-78,Jasper,AL,3.229,33.85111,-87.26835,gazetteer
3171,One9 #265,"I-40, EXIT 287 & SR-136",Cookeville,TN,3.084,36.14693,-85.51265,gazetteer
3176,BP,US-6 & SR-15,New Paris,IN,3.657,41.50191,-85.82551,gazetteer
3178,ERNIES FUEL STOP #1605,SR-167,Kent,WA,4.599,47.38797,-122.21273,gazetteer
3179,MR FUEL #1020,"I-80 & I-94, EXIT 15B",Lake Station,IN,3.566,41.57673,-87.25288,gazetteer
3191,BUSY CORNER TRUCK STOP AND MARKET,"I-24, EXIT 105 & US-41/SR-2",Manchester,TN,3.049,35.46413,-86.07290,gazetteer
3205,CROSSROADS TRUCK STOP STATION,"I-29 & SR 34, MM 109",Colman,SD,3.159,43.98347,-96.81475,gazetteer
3206,PERHAM OASIS,US-10 & SR-78,Perham,MN,3.499,46.59961,-95.57710,gazetteer
3216,MAXS #124,"I-24, EXIT 86 & US-41",Oak Grove,KY,3.042,36.67377,-87.42251,gazetteer
3221,Pilot #1440,"US-67, EXIT 55 & US-64/US-167 & SR-367",Bald Knob,AR,3.391,35.31254,-91.57125,gazetteer
3222,POMPANO TRUCK STOP,"I-95, EXIT 36B",Pompano Beach,FL,3.759,26.24162,-80.13385,gazetteer
3227,ONE9 MR FUEL #64,"I-26 & US-17, EXIT 199",Summerville,SC,3.219,33.00584,-80.17931,gazetteer
3230,STRIPES #40815,US-281 & US-285,Falfurrias,TX,3.299,27.22441,-98.14519,gazetteer
3264,TA WEST MEMPHIS TRAVEL CENTER,"I-40/US-63, EXIT 260 & SR-149",Earle,AR,3.367,35.27338,-90.46430,gazetteer
3280,OUTPOST TRUCK STOP,US-85 & US-18/US-20,Lusk,WY,3.689,42.76126,-104.45840,gazetteer
3281,AMERICAN TRUCK PLAZA,I-80 EXIT 215 & SR-254,Milton,PA,3.799,41.00230,-76.85101,gazetteer
3284,CASEYS #4390,"I-49/US-71, EXIT 77 & US-160",Lamar,MO,3.199,37.49392,-94.27843,gazetteer
3297,SAPP BROS TRAVEL CENTER,"I-80, EXIT 370",Cheyenne,WY,3.701,41.12870,-104.79078,gazetteer
3326,MIRABITO #61,"I-81, EXIT 32",Central Square,NY,4.299,43.28599,-76.14188,gazetteer
3330,TA # 211 GREENLAND TRAVEL CENTER,"I-95, EXIT 3A & US-101",Greenland,NH,3.759,43.03620,-70.83283,gazetteer
3349,QUEEN CITY TRUCK STOP,"I-20 & I-59, EXIT150",Meridian,MS,2.939,32.38417,-88.68945,gazetteer
3383,E-Express at Central Truck Stop,"I-35, EXIT 137",Oklahoma City,OK,2.879,35.46708,-97.51366,gazetteer
3401,POPS Mart #333,"I-77, EXIT 48 & SR-200",Winnsboro,SC,3.091,34.36860,-81.09138,gazetteer
3413,COUNTRY GIRL TRUCK STOP,US-167 & SR-156,Winnfield,LA,3.319,31.92397,-92.64248,gazetteer
3415,JAYS EL CHEAPO FUEL STOP,"I-16, EXIT 104",Metter,GA,3.249,32.39451,-82.06243,gazetteer
3418,Par Mar Store #164,"I-79, EXIT 105 & CR-7",Jane Lew,WV,3.999,39.11078,-80.40801,gazetteer
3421,ERNIES TRUCK STOP,"I-5, EXIT 142",Federal Way,WA,4.599,47.31160,-122.33776,gazetteer
3422,PWI #167,"I-10, EXIT 601",Seguin,TX,2.889,29.59023,-97.96861,gazetteer
3427,JOHNNYS MARKET,"I-69, EXIT 357",Fremont,IN,3.699,41.72762,-84.93886,gazetteer
3432,PILOT TRAVEL CENTER #34,"I-65, EXIT 201 & US-231",Remington,IN,3.659,40.76940,-87.12972,gazetteer
3435,PWI #168,"I-35, EXIT 266 & SR-195",Georgetown,TX,2.799,30.66814,-97.69874,gazetteer
3444,Acme Truck Stop,US-441/SR-500,Orlando,FL,3.449,28.40865,-81.25481,gazetteer
3460,CHROME TRUCK STOP,US-18 & US-169,Algona,IA,3.499,43.07635,-94.23175,gazetteer
3464,BOISE PETROLEUM LLC,"I-84,  EXIT 71",Boise,ID,3.379,43.61350,-116.20345,gazetteer
3471,MR FUEL DBA ONE9 #72,"I-16, EXIT 160",Savannah,GA,3.119,32.01804,-81.19649,gazetteer
3475,PILOT TRAVEL CENTERS #56,"I-85, EXIT 63",Kannapolis,NC,3.499,35.47928,-80.63803,gazetteer
3477,CIRCLE K #4707404,"I-91, EXIT 7",Springfield,VT,3.699,43.29664,-72.48187,gazetteer
3479,FAST MARKET #4550,"I-75/SR-401, EXIT 136 & US-341",Perry,GA,3.099,32.47371,-83.72781,gazetteer
3493,CIRCLE K #2723675,"I-75, EXIT 290 & SR-20",Cartersville,GA,3.086,34.16458,-84.80170,gazetteer
3519,PILOT TRAVEL CENTERS #431,"I-10, EXIT 873",Orange,TX,3.309,30.12353,-93.75455,gazetteer
3522,SUNMART #308,US-59,Livingston,TX,2.859,30.71004,-94.93793,gazetteer
3530,SPARKYS ONE STOP #22,"I-35, EXIT 111B & US-30",Jefferson,IA,3.232,42.01774,-94.37942,gazetteer
3536,PETRO STOPPING CENTER #307,I-40 EAST & S LAKESIDE Dr,Amarillo,TX,3.279,35.19806,-101.83311,gazetteer
3539,Bigs 211,"I-10, EXIT 620 & SR-123",Seguin,TX,3.099,29.59023,-97.96861,gazetteer
3545,STOCKMENS TRUCK PLAZA,"I-494, EXIT 64A",South Saint Paul,MN,3.499,44.88803,-93.04050,gazetteer
3580,STINKER I 80 TRAVEL PLAZA,"I-80, EXIT 221 & SR-76",Sinclair,WY,3.759,41.77608,-107.11994,gazetteer
3585,CHEVRON,"I-80, EXIT 129",Lovelock,NV,3.499,40.17874,-118.47744,gazetteer
3588,BINGO TRUCK STOP,"I-10, EXIT 829 & SR-124",Winnie,TX,2.999,29.81672,-94.38067,gazetteer
3592,TA BRIDGER TRAVEL CENTER #188,"I-80, EXIT 30 & CR-202",Fort Bridger,WY,3.716,41.31833,-110.38939,gazetteer
3593,TA Parowan Travel Center,"I-15, EXIT 78",Parowan,UT,3.706,37.83258,-112.82962,gazetteer
3605,SPEEDYS #6,"I-35, EXIT 33",Saint Joseph,MO,3.169,39.75946,-94.82114,gazetteer
3608,FUEL MART #787,"I-57, EXIT 212 & US-36",Tuscola,IL,3.199,39.79591,-88.27548,gazetteer
3614,PILOT TRAVEL CENTERS #35,"I-80/90, EXIT 72 & US-31",South Bend,IN,3.799,41.67664,-86.26881,gazetteer
3619,ROAD RANGER #141,"I-70, EXIT 23",Brazil,IN,3.659,39.52245,-87.12448,gazetteer
3620,One9 #16,"I-71 & US-68, EXIT 50",Wilmington,OH,3.142,39.42912,-83.81617,gazetteer
3645,SNOW SHOE TRAVEL PLAZA,"I-80, EXIT 147 & SR-144",Snow Shoe,PA,3.469,41.02765,-77.94972,gazetteer
3678,TIMES MARKET #299,US-281 BUS,Alice,TX,3.099,27.75562,-98.06581,gazetteer
3688,SPEEDWAY #2314,"I-94, EXIT 243 & SR-29",New Baltimore,MI,3.559,42.68531,-82.73765,gazetteer
3692,CHARLOTTE TRAVEL PLAZA,"I-77,  EXIT 16B",Charlotte,NC,3.532,35.20905,-80.83099,gazetteer
3699,WARREN TRAVEL PLAZA,"I-69, EXIT 278 & SR-5",Warren,IN,3.399,40.68769,-85.42465,gazetteer
3702,BEARS DEN TRADING POST #101,ST 37 11 MI E OF MASSENA,Hogansburg,NY,3.649,44.97394,-74.66324,gazetteer
3707,SPEEDWAY #4704,"I-90, EXIT 154",Albert Lea,MN,3.299,43.65429,-93.36415,gazetteer
3718,SPEEDWAY #4706,"I-90, EXIT 265",Chamberlain,SD,3.299,43.79872,-99.32960,gazetteer
3719,KEYSTONE TRUCK STOP,US-22 & SR-164,Loretto,PA,3.999,40.50840,-78.63515,gazetteer
3725,GENEVA TRUCK STOP,"I-79, EXIT 35/141",Cochranton,PA,3.816,41.51910,-80.04699,gazetteer
3728,PLAZA 23 TRUCK STOP,"I-787, EXIT 2",Albany,NY,3.799,42.66575,-73.79835,gazetteer
3737,JORDAN'S KWIK STOP #70,US-49,West Helena,AR,3.399,34.55066,-90.64177,gazetteer
3745,PILOT TRAVEL CENTER #906-TOWN PUMP,"I-90, EXIT 408 & SR-78",Columbus,MT,3.581,45.63597,-109.24878,gazetteer
3759,EXXON,US-67 & SR-18,Newport,AR,4.132,35.62377,-91.23168,gazetteer
3767,SIMMONS TRAVEL CENTER,"I-95, EXIT 8 & US-301",Emporia,VA,3.099,36.69618,-77.53597,gazetteer
3772,Brake Time Corner Market,"I-25, EXIT 240",Burlington,CO,3.499,39.30417,-102.27141,gazetteer
3774,SINCLAIR,"I-70, EXIT 438",Burlington,CO,3.889,39.30417,-102.27141,gazetteer
3781,REATTA TRAVEL STOP,"I-76, EXIT 149 & SR-55/CR-81",Crook,CO,3.382,40.85878,-102.80138,gazetteer
3794,SPEEDWAY #4701,"I-90, EXIT 73",Jackson,MN,3.299,43.62568,-94.98859,gazetteer
3817,FAST MARKET,"I-25, EXIT 158",Colorado Springs,CO,3.159,38.86726,-104.76075,gazetteer
3843,ONCUE EXPRESS #61,"I-35, EXIT 185 & US-77",Perry,OK,3.216,36.28015,-97.30819,gazetteer
3868,SHORE STOP #279,US-13,Greenwood,DE,3.239,38.80716,-75.59000,gazetteer
3888,Fics Plaza,"I-90, EXIT 184",Deer Lodge,MT,3.519,46.39834,-112.73327,gazetteer
3889,CIRCLE K #2701686,"I-75, EXIT 220",Bradenton,FL,3.439,27.48980,-82.57680,gazetteer
3907,SUNOCO,US-46 & SR-93,Palisades Park,NJ,3.279,40.84702,-73.99706,gazetteer
3908,SEMINOLE TRUCK STOP,"I-75, EXIT 354",Fort Lauderdale,FL,3.699,26.14123,-80.14673,gazetteer
3927,MICCOSUKEE SERVICE PLAZA,"I-75, EXIT 49 & SR-84",Fort Lauderdale,FL,3.666,26.14123,-80.14673,gazetteer
3936,Uncle Petes Truck  Stop,"I-40, EXIT 239 & US-70/SR-26",Lebanon,TN,2.989,36.19938,-86.34463,gazetteer
3946,Fast Lane,US-24 & US-63,Moberly,MO,3.469,39.41811,-92.43654,gazetteer
3949,SUNSTOP #337,"I-10/SR-8, EXIT 303 & US-441",Lake City,FL,3.699,30.18864,-82.64225,gazetteer
3956,CIRCLE K #2707451,US-27/SR-25 & SR-70,Lake Placid,FL,3.399,27.30260,-81.37148,gazetteer
3964,SPEEDWAY #6604,"I-94, EXIT 66",Mattawan,MI,3.489,42.21563,-85.79576,gazetteer
3970,EXXON - Pilot #1293,"I-30, EXIT 61",Garland,TX,2.842,32.90983,-96.63033,gazetteer
3973,LOVES TRAVEL STOP #205,"I-35 & I-44, EXIT 137",Oklahoma City,OK,3.319,35.46708,-97.51366,gazetteer
3974,LOVES TRAVEL STOP #201,I-40 EXIT 41,Elk City,OK,3.126,35.38961,-99.42875,gazetteer
3975,SUNSTOP #334,"I-10, EXIT 335 & SR-121",Macclenny,FL,3.459,30.28105,-82.12591,gazetteer
3979,PETRO GARY 369,"I-80 & I-94, EXIT 9",Gary,IN,3.831,41.59074,-87.34711,gazetteer
4006,MISSILE MART #1,US-167 & SR-7,El Dorado,AR,3.499,33.21898,-92.66407,gazetteer
4008,BALDWIN TRAVEL PLAZA,"I-94, EXIT 19 & US HWY 63",Baldwin,WI,3.503,44.95448,-92.37159,gazetteer
4025,BP,"I-85, EXIT 21  & US-178",Anderson,SC,2.909,34.52149,-82.64352,gazetteer
4062,DUDLEYS TRUCK STOP RESTAURANT,US-220,Rocky Mount,VA,3.299,37.00440,-79.88476,gazetteer
4063,STUCKEY'S,"I-59, EXIT 67 & US-49",Hattiesburg,MS,2.999,31.30730,-89.31743,gazetteer
4080,SHELL DBA PILOT DEALER #874,US-41,Miami,FL,3.699,25.77516,-80.20861,gazetteer
4101,E-Z MART #4411,HIGHWAY 69 & COBBLESTONE DR,Pryor,OK,3.099,36.30843,-95.31691,gazetteer
4113,ASAP GENERAL STORE #330,US-412/SR-15,Enid,OK,3.082,36.40670,-97.86986,gazetteer
4115,QUIKTRIP #707,"I-85 , EXIT 96",Atlanta,GA,3.341,33.76291,-84.42267,gazetteer
4119,JET FOOD STORE #82,US-441 & CR-13,Douglas,GA,3.441,31.50611,-82.85434,gazetteer
4156,PETRO STOPPING CENTER #305,"I-10, EXIT 582",San Antonio,TX,3.207,29.46281,-98.52464,gazetteer
4161,EL CHEAPO,I-95 & EXIT 76,Midway,GA,3.526,31.80100,-81.41666,gazetteer
4164,CIRCLE K #2723897,"I-75, EXIT 138",Thomasville,GA,3.236,30.83942,-83.97878,gazetteer
4171,PETRO SERVE USA #11,US-2 & US-71,Bemidji,MN,3.499,47.48703,-94.88269,gazetteer
4179,CIRCLE K #2705352,"I-95/SR-405, EXIT 109 & SR-30/SR-21",Port Wentworth,GA,3.099,32.19201,-81.20573,gazetteer
4187,FLYING J TRAVEL PLAZA #632,"I-75, EXIT 320",Resaca,GA,3.296,34.57937,-84.94382,gazetteer
4193,TIGER MART #63,"I-20, EXIT 454",Grand Prairie,TX,3.599,32.68611,-97.02080,gazetteer
4199,PWI #574,"I-70, EXIT 193/US-40",Bunker Hill,KS,2.959,38.87530,-98.69894,gazetteer
4204,PILOT TRAVEL CENTERS #415,"I-59, EXIT 4",Rising Fawn,GA,3.819,34.76008,-85.53108,gazetteer
4211,FLYING J #513,"I-15, EXIT 1",Jean,NV,3.732,35.77887,-115.32388,gazetteer
4220,KENNETT TRUCK STOP,"I-275, EXIT 16",Lawrenceburg,IN,3.424,39.10739,-84.87577,gazetteer
4222,Circle K #4703906,"I-24, EXIT 24 & SR-49",Pleasant View,TN,2.899,36.38927,-87.04549,gazetteer
4223,TA PEMBROKE TRAVEL CENTER,"I-90, EXIT 48A",Corfu,NY,3.829,42.96116,-78.40261,gazetteer
4233,QUIKTRIP #7220,"I-20, EXIT 8",Shreveport,LA,2.892,32.46688,-93.79219,gazetteer
4239,SPEEDWAY #8256,"I-64, EXIT 94 & SR-1958 & US-60",Winchester,KY,2.922,38.00236,-84.19059,gazetteer
4241,EXXON,"I-285, EXIT 53",Conley,GA,3.999,33.64227,-84.33433,gazetteer
4267,CONOCO,US-30 & SR-41,Gap,PA,3.799,39.98989,-76.02125,gazetteer
4292,KUM & GO #0032,"I-80/US-6, EXIT 155 & SR-117",Colfax,IA,3.082,41.67979,-93.23628,gazetteer
4301,TIGER DISCOUNT TRUCKSTOP,"I-94, EXIT 64 & I-94 BUS",Dickinson,ND,3.516,46.89278,-102.79596,gazetteer
4311,Saveway Truck Plaza,"I-65, EXIT 164 & US-31",Hope Hull,AL,3.139,32.26986,-86.35719,gazetteer
4335,HIGHWAY 20  AUTO TRUCK PLAZA,US-20,Peosta,IA,3.489,42.44721,-90.84143,gazetteer
4339,ROAD RANGER #273,I-69E/US-77 & SR-107,Combes,TX,3.049,26.24651,-97.72677,gazetteer
4349,ROAD RANGER #144,"I-380, EXIT 68US-20, EXIT 68",Evansdale,IA,3.729,42.46570,-92.26940,gazetteer
4363,EL CHEAPO #4,"I-95, EXIT 87",Richmond Hill,GA,3.096,31.90019,-81.31008,gazetteer
4368,HOODS SERVICE CENTER,"I-44, EXIT 61",Bois D Arc,MO,3.074,37.25644,-93.50770,nominatim
4372,GRADYS TRUCKSTOP,"I-16, EXIT 111",Pulaski,GA,3.466,32.39065,-81.95344,gazetteer
4373,KUM & GO #0043,"I-35, EXIT 43 & SR-207/CRG76",New Virginia,IA,3.114,41.18176,-93.73107,gazetteer
4389,TAYLOR QUIK-PIK,"I-29, EXIT 75 & US-30",Missouri Valley,IA,3.399,41.55932,-95.90264,gazetteer
4395,BREAK TIME #3147,"I-55, EXIT 67 & US-62",Sikeston,MO,3.499,36.88373,-89.58720,gazetteer
4417,TA MORIARITY TRAVEL CENTER,"I-40, EXIT 194",Moriarty,NM,3.217,35.00337,-106.04443,gazetteer
4427,CASEYS #2654,"I-80/US-6, EXIT 93 & CR-P28",Stuart,IA,3.099,41.50046,-94.31811,gazetteer
4431,CASEYS #2653,"US-63 & US-30, EXIT 202",Toledo,IA,3.349,41.99017,-92.58034,gazetteer
4437,UNDERWOOD TRUCK STOP I 80,"I-80, EXIT 17",Underwood,IA,3.001,41.38024,-95.68251,gazetteer
4441,PILOT TRAVEL CENTERS #51,"I-81 BAILEYTON RD, EXIT 36",Greeneville,TN,3.562,36.16802,-82.81967,gazetteer
4442,Minuteman Food Mart #58,US-74/US-76,Delco,NC,3.507,34.31882,-78.22666,gazetteer
4445,TA Rogers,"I-94/US-52, EXIT 207 & SR-101",Rogers,MN,3.274,45.18385,-93.57167,gazetteer
4446,LOVES TRAVEL STOP #200,I-40 EXIT 74,Amarillo,TX,3.209,35.19806,-101.83311,gazetteer
4451,PRAIRIE JUNCTION TRUCK STOP,"I-29, EXIT 109 & SR-34",Colman,SD,3.099,43.98347,-96.81475,gazetteer
4452,CASEYS #2867,US-63 & US-20,Waterloo,IA,3.499,42.49233,-92.35195,gazetteer
4458,KUM & GO #1443,"I-80, EXIT 216",Williamsburg,IA,3.131,41.66888,-92.01325,gazetteer
4460,EXIT 62 TRUCKSTOP,"I-71, EXIT 62 & US-127",Glencoe,KY,3.166,38.72499,-84.82328,gazetteer
4463,QUIKTRIP #7901,"I-20, EXIT 556 & US-69",Lindale,TX,2.807,32.49413,-95.40734,gazetteer
4482,FLYING J TRAVEL PLAZA #777,"I-84, EXIT 54(FEDERAL WAY)",Boise,ID,3.766,43.61350,-116.20345,gazetteer
4492,3 MILE CORNER TRUCK STOP,US-2 & US-95,Bonners Ferry,ID,3.734,48.69337,-116.31836,gazetteer
4525,STINKER #42,US-12/US-95 & SR-128,Lewiston,ID,3.697,46.39313,-116.99347,gazetteer
4528,WENATCHEE VALLEY TRUCK STOP,US-97 ALT,Wenatchee,WA,4.089,47.43599,-120.32927,gazetteer
4533,SPEEDWAY #1449,"I-65, EXIT 262B",Birmingham,AL,2.976,33.52717,-86.79704,gazetteer
4544,BIG CHARLIES TRUCK PLAZA,"I-64, EXIT 282 & US-13",Virginia Beach,VA,3.489,36.77952,-76.02914,gazetteer
4555,PILOT TRAVEL CENTERS #406,"I-65, EXIT 22 & US-31A/SR-11",Cornersville,TN,3.799,35.36362,-86.85784,gazetteer
4560,FAST STOP TRAVEL CENTERS #1109,"I-15, EXIT 392",Plymouth,UT,3.582,41.87359,-112.14678,gazetteer
4563,PILOT TRAVEL CENTERS #299,"I-55/I-74/US-51, EXIT 160 & US-150/SR-9",Bloomington,IL,3.399,40.47578,-88.96991,gazetteer
4569,METROPOLIS TRUCK STOP,"I-24, EXIT 37 & US-45",Metropolis,IL,3.599,37.14964,-88.68735,gazetteer
4574,Circle K #4701432,"I-74, EXIT 174",Mahomet,IL,3.669,40.19013,-88.38952,gazetteer
4582,BIG CHIEF TRUCK STOP,"I-94/US-52, EXIT 61 & US-59/CR-82",Fergus Falls,MN,3.236,46.28502,-96.07611,gazetteer
4605,PILOT DEALER #898 SADLERS TRUCK STOP,"I-95, EXIT 11B & US-58",Emporia,VA,3.799,36.69618,-77.53597,gazetteer
4618,OUTPOST TRAVEL CENTER,"I-20, EXIT 5 & US-80",Greenwood,LA,2.899,32.43147,-93.95989,gazetteer
4622,TA LEE HI TRAVEL PLAZA,"I-81,  EXIT 195",Lexington,VA,3.659,37.78233,-79.44432,gazetteer
4628,QUARLES #4601,US-29/US-17/US-15,Warrenton,VA,3.322,38.71782,-77.79732,gazetteer
4637,THORNTONS #369 DBA PILOT TRAVEL CENTER #514,"I-55, EXIT 126 & SR-10",Lincoln,IL,3.399,40.15068,-89.37027,gazetteer
4642,MARSHAL JUNCTION,"I-70, EXIT 147 & SR-1",Marshall,IL,3.199,39.39953,-87.69117,gazetteer
4644,CIRCLE K #4706703,"I-80, EXIT 145A",Mokena,IL,3.339,41.52986,-87.87771,gazetteer
4654,7-ELEVEN #35087,"I-490, EXIT 2 & SR-33 & SR-19",Bergen,NY,4.029,43.08260,-77.94246,gazetteer
4655,QUICKLEES TRAVEL CENTER,"I-86, EXIT 30 & CR-20",Belmont,NY,3.999,42.22010,-78.03079,gazetteer
4690,PWI #401,"I-20 & I-30, EXIT 1B",Aledo,TX,2.799,32.69825,-97.60838,gazetteer
4700,A C TRUCKSTOP,"I-80, EXIT 290",Laramie,WY,3.079,41.30595,-105.60864,gazetteer
4704,THE RIDGE,"I-68/US-219, EXIT 14 & US-40",Accident,MD,4.199,39.62569,-79.31996,gazetteer
4707,SMITHTON TRUCKSTOP,"I-70, EXIT 39 & SR-3059",Smithton,PA,3.899,40.15381,-79.74167,gazetteer
4729,MINIT MART #600244,"I-70, EXIT 131",Straughn,IN,3.859,39.80838,-85.29084,gazetteer
4750,BROOKE TRAVEL PLAZA,"I-80, EXIT 259",West Liberty,IA,2.987,41.57299,-91.26264,gazetteer
4806,TRACK AND TRAVEL,"I-20, EXIT 406",Weatherford,TX,2.917,32.75319,-97.77194,gazetteer
4818,PILOT TRAVEL CENTER #350,"I-84 & US-20, EXIT 95",Mountain Home,ID,3.759,43.13183,-115.69672,gazetteer
4819,Alta Convenience #6333,"I-25, EXIT 11",Trinidad,CO,3.399,37.17316,-104.49033,gazetteer
4826,I-20 Truck Stop,"I-20, EXIT 165",Lincoln,AL,2.999,33.58017,-86.12788,gazetteer
4827,PETRO BEAUMONT #304,"I-10, EXIT 848",Beaumont,TX,3.331,30.08491,-94.14533,gazetteer
4837,SHELL,US-10 & SR-210,Motley,MN,3.399,46.33475,-94.64277,gazetteer
4856,PILOT TRAVEL CENTER #910- TOWN PUMP,"I-90, EXIT 274 & US-287",Three Forks,MT,3.597,45.88957,-111.55275,gazetteer
4872,TA COMMERCE TRAVEL CENTER,"I-85, EXIT 149 & US-441",Commerce,GA,3.216,34.21430,-83.47571,gazetteer
4874,PWI #110,"I-20, EXIT 112 & FM-1936",Odessa,TX,3.049,31.88046,-102.34531,gazetteer
4878,SHELL DBA ONE9 #1426,"I-84, EXIT 35",Nampa,ID,3.374,43.58497,-116.56293,gazetteer
4881,PETRO STOPPING CENTER #14,"I-295, EXIT 56",Bordentown,NJ,4.029,40.14969,-74.70768,gazetteer
4885,LOVES TRAVEL STOP #384,"I-70, EXIT 45",Greenville,IL,3.689,38.88660,-89.38943,gazetteer
4887,SUNOCO,"I-80 & I-90, EXIT 3",Wauseon,OH,3.699,41.55344,-84.14014,gazetteer
4894,CLOVERDALE TRAVEL PLAZA,"I-70, EXIT 41 & US-231",Cloverdale,IN,3.699,39.52122,-86.79869,gazetteer
4905,HY-MILER #2204,SR-250,Sandusky,OH,3.532,41.45589,-82.71444,gazetteer
4909,CIRCLE K #2723916,US-441/US-301/US/27/SR-500,Ocala,FL,3.459,29.17751,-82.15103,gazetteer
4910,PILOT TRAVEL CENTER #892,"I-70 EXIT 164, & US-50",Green River,UT,3.686,38.99346,-110.17342,gazetteer
4920,TA LAPLACE,"I-10, EXIT 209 & US-5",La Place,LA,3.227,30.07216,-90.47701,gazetteer
4927,CIRCLE K #2704886,"I-65, EXIT 205 & US-31/SR-22",Clanton,AL,3.207,32.84557,-86.61949,gazetteer
4933,VILLAGE TRUCK STOP,"I-81, EXIT 18",Rural Retreat,VA,3.299,36.90513,-81.27725,gazetteer
4977,KWIK TRIP #331,SR-54,Wisconsin Rapids,WI,3.262,44.39292,-89.82675,gazetteer
4983,KWIK TRIP #603,"I-94, EXIT 28 & SR-128",Wilson,WI,3.549,44.95861,-92.17049,gazetteer
4996,ZIP TRIP #54,"I-90, EXIT 452",Billings,MT,3.591,45.78854,-108.55248,gazetteer
5003,TRAILWAY TRUCK STOP,US-301/SR-304,Centreville,MD,3.259,39.04227,-76.06254,gazetteer
5006,SUNOCO,US-1/US-9,Linden,NJ,3.799,40.62734,-74.23631,gazetteer
5024,I 55 MOTOR PLAZA,"I-55,  EXIT 180",Pevely,MO,2.991,38.28809,-90.40004,gazetteer
5030,YESWAY #1030,US-63 & E MARY ST,Ottumwa,IA,3.399,41.02225,-92.42326,gazetteer
5044,TA MOUNT VERNON TRAVEL CENTER,"I-44, EXIT 46 & SR-39/SR265",Mount Vernon,MO,3.409,37.10481,-93.81867,gazetteer
5050,ROCK PORT TRUCK PLAZA,"I-29 & US-136, EXIT 110",Rock Port,MO,3.099,40.41091,-95.53309,gazetteer
5056,TREX MART #16,"I-35, EXIT, 61 & US-69",Winston,MO,3.119,39.86995,-94.14174,gazetteer
5057,PHILLIPS 66,"I-35, EXIT 54 & I-35 BUS/US-36",Cameron,MO,3.099,39.74450,-94.23232,gazetteer
5060,CRAZY FREDS TRUCK SHOP,"I-40, EXIT 44 & US-66",Kingman,AZ,3.539,35.21699,-114.01053,gazetteer
5064,CLARK OIL #44,"I-59, EXIT 97",Laurel,MS,2.879,31.69122,-89.14829,gazetteer
5079,FASTLANE TAYLOR 63,US-61 & SR-6,Taylor,MO,3.016,39.93810,-91.52377,gazetteer
5085,K AN T TRUCKSTOP,"I-79, EXIT 137 & SR-310",Fairmont,WV,3.399,39.47688,-80.14909,gazetteer
5111,CIRCLE K #2723385,"I-59, EXIT 67 & US-49/SR-42",Hattiesburg,MS,3.149,31.30730,-89.31743,gazetteer
5117,CIRCLE K #4702361,"I-65, EXIT 130 & SR-334",Whitestown,IN,3.292,39.97167,-86.37174,gazetteer
5128,CASEYS #2769,"I-80, EXIT 220 & SR-149",Williamsburg,IA,3.142,41.66888,-92.01325,gazetteer
5131,TRAILS END TRUCK STOP,"I-29, EXIT 110 & US-136",Rock Port,MO,3.406,40.41091,-95.53309,gazetteer
5132,Travel Centers of America,"I-44, EXIT 208 & SR-19",Cuba,MO,3.266,38.06710,-91.40573,gazetteer
5160,FUEL MART #727,"I-70, EXIT 193",Quaker City,OH,3.166,39.96966,-81.29736,gazetteer
5163,Blue Sky #733,"US-78, EXIT 81 & SR-178",Belden,MS,2.939,34.31038,-88.78839,gazetteer
5167,SPEEDWAY #7575,"I-65, EXIT 255",Hobart,IN,3.632,41.51353,-87.27640,gazetteer
5170,FLYING J #516,"I-76, EXIT 161 & I-70",Breezewood,PA,5.099,39.99925,-78.23862,gazetteer
5183,PETRO STOPPING CENTER #74,I-95 & EXIT 106,Kenly,NC,3.709,35.60077,-78.12793,gazetteer
5191,NORTH POINT PLAZA,"I-90 & I-94, EXIT 115",Poynette,WI,3.172,43.39216,-89.40479,gazetteer
5202,Chevron #306185,US-30,Montpelier,ID,3.699,42.32599,-111.29883,gazetteer
5203,OASIS TRAVEL CENTER,"I-10, EXIT 53",Robertsdale,AL,3.469,30.55714,-87.70472,gazetteer
5207,JJ TRAVEL PLAZA,"I-70, EXIT 70 & US-83",Oakley,KS,3.616,39.12349,-100.84515,gazetteer
5227,PILOT TRAVEL CENTERS #900,"I-95, EXIT 75",Dunn,NC,3.709,35.31164,-78.61296,gazetteer
5230,ONE9 #496,"I-80, EXIT 265",Atalissa,IA,3.016,41.57169,-91.16645,gazetteer
5234,SINCLAIR,SR-37,Monett,MO,3.291,36.92147,-93.92711,gazetteer
5236,FLYING J #875,"I-95,  EXIT 109",Elkton,MD,4.199,39.60578,-75.82169,gazetteer
5247,EDGERTON TRAVEL PLAZA,"I-90, EXIT 160 & US-51",Edgerton,WI,3.199,42.83895,-89.06957,gazetteer
5249,Taylor's Stateline Travel Center,US-67 & SR-278,Neelyville,MO,2.999,36.55629,-90.51368,gazetteer
5254,TA CANDLER TRAVEL CENTER,"I-40, EXIT 37",Candler,NC,3.799,35.53650,-82.69291,gazetteer
5255,7-ELEVEN #35788,"I-35, EXIT 215",Olathe,KS,3.339,38.88203,-94.82005,gazetteer
5258,PT TRUCK STOP,"I-12, EXIT 42",Hammond,LA,3.249,30.50565,-90.45649,gazetteer
5282,CASEYS #3548,US-54 & US-61,Pratt,KS,3.141,37.69858,-98.76594,gazetteer
5285,TULLO TRUCK STOP,"I-95, EXIT 15E & US-1/US-9",Kearny,NJ,3.799,40.75233,-74.12309,gazetteer
5297,ERNIES TRUCK STOP,"I-90,  EXIT 179 & I-90 BUS/SR-17",Moses Lake,WA,3.949,47.12785,-119.27638,gazetteer
5299,Sudden Service #62,"I-65, EXIT 6 & SR-100",Franklin,KY,3.084,36.71803,-86.55758,gazetteer
5302,ONE9 #258,"I-81, EXIT 150 & US-220 ALT & US-11",Troutville,VA,3.032,37.41665,-79.87810,gazetteer
5309,NEWBORN TRUCK STOP,I-20 EXIT 5,Tallapoosa,GA,3.407,33.73666,-85.28736,gazetteer
5310,FLYING J #576,"I-35, EXIT 69",Northfield,MN,3.859,44.45564,-93.17031,gazetteer
5324,HY-MILER #2245,SR-53,Fremont,OH,3.382,41.35302,-83.11559,gazetteer
5341,KWIK STAR #1160,"US-75, EXIT 118 & SR-3",Le Mars,IA,3.299,42.78151,-96.17331,gazetteer
5349,JET FOOD STORE #17,US-1/SR=4/SR-540 & US-220/SR-47,Wrens,GA,3.416,33.20743,-82.38758,gazetteer
5363,SPEEDWAY #6767,"I-75, EXIT 20",Manheim,PA,4.499,40.16327,-76.39597,gazetteer
5391,PWI #605,"I-10, EXIT 378",San Simon,AZ,2.959,32.26817,-109.23020,gazetteer
5399,FLYING J TRAVEL PLAZA #750,"I-81 & I-77, EXIT 80",Max Meadows,VA,3.549,36.97894,-80.96180,gazetteer
5407,CASEYS #4535,US 81,Concordia,KS,2.912,39.56686,-97.64677,gazetteer
5414,One9 #1216,"I-10 ,EXIT 200 & SR-84",Eloy,AZ,3.199,32.74126,-111.59401,gazetteer
5419,USA TRAVEL CENTER,"I-40, EXIT 48 & US-93",Kingman,AZ,3.399,35.21699,-114.01053,gazetteer
5424,WK TRUCK STOP,"US-231 & SR-9001, EXIT 75",Beaver Dam,KY,3.399,37.40376,-86.87361,gazetteer
5435,MEADE AUTO AND TRUCK PLAZA,US-54,Meade,KS,3.799,37.28361,-100.34302,gazetteer
5436,PARKWAY MARATHON,"US-79, EXIT 94",Caneyville,KY,3.732,37.42298,-86.49973,gazetteer
5446,PETRO STOPPING CENTER #308,"I-20, EXIT 8 & SR-526",Shreveport,LA,3.176,32.46688,-93.79219,gazetteer
5462,BOOZER KWIK STOP,"I-15, EXIT 118",Idaho Falls,ID,3.447,43.48962,-112.03534,gazetteer
5474,One9 #88,"I-95/SR-9, EXIT 201 & SR-520",Cocoa,FL,3.376,28.37664,-80.76331,gazetteer
5477,CHEVRON #383766,"I-5, EXIT 216",Halsey,OR,3.099,44.38285,-123.10949,gazetteer
5479,PILOT TRAVEL CENTERS #94,"I-75, EXIT 161",Punta Gorda,FL,3.799,26.89775,-82.06581,gazetteer
5491,49ER FUEL CENTER,"I-75, EXIT 49",East Bernstadt,KY,2.999,37.19268,-84.12921,gazetteer
5492,BFS FOODS #68,"I-70, EXIT 3",Hancock,MD,4.129,39.70458,-78.16327,gazetteer
5522,ONE9 #301,"I-55,  EXIT 40",Marston,MO,3.109,36.51718,-89.60583,gazetteer
5529,FLYING J #549,"I-77, EXIT 100 & 101",Mount Airy,NC,3.599,36.50849,-80.61454,gazetteer
5537,HUCKS TRAVEL CENTER #51 DBA FLYING J #889,"I-57/I-64, EXIT 95 & SR-15",Mount Vernon,IL,3.359,38.31421,-88.91747,gazetteer
5554,Southfork TRUCK STOP,"I-30, EXIT 63 & SR-53",Gurdon,AR,3.459,33.91603,-93.15391,gazetteer
5560,MIDWAY TRAVEL PLAZA,I-70 EXIT 121 & US-40,Columbia,MO,3.539,38.94729,-92.32639,gazetteer
5569,TA EXPRESS NORWOOD #0450,US-60,Norwood,MO,3.449,37.10719,-92.41893,gazetteer
5570,PETRO STOPPING CENTER #310,"I-12, EXIT 40 & US-51 BUS",Hammond,LA,3.249,30.50565,-90.45649,gazetteer
5592,TA COLUMBIA NORTH,"I-20, EXIT 71 & US-21",Columbia,SC,3.439,34.04052,-80.90610,gazetteer
5597,CM LAKE CHARLES FUEL STOP 36,"I-10, EXIT 36 & SR-397",Lake Charles,LA,3.299,30.19902,-93.21084,gazetteer
5601,BP,"I-24, EXIT 16",Paducah,KY,3.429,37.07089,-88.64448,gazetteer
5603,TA NORTH CANTON TRAVEL CENTER,"I-77, EXIT 111",North Canton,OH,3.624,40.87415,-81.39713,gazetteer
5606,FLYING J #511,"I-94, EXIT 147",Mandan,ND,3.952,46.82948,-100.88706,gazetteer
5607,RICE MART,"I-45 & FM 1603, EXIT 238",Rice,TX,3.019,32.23926,-96.49738,gazetteer
5608,SHOP A LOTT  #3,US-84 & US-171,Mansfield,LA,3.136,32.03534,-93.69966,gazetteer
5613,CHEVRON #381108,"I-82, EXIT 36",Yakima,WA,3.999,46.59094,-120.54940,gazetteer
5618,MCCLURE OIL #52,"I-65/US-52, EXIT 140 & SR-32",Lebanon,IN,3.584,40.03311,-86.44815,gazetteer
5649,Fast Stop,"I-10, EXIT 182 & SR-22",Sorrento,LA,3.699,30.18362,-90.86657,gazetteer
5651,LOVES TRAVEL STOP #303,"I-64, EXIT 43 & SR-395",Waddy,KY,3.749,38.13702,-85.07440,gazetteer
5659,TEX-BEST #526,US-59 & US-281,George West,TX,3.299,28.33000,-98.11830,gazetteer
5660,Pride Convenience Store,"I-90, EXIT 51 & I-291",Chicopee,MA,3.509,42.17759,-72.57019,gazetteer
5661,TA Express #287,"I-40, EXIT 288 & SR-111",Cookeville,TN,3.299,36.14693,-85.51265,gazetteer
5669,KWIK TRIP #497,I-90 EXIT 266 & CR-12,Dakota,MN,3.474,43.91155,-91.36136,gazetteer
5670,TA MOUNT VERNON TRAVEL CENTER,"I-57 & I-64, EXIT 95",Mount Vernon,IL,3.449,38.31421,-88.91747,gazetteer
5674,TA MADISON TRAVEL CENTER,"I-20, EXIT 114 & US-441",Madison,GA,3.891,33.57904,-83.47597,gazetteer
5677,YESWAY #1178,CR-13,Kadoka,SD,3.189,43.82861,-101.50124,gazetteer
5691,Pilot Travel Center #666,"I-94, EXIT 30",Benton Harbor,MI,3.059,42.11350,-86.44725,gazetteer
5700,BEACON & BRIDGE #18,US-131 BUS,Big Rapids,MI,3.319,43.69967,-85.48125,gazetteer
5718,TOOT N TOTUM #104,US-287,Dalhart,TX,3.199,36.05742,-102.51221,gazetteer
5721,TA BALTIMORE SOUTH TRAVEL CENTER,"I-95, EXIT 41A & SR-175 & US-1",Jessup,MD,4.599,39.14909,-76.77639,gazetteer
5730,SCOTTS QUICK STOP,SR-53 & SR-46,Marlette,MI,3.399,43.32644,-83.08052,gazetteer
5751,TA LAKE PARK TRAVEL CENTER,"I-75,  EXIT 2",Lake Park,GA,3.316,30.68556,-83.18770,gazetteer
5754,ROAD TRIP OASIS PERRY,"I-69, EXIT 105 & SR-52",Perry,MI,3.699,42.83203,-84.22011,gazetteer
5758,SPEEDY Q MARKET #8206,"I-94, EXIT 274",Port Huron,MI,3.899,42.99377,-82.43374,gazetteer
5770,Kwik Trip # 1281,"I-43, EXIT 107",Belgium,WI,3.256,43.50181,-87.84755,gazetteer
5771,DUNES AUTO TRUCK PLAZA,"I-94, EXIT 12",Sawyer,MI,3.499,41.88532,-86.58947,gazetteer
5774,PJ TRAVEL PLAZA,"I-80, EXIT 192 & SR-880",Loganton,PA,3.479,41.03423,-77.30233,gazetteer
5780,BILLS TRUCKSTOP,"I-85, EXIT 86",Linwood,NC,3.449,35.75069,-80.31783,gazetteer
5799,STAPLES OIL,"I-90, EXIT 146",Alden,MN,3.299,43.66746,-93.56989,gazetteer
5801,TA WYTHEVILLE TRAVEL CENTER,"I-81, EXIT 72 & I-77, EXIT 41",Wytheville,VA,3.519,36.95338,-81.08844,gazetteer
5823,ENMARKET #863,"I-95, EXIT 8 & SR-88",Hardeeville,SC,3.082,32.29531,-81.04098,gazetteer
5830,115 TRUCKSTOP #5001,"I-94, EXIT 115",Marshall,MI,3.429,42.26268,-84.96745,gazetteer
5842,PETRO STOPPING CENTER #6367,"I-57,  EXIT 335",Monee,IL,3.399,41.41783,-87.74989,gazetteer
5860,SPEEDWAY #4610,"I-35, EXIT 59 & SR-21",Faribault,MN,3.759,44.29971,-93.27895,gazetteer
5873,SOUTHERN VALLEY COOP,ST 14 BYPASS,Mankato,MN,3.499,44.17112,-93.97638,gazetteer
5901,ROTHSAY TRUCK STOP,"I-94, EXIT 38",Rothsay,MN,3.209,46.47309,-96.28424,gazetteer
5903,Circle K #2746447,I-94/US-52 EXIT 127 & US-71/SR-28,Sauk Centre,MN,3.189,45.73647,-94.95273,gazetteer
5907,SPEEDWAY #4035,CR-101,Shakopee,MN,3.599,44.77191,-93.47570,gazetteer
5909,SINCLAIR,"I-90, EXIT 233",Saint Charles,MN,3.529,43.96875,-92.05930,gazetteer
5927,HARRISONBURG TRAVEL CENTER,"I-81,  EXIT 243 & US-11",Harrisonburg,VA,2.899,38.43626,-78.87330,gazetteer
5935,WESTHAMPTON VALERO,I-295 EXIT 47A,Mount Holly,NJ,3.329,39.99289,-74.78766,gazetteer
5942,EXPRESS MART TRUCK STOP,"I-55, EXIT 185 & US-67/US-61",Barnhart,MO,2.997,38.33660,-90.40309,gazetteer
5944,LAKE MILLS TRAVEL PLAZA,"I-94, EXIT 259 & SR- 89/CR-G",Lake Mills,WI,3.361,43.07764,-88.90641,gazetteer
5946,PILOT TRAVEL CENTERS #918,I-90 EXIT 55,Rapid City,SD,3.999,44.07107,-103.21792,gazetteer
5949,EXXON,US-59 & LOOP 151,Texarkana,TX,3.166,33.44920,-94.08501,gazetteer
5951,ROAD RANGER #157,I-64 EXIT 41,Okawville,IL,3.799,38.43442,-89.54798,gazetteer
5963,OZONA ONE STOP,"I-10, EXIT 372",Ozona,TX,2.982,30.70740,-101.20606,gazetteer
5965,TRUCK TOWNE,I-29 EXIT 47 & SR-46,Beresford,SD,3.159,43.07965,-96.78022,gazetteer
5971,WACO TRAVEL CENTER,SR-19,Perry,FL,3.699,30.10905,-83.58227,gazetteer
5979,TA LAFAYETTE TRAVEL CENTER,"I-10 & SR-182, EXIT 101",Lafayette,LA,3.134,30.20560,-92.02806,gazetteer
5980,THRIFT MART TRUCK PLAZA,"I-85/US-460, EXIT 63A & US-1/US-460 BUS",Petersburg,VA,3.199,37.20473,-77.39237,gazetteer
5990,360 TRUCK STOP,US-360,Amelia Court House,VA,3.599,37.33586,-77.98664,gazetteer
5996,Fast Stop Travel Centers #1134,"I-80/US-30, EXIT 99 & US-191/SR-373",Rock Springs,WY,3.499,41.59470,-109.22092,gazetteer
5999,PILOT TRAVEL STOP #492,"I-30, EXIT 78 & SR-7",Arkadelphia,AR,3.499,34.12738,-93.07085,gazetteer
6001,ALLSUPS #2392,US-70 & US-285,Roswell,NM,3.199,33.37344,-104.52939,gazetteer
6009,CASEYS #2652,US-65 & US-36,Chillicothe,MO,3.289,39.79608,-93.54996,gazetteer
6010,SEGOVIA TRUCK STOP,"I-10, EXIT 465",Junction,TX,2.999,30.49076,-99.77322,gazetteer
6018,TA BLOOMINGTON TRAVEL CENTER,"I-55, I-74 & I-39 , EXIT 160",Bloomington,IL,3.449,40.47578,-88.96991,gazetteer
6033,EMERY'S,US-54,Deerfield,MO,3.349,37.83865,-94.50770,gazetteer
6037,CRYSTAL OIL,"I-129/US-20/US-75,  EXIT 2",South Sioux City,NE,3.549,42.46212,-96.41296,gazetteer
6041,COCKERHAM FUEL CENTER #4,"I-77, EXIT 14 & US-58/US-221",Hillsville,VA,3.282,36.76161,-80.73670,gazetteer
6047,FAST LANE #26,US-61,Eolia,MO,3.099,39.23789,-91.01317,gazetteer
6051,CIRCLE K #2709846,"I-25, EXIT 240",Longmont,CO,3.057,40.16820,-105.10052,gazetteer
6057,PILOT TRAVEL CENTER #903,"I-70/US-40, EXIT 252",Salina,KS,3.759,38.81309,-97.61448,gazetteer
6058,MOTOR INN AUTO TRUCK STOP,I-75 EXIT 110,Mendon,OH,3.199,40.67272,-84.51785,gazetteer
6068,AYERCO #24,US-61 & CR MM,Hannibal,MO,3.099,39.71021,-91.39404,gazetteer
6082,Palmetto Truck Plaza,US-27/SR-25 & SR-826,Hialeah,FL,3.399,25.86994,-80.30286,gazetteer
6083,BP,"I-35, EXIT 33",Holt,MO,3.049,39.45421,-94.33851,gazetteer
6087,BREAK TIME #3173,US-54 & CR-HH,Fulton,MO,3.299,38.85515,-91.95080,gazetteer
6093,ONE9 #901,"I-80 & US-183, EXIT 257",Elm Creek,NE,2.966,40.72008,-99.37559,gazetteer
6096,Waverly Travel Center,US-23,Waverly,OH,3.416,39.12597,-82.98369,gazetteer
6097,SAPP BROS TRAVEL CENTER,"I-80, EXIT 263",Elm Creek,NE,3.187,40.72008,-99.37559,gazetteer
6106,TA HUNTINGTON,"I-84, EXIT 353",Huntington,OR,3.639,44.35009,-117.26676,gazetteer
6111,HAWGS EXXON,US-167/SR-25,Batesville,AR,3.359,35.76857,-91.62265,gazetteer
6150,CIRCLE K #2723707,"I-81,  EXIT 150",Troutville,VA,3.066,37.41665,-79.87810,gazetteer
6154,TA MOBILE TRAVEL CENTER,"I-10,  EXIT 4",Grand Bay,AL,3.136,30.47208,-88.34440,gazetteer
6164,PILOT TRAVEL CENTER #268,"I-80/US-6, EXIT 284",Walcott,IA,3.859,41.58732,-90.78052,gazetteer
6165,TEMP STOP #117,I-70 & GRAIN VALLEY RD EXIT 24,Grain Valley,MO,2.959,39.01499,-94.21637,gazetteer
6167,PILOT TRAVEL CENTERS #167,US-71,Nevada,MO,3.496,37.84491,-94.35032,gazetteer
6172,SPEEDWAY #2319,"I-96, EXIT 77",Portland,MI,3.549,42.86979,-84.89893,gazetteer
6175,ONVO TRAVEL PLAZA - MIFFLINTOWN,US-322/US-22 & SR-35,Mifflintown,PA,3.479,40.57117,-77.39514,gazetteer
6179,HENDERSON TRAVEL PLAZA,"I-10, EXIT 115 & SR-347",Breaux Bridge,LA,3.386,30.28310,-91.90592,gazetteer
6180,Circle #4703923,"I-24, EXIT 180B & US-27",Chattanooga,TN,2.786,35.06596,-85.24839,gazetteer
6182,Exxon,"I-20, EXIT 205 & SR-46",Heflin,AL,3.016,33.64740,-85.56934,gazetteer
6188,SIGNAL FOOD STORE #112,US-65 & SR-J,Ozark,MO,2.999,37.03360,-93.21804,gazetteer
6198,DAVIS TRAVEL CENTER #102,"I-95/US-301, EXIT 33 & SR-602",Stony Creek,VA,3.066,36.94801,-77.40007,gazetteer
6200,KWIK FILL #388,"I-80, EXIT 29 & SR-8",Harrisville,PA,3.404,41.13641,-80.01075,gazetteer
6206,PETRO PORTAGE,"I-90 & I-94, EXIT 108-A",Portage,WI,3.807,43.54895,-89.46587,gazetteer
6214,PIONEER Travel Plaza,"I-41, EXIT 60 & SR-145",Richfield,WI,3.216,43.23939,-88.23402,gazetteer
6215,FUEL HUB,"I-87, EXIT 21B",West Coxsackie,NY,3.599,42.36064,-73.81679,gazetteer
6218,LOVES TRAVEL STOP #215,"I-40, EXIT 16 & US-40 BUS/US-66",Gallup,NM,3.437,35.51375,-108.74373,gazetteer
6219,SCHATZ CROSSROADS,US-2 /US-52,Minot,ND,3.549,48.23613,-101.27753,gazetteer
6221,LOVES TRAVEL STOP #214,I-10 EXIT 37,El Paso,TX,3.076,31.84778,-106.43111,gazetteer
6222,QUIKTRIP #236,"I-29/US-71, EXIT 18 & SR-92",Platte City,MO,2.999,39.35973,-94.75632,gazetteer
6227,MARLOWS FUEL CENTER,"I-20, EXIT 479",Dallas,TX,3.241,32.79333,-96.76651,gazetteer
6229,FUEL MART #764,"I-70, EXIT 66 & SR- 54",South Vienna,OH,3.129,39.92932,-83.61393,gazetteer
6232,OASIS TRUCK STOP,"I-44 & SR-133, MM 145",Richland,MO,3.324,37.86114,-92.39974,gazetteer
6243,GARDEN INN TRAVEL PLAZA,US-60/US-63,Cabool,MO,3.299,37.12648,-92.10322,gazetteer
6251,BREAUX BRIDGE VALERO #1408,"I-10 & SR-347, EXIT 115",Breaux Bridge,LA,3.499,30.28310,-91.90592,gazetteer
6252,PILOT TRAVEL CENTERS #12,I-80 & I-90 EXIT 71,Perrysburg,OH,3.759,41.53899,-83.64413,gazetteer
6258,CASEYS #6342,"I-29, EXIT 144 & US-169",Saint Joseph,MO,3.169,39.75946,-94.82114,gazetteer
6275,TA SEATTLE EAST TRAVEL CENTER,"I-90, EXIT 34",North Bend,WA,3.859,47.48797,-121.76879,gazetteer
6284,7-ELEVEN #40513,I-90/80-IN TOLL RD MM 22W,Portage,IN,3.999,41.59161,-87.17894,gazetteer
6286,APPLE MARKET #526,"I-64, EXIT 94",Winchester,KY,2.916,38.00236,-84.19059,gazetteer
6290,FUEL KING NAPOLEON TRAVEL CENTER,"US-6/US-24/SR/CR-3, EXIT 41",Napoleon,OH,3.439,41.39797,-84.12498,gazetteer
6293,PETRO STOPPING CENTER #313,"I-40, EXIT 79",Milan,NM,3.571,35.19678,-107.89237,gazetteer
6296,GRAY TRUCK STOP,US-71/US-136,Maryville,MO,3.266,40.34251,-94.87005,gazetteer
6299,HWY 34 TRUCKSTOP,"US-34, EXIT 258",West Burlington,IA,3.374,40.82163,-91.17548,gazetteer
6305,I-95 Fuel Stop,"I-95, EXIT 126 & US-17/US-1",Fredericksburg,VA,3.264,38.29927,-77.48666,gazetteer
6307,QUIKTRIP #608,"I-70, MID RIVERS MALL",Saint Peters,MO,2.904,38.78352,-90.60507,gazetteer
6308,Pilot Travel Centers #354,"I-64, EXIT 28",Simpsonville,KY,3.759,38.21525,-85.34685,gazetteer
6309,WINNERS CIRCLE #1,"I-30 & US-270, EXIT 98A",Malvern,AR,3.352,34.37358,-92.82125,gazetteer
6310,CIRCLE K #2707515,US-27/SR-25 & US-98/US-700/SR-700/SR-66,Sebring,FL,3.389,27.47140,-81.45157,gazetteer
6315,AYERCO #25,US-24,Taylor,MO,3.016,39.93810,-91.52377,gazetteer
6318,Chisholm Corner #15,"I-35, EXIT 72 & US-19",Pauls Valley,OK,3.387,34.71021,-97.22403,gazetteer
6326,KANZA TRAVEL PLAZA,"I-35, EXIT 231 AND US-177",Braman,OK,3.027,36.92364,-97.33581,gazetteer
6327,PETRO STOPPING CENTER #312,"I-40 & I-75, EXIT 369",Knoxville,TN,3.426,35.97068,-83.94927,gazetteer
6330,TA EDINBURG TRAVEL CENTER,I-69C/US-281 & FM-2812,Edinburg,TX,3.011,26.31828,-98.15345,gazetteer
6334,231 PLAZA AND TRUCK STOP,US-231/SR-75 & SR-20,Youngstown,FL,3.494,30.36436,-85.43826,gazetteer
6341,TA RAWLINS TRAVEL CENTER,"I-80, EXIT 214",Rawlins,WY,3.722,41.78513,-107.22465,gazetteer
6346,SPEEDWAY #4710,US-71/SR-60,Windom,MN,3.299,43.87355,-95.11914,gazetteer
6351,FLYING J TRAVEL PLAZA #608,"I-10, EXIT 1",Ehrenberg,AZ,3.959,33.61421,-114.48301,gazetteer
6356,CIRCLE K #2721536,ST 6 EAST,Batesville,MS,3.241,34.32098,-89.92488,gazetteer
6370,TA ROCKWALL TRAVEL CENTER,"I-30/US-67, EXIT 68 & SR-205",Rockwall,TX,3.137,32.91806,-96.43805,gazetteer
6387,FLYING J FRANCHISE #966,"I-80, EXIT 229",Battle Mountain,NV,3.792,40.62837,-116.94855,gazetteer
6391,TOOT N TOTUM #106,US-287,Dumas,TX,3.006,35.86202,-101.96497,gazetteer
6401,CIRCLE K #2723457,"I-10, EXIT 34-B",Gulfport,MS,2.989,30.41949,-89.06902,gazetteer
6434,AMPRIDE ALL ROUND TRUCK STOP,US-20,Fort Dodge,IA,3.299,42.50986,-94.17567,gazetteer
6442,CLARK OIL #49,US-84,Laurel,MS,2.999,31.69122,-89.14829,gazetteer
6448,CIRCLE K #2723392,"I-59, EXIT 97 & US-84",Laurel,MS,2.952,31.69122,-89.14829,gazetteer
6462,ARCO #471770,US-281 & SR-5,Dunseith,ND,3.499,48.81303,-100.06223,gazetteer
6468,TA SAYRE TRAVEL CENTER,"I-40 & CEMETARY RD, EXIT 26",Sayre,OK,3.064,35.29565,-99.62824,gazetteer
6480,FLYING J #934,"I-84, EXIT 265",La Grande,OR,3.536,45.32447,-118.08689,gazetteer
6492,FLICKS,US-49,Richland,MS,2.999,32.23041,-90.15962,gazetteer
6496,SPEEDY EXPRESS #38,"I-35, EXIT 305",Mathis,TX,3.199,28.09092,-97.81705,gazetteer
6502,SQUAW CREEK TRAVEL PLAZA,"I-29, EXIT 79 & US-159",Forest City,MO,3.339,39.98295,-95.18831,gazetteer
6517,HARDYS #5,"I-80, EXIT 4   4",Wendover,UT,3.499,40.72402,-114.02510,gazetteer
6518,TOWN PUMP FOOD STORE #310,"I-15, EXIT 164",Boulder,MT,3.559,46.23584,-112.11975,gazetteer
6526,TULIP CITY TRUCK STOP,"I-196 & SR-40, EXIT 49",Holland,MI,3.739,42.76705,-86.09857,gazetteer
6527,ZIP TRIP #50,"I-90, EXIT 426",Park City,MT,3.584,45.63095,-108.92531,gazetteer
6547,FLYING J TRAVEL PLAZA #762,"I-90, EXIT 126 & SR-59",Gillette,WY,3.899,44.27258,-105.49894,gazetteer
6562,PILOT #1323,"I-29, EXIT 35",Faucett,MO,3.272,39.60024,-94.79747,gazetteer
6563,Road Ranger #282,"I-35, EXIT 500",Gainesville,TX,3.176,33.63865,-97.14841,gazetteer
6565,TA Greeneville Travel Center,"I-81,  EXIT 36",Greeneville,TN,3.552,36.16802,-82.81967,gazetteer
6567,YELLOWSTONE TRUCK SHOP,"I-90, EXIT 330",Livingston,MT,3.649,45.66563,-110.55571,gazetteer
6577,AC & T TRAVEL CENTER,"I-81, EXIT 5 W",Hagerstown,MD,3.659,39.64018,-77.72269,gazetteer
6578,PILOT TRAVEL CENTER #909- TOWN PUMP,"I-15 & US-2, EXIT 363",Shelby,MT,3.636,48.50213,-111.86204,gazetteer
6588,TOWN PUMP FOOD STORE #4300,"I-90, EXIT 249",Whitehall,MT,3.659,45.87099,-112.09758,gazetteer
6593,LITTLE AMERICA TRAVEL CENTER,"I-40, EXIT 198",Flagstaff,AZ,3.539,35.18521,-111.62070,gazetteer
6607,TRANSIT TRUCK STOP,"I-97, EXIT 10",Millersville,MD,3.466,39.05955,-76.64802,gazetteer
6608,7-ELEVEN #35560,SR-16,Charlotte,NC,3.999,35.20905,-80.83099,gazetteer
6628,FLYING J TRAVEL PLAZA #682,"I-85, EXIT 150",Haw River,NC,3.942,36.09190,-79.35894,gazetteer
6632,TA SAVANNAH TRAVEL CENTER,"I-95/SR-405,  EXIT 87 & US-17/SR-25",Richmond Hill,GA,3.351,31.90019,-81.31008,gazetteer
6633,BAKER TRUCK CORRAL,"I-84, EXIT 304",Baker City,OR,3.426,44.77497,-117.83181,gazetteer
6640,PETRO STOPPING CENTER JOHNSTOWN,"I-25, EXIT 254",Johnstown,CO,3.427,40.30725,-104.91120,gazetteer
6642,TA VERO BEACH TRAVEL CENTER #197,"I-95/SR-9, EXIT 147 & SR-60",Vero Beach,FL,3.484,27.64722,-80.39314,gazetteer
6646,FAMILY EXPRESS #35 (DISCOUNT AVAILABLE),"I-65, EXIT 215 & SR-114",Rensselaer,IN,3.132,40.95052,-87.15329,gazetteer
6655,BP DBA TA ELKTON TRAVEL CENTER,"I-95,  EXIT 109B",Elkton,MD,4.969,39.60578,-75.82169,gazetteer
6659,GURNEE TRUCK STOP,US-41,Gurnee,IL,3.289,42.37009,-87.93681,gazetteer
6661,TA FRANKLIN TRAVEL CENTER,"I-65, EXIT 61",Franklin,TN,3.839,35.91403,-86.85216,gazetteer
6663,TA of Mocksville,"I-40, EXIT 170 & US-601",Mocksville,NC,3.699,35.89972,-80.56109,gazetteer
6677,ROADWAY TRAVEL CENTER,"I-29, EXIT 73",Sioux Falls,SD,3.199,43.54070,-96.73196,gazetteer
6693,SAPP BROS TRAVEL CENTER,US-77,Fremont,NE,3.346,41.43984,-96.48700,gazetteer
6701,JACKS TRUCK STOP,"I-65, EXIT 304 & SR-69",Cullman,AL,3.999,34.17687,-86.84066,gazetteer
6704,FL Roberts,"I-91, EXIT 24",Whately,MA,3.559,42.43981,-72.63481,gazetteer
6716,MARATHON,"I-29/US-81, EXIT 65 & I-94 BUS/US-10",Fargo,ND,3.449,46.86470,-96.82908,gazetteer
6721,STAMART 1222,"I-29, EXIT 64",Fargo,ND,3.386,46.86470,-96.82908,gazetteer
6725,TA EXPRESS GRAND FORKS #948,"I-29, EXIT 141 & US-2",Grand Forks,ND,3.539,47.91960,-97.08733,gazetteer
6734,TOMAHAWK TRUCK STOP,"I-25, EXIT 128",Fountain,CO,3.299,38.68902,-104.68056,gazetteer
6736,EAGLEVILLE TRAVEL CENTER,"I-35 & ROUTE N, EXIT 106",Eagleville,MO,2.936,40.46872,-93.98596,gazetteer
6742,Holiday #3810,"I-94/US-52, EXIT 178 & SR-24",Clearwater,MN,3.221,45.40988,-94.04456,gazetteer
6744,FLYING J #550,US-2/US-52,Minot,ND,3.936,48.23613,-101.27753,gazetteer
6745,TIGER TRUCK STOP,"I-10, EXIT 139",Grosse Tete,LA,3.059,30.41542,-91.43940,gazetteer
6755,PETRO STOPPING CENTER #326,"I-40, EXIT 161 & SR-391",North Little Rock,AR,3.207,34.78175,-92.23506,gazetteer
6760,BETTY BEAVERS TRUCKSTOP,"I-87, EXIT 32",Lewis,NY,3.619,44.27505,-73.56569,gazetteer
6765,CIRCLE C TRAVEL PLAZA,"I-95, EXIT 68 & SR-61",Walterboro,SC,3.079,32.90133,-80.67623,gazetteer
6806,Onvo Travel Plaza,"I-78/US-22, EXIT 45 & SR-863",Kutztown,PA,3.327,40.52131,-75.77729,gazetteer
6810,TA RICHMOND,"I-95, EXIT 89 & SR-802",Ashland,VA,3.606,37.76042,-77.47241,gazetteer
6811,PUMP & PANTRY #24,US-6/CR-74,Hastings,NE,3.399,40.59626,-98.39032,gazetteer
6840,PETRO DEMING,"I-10, EXIT 68",Deming,NM,3.386,32.26308,-107.75249,gazetteer
6842,FLYNNS TRUCK PLAZA,"US-20, EXIT 11 & SR-140",Shrewsbury,MA,3.616,42.29593,-71.71285,gazetteer
6845,NEBRASKALAND TIRE SHOP,"I-80, EXIT 237 & US-283",Lexington,NE,2.999,40.77745,-99.74675,gazetteer
6850,BROKEN WHEEL TRUCK STOP,"I-25, EXIT 135",Douglas,WY,3.759,42.75477,-105.39780,gazetteer
6857,TA SPARKS TRAVEL CENTER,"I-80, EXIT 19 & SR-659",Sparks,NV,3.899,39.57434,-119.71515,gazetteer
6864,JJS TRUCK STOP,"I-30, EXIT 106",Malvern,AR,3.316,34.37358,-92.82125,gazetteer
6869,TA WHEELING TRAVEL CENTER,"I-70, EXIT 11 & CR-41",Valley Grove,WV,3.529,40.08626,-80.57705,gazetteer
6883,PILOT TRAVEL CENTERS #517,US- 22 & SR-322,Duncannon,PA,4.199,40.39518,-77.02773,gazetteer
6885,GO MART FOOD STORE #31,"I-77, EXIT 95 & SR-61",Charleston,WV,3.499,38.34869,-81.63232,gazetteer
6886,PWI #535,"I-70, EXIT 47",Palisade,CO,3.379,39.10793,-108.35733,gazetteer
6897,Speedee Mart #2890,US-20 & US-83,Valentine,NE,3.329,42.87551,-100.54707,gazetteer
6901,PRIME STOP,US-275,Wisner,NE,3.259,41.98969,-96.91493,gazetteer
6915,FLITE LINE SUNOCO,"I-95, EXIT 3",Portsmouth,NH,3.696,43.06059,-70.78035,gazetteer
6927,TORCH 85 TRUCK PLAZA,"I-85, EXIT 42",Tuskegee,AL,3.272,32.41872,-85.68251,gazetteer
6944,CROSSROADS TRUCK STOP,"I-82, EXIT 1 & US-730",Umatilla,OR,3.239,45.91761,-119.33198,gazetteer
6948,PILOT #4563,"I-8I, EXIT 77",Harrisburg,PA,3.869,40.27589,-76.88502,gazetteer
6951,ARROWHEAD TRAVEL PLAZA,"I-84, EXIT 216 & SR 331,",Pendleton,OR,3.259,45.67554,-118.81950,gazetteer
6954,BOLLA MARKET #198,SR-17MAHWA,Mahwah,NJ,3.586,41.08871,-74.14376,gazetteer
6960,FLYING J TRAVEL PLAZA #761,"I-80 & US-189, EXIT 3",Evanston,WY,3.699,41.26009,-110.96374,gazetteer
6961,LITTLE AMERICA,"I-80, EXIT 358 & I-25, EXIT 9 & US-30",Cheyenne,WY,3.709,41.12870,-104.79078,gazetteer
6962,LITTLE AMERICA TRAVEL CENTER,"I-80, EXIT 68 & SR-374",Little America,WY,3.526,41.54936,-109.88488,gazetteer
6963,Atlantis Fresh Market #553,"I-84, EXIT 1",Montague,NJ,3.509,41.30315,-74.79350,gazetteer
6968,R STORE #4513,US-41,Fond Du Lac,WI,3.299,43.77218,-88.44026,gazetteer
6970,TA Twin City East Travel Center,I-94  EXIT 4 & US-12,Hudson,WI,3.547,44.96388,-92.73025,gazetteer
6971,KWIK TRIP #1013,"I-41, EXIT 57 & SR-167",Richfield,WI,3.391,43.23939,-88.23402,gazetteer
6975,TRUCKERS INN STOP,"I-90/I-94, EXIT 132 & US-51",De Forest,WI,3.199,43.22733,-89.34570,gazetteer
6976,MOASIS TRUCK CENTER,US-41,Little Chute,WI,3.199,44.29113,-88.32040,gazetteer
6980,TA MADISON TRAVEL CENTER,"I-90/I-94/I-39, EXIT 132 & US-51",De Forest,WI,3.839,43.22733,-89.34570,gazetteer
6981,Kwik Trip #1197,"US-151, EXIT 26",Belmont,WI,3.564,42.73767,-90.33433,gazetteer
6984,TA HURRICANE TRAVEL CENTER,"I-64, EXIT 39 & SR-34",Hurricane,WV,3.632,38.42747,-82.01808,gazetteer
6986,LOVES TRAVEL STOP #448,"I-5, EXIT 136B, SR-509",Tacoma,WA,4.589,47.25220,-122.45983,gazetteer
6987,One9 #965,"I-90, EXIT 109 & US-97",Ellensburg,WA,3.839,47.00012,-120.54954,gazetteer
6992,FLYING J #1169,"I-5, EXIT 99",Tumwater,WA,4.599,46.98946,-122.91728,gazetteer
6994,FLYING J FRANCHISE #967,"I-90, EXIT 286",Spokane,WA,3.929,47.66694,-117.43332,gazetteer
6999,SIMMONS TRAVEL CENTER,"I-85, EXIT 4 & SR-93/SR-903",Bracey,VA,3.099,36.58123,-78.11380,gazetteer
7003,TA ASHLAND TRAVEL CENTER,"I-95, EXIT 92 & SR-54",Ashland,VA,3.642,37.76042,-77.47241,gazetteer
7004,FRANKS TRUCKING CENTER,"I-264, EXIT 13B",Chesapeake,VA,3.449,36.67938,-76.30179,gazetteer
7005,PETRO STOPPING CENTER,"I-81 & I-64, EXIT 205",Raphine,VA,3.659,37.93735,-79.23281,gazetteer
7007,KUM & GO #0201,"I-80, EXIT 242",Coralville,IA,3.294,41.69879,-91.59680,gazetteer
7013,ERNIES TRUCK PLAZA,"I-15, EXIT 112",Beaver,UT,3.399,38.27587,-112.63810,gazetteer
7016,TA SALT LAKE CITY TRAVEL CENTER,"I-80, EXIT 99",Tooele,UT,3.769,40.53940,-112.30784,gazetteer
7018,FLYING J TRAVEL PLAZA #746,"I-15 & I-80 SR 201, EXIT 305",Salt Lake City,UT,3.732,40.77693,-111.93099,gazetteer
7037,SAMS TRUCK STOP,"I-10, EXIT 138",Van Horn,TX,3.999,31.04067,-104.83415,gazetteer
7045,BUBBLE CITY TRUCK STOP,US-64,Farmington,NM,3.706,36.75383,-108.18053,gazetteer
7056,TA SWEETWATER TRAVEL CENTER,"I-20, EXIT 242",Sweetwater,TX,3.152,32.46939,-100.40865,gazetteer
7058,YESWAY #1125,"I-27, EXIT 1C",Lubbock,TX,2.969,33.56190,-101.88888,gazetteer
7059,TA BIG SPRING TRAVEL CENTER,"I-20, EXIT 177 & US-87",Big Spring,TX,3.699,32.23834,-101.48574,gazetteer
7064,SPEEDWAY #9804,"I-10, EXIT 25",El Paso,TX,3.416,31.84778,-106.43111,gazetteer
7066,REFUEL #328,"I-35,  EXIT 204",San Marcos,TX,2.999,29.87361,-97.93672,gazetteer
7072,TA ANTIOCH TRAVEL CENTER,"I-24, EXIT 62",Antioch,TN,3.506,35.78979,-88.97423,gazetteer
7077,THE TENNESSEAN TRUCKSTOP,"I-65, EXIT 22 & US-31 ALT/SR-11",Cornersville,TN,3.799,35.36362,-86.85784,gazetteer
7078,TA DENMARK TRAVEL CENTER,"I-40 & SR-138, EXIT 68",Denmark,TN,3.539,36.33839,-87.72919,gazetteer
7080,ONE9 #1422,"I-40, EXIT 197",Moriarty,NM,3.116,35.00337,-106.04443,gazetteer
7082,Chevron,"I-65, EXIT 6",Ardmore,TN,3.599,35.00444,-86.85071,gazetteer
7084,Holiday StationStore #2746500,US-12 & US-281,Aberdeen,SD,3.114,45.46468,-98.46810,gazetteer
7087,PILOT #599,"I-90, EXIT 192 & I-90 BUS/US-83",Murdo,SD,3.799,43.88936,-100.71416,gazetteer
7088,FLYING J FRANCHISE #931,"I-90, EXIT 61",Rapid City,SD,3.157,44.07107,-103.21792,gazetteer
7092,LOVES TRAVEL STOP #445,I-90 EXIT 399 & SR 115,Sioux Falls,SD,3.889,43.54070,-96.73196,gazetteer
7095,TA MANNING TRAVEL CENTER,"I-95, EXIT 119",Manning,SC,3.517,33.69332,-80.21676,gazetteer
7106,PILOT DEALER #1163,"I-80, EXIT 42",Emlenton,PA,4.036,41.18024,-79.70855,gazetteer
7116,TA MILESBURG TRAVEL CENTER,"I-80, EXIT 158",Milesburg,PA,4.049,40.94238,-77.79169,gazetteer
7126,SAPP BROS TRAVEL CENTER,"I-80, EXIT 120",Clearfield,PA,3.899,41.02150,-78.43940,gazetteer
7128,FLYING J #518,"I-78, EXIT 10 (PA 645)",Myerstown,PA,3.869,40.37214,-76.30558,gazetteer
7129,TA BROOKVILLE TRAVEL CENTER,"I-80 EXIT 78, & SR-36",Brookville,PA,4.029,41.16168,-79.08265,gazetteer
7131,TA BREEZEWOOD TRAVEL CENTER,"I-76 & US30, EXIT 161",Breezewood,PA,4.299,39.99925,-78.23862,gazetteer
7132,Terrible Herbst dba/One9 #1395,"I-15, EXIT 12",Jean,NV,3.459,35.77887,-115.32388,gazetteer
7135,PETRO STOPPING CENTER #336,"I-81, EXIT 52 & I-76, EXIT 226",Carlisle,PA,4.149,40.19999,-77.20415,gazetteer
7136,TA LAMAR TRAVEL CENTER,"I-80, EXIT 173 & SR-64",Lamar,PA,4.036,41.01004,-77.52344,gazetteer
7147,JUBITZ TRAVEL PLAZA,"I-5, EXIT 307",Portland,OR,3.859,45.53695,-122.64997,gazetteer
7154,TA OKLAHOMA CITY WEST TRAVEL CENTER,"I-40, EXIT 140",Oklahoma City,OK,3.302,35.46708,-97.51366,gazetteer
7156,TA OKLAHOMA CITY EAST TRAVEL CENTER,"I-40, EXIT 142",Oklahoma City,OK,3.301,35.46708,-97.51366,gazetteer
7166,TA London Travel Center,"I-70 & US-42, EXIT 79",London,OH,3.492,39.89285,-83.43887,gazetteer
7169,TA YOUNGSTOWN TRAVEL CENTER,"I-80 & SR 46, EXIT 223",Youngstown,OH,3.444,41.09909,-80.64590,gazetteer
7170,TRUCK WORLD TRUCKSTOP,"I-80, EXIT 234",Hubbard,OH,3.259,41.15812,-80.56465,gazetteer
7173,SPEEDWAY #9954,"SR-17, EXIT 66",Apalachin,NY,3.999,42.06384,-76.15676,gazetteer
7176,TA DAYTON TRAVEL CENTER,"I-70,  EXIT 10 & US-127",Eaton,OH,3.401,39.75011,-84.63447,gazetteer
7179,JIMS TRUCK PLAZA,"I-90, EXIT 52E",Buffalo,NY,3.659,42.89249,-78.85969,gazetteer
7180,TA HebronTravel Center,"I-70, EXIT 126 & SR-37",Hebron,OH,3.382,39.96525,-82.48651,gazetteer
7183,TA KINGSVILLE TRAVEL CENTER,"I-90, EXIT 235 & SR-193",Kingsville,OH,3.882,41.88203,-80.67497,gazetteer
7184,TA JEFFERSONVILLE EAST TRAVEL CENTER,"I-71, EXIT 65 & SR-435 & US-35",Jeffersonville,OH,3.327,39.65344,-83.55156,gazetteer
7189,S and R Truck Plaza,"I-94, EXIT 260",Jamestown,ND,3.586,46.90585,-98.69358,gazetteer
7190,Tower Travel Center,"I-94, EXIT 307",Tower City,ND,3.516,46.92631,-97.67603,gazetteer
7196,SALUDA TRUCK PLAZA,"I-26, EXIT 28",Saluda,NC,3.099,35.23752,-82.34691,gazetteer
7197,7-ELEVEN #35115,"I-90, EXIT 42",Phelps,NY,4.019,42.95806,-77.06212,gazetteer
7212,ONVO TRAVEL PLAZA,"I-90 & RTE 22, EXIT B-3",Canaan,NY,3.399,42.41203,-73.44706,gazetteer
7213,SENECA ONE STOP,"I-90, EXIT 58",Irving,NY,2.899,42.56756,-79.11282,gazetteer
7216,ONVO TRAVEL PLAZA - LOUNSBERRY,"SR-17, EXIT 63",Nichols,NY,3.399,42.02002,-76.37040,gazetteer
7220,CUMBERLAND FARMS #001662,US-9W/SR-32,Glenmont,NY,3.749,42.60480,-73.76957,gazetteer
7222,TA SANTA ROSA TRAVEL CENTER,"I-40/US-54, EXIT 277 & US-84",Santa Rosa,NM,3.452,34.93605,-104.67502,gazetteer
7226,TA LAS CRUCES TRAVEL CENTER,"I-10, EXIT 139",Las Cruces,NM,3.141,32.32644,-106.78969,gazetteer
7227,NATIONAL TRUCK STOP,"I-10, VADO EXIT 155",Vado,NM,2.999,32.12788,-106.65707,gazetteer
7228,MAVERIK COUNTRY STORE #638,"I-40, EXIT 159D & I-25/US-85, EXIT 227",Albuquerque,NM,3.207,35.10478,-106.64681,gazetteer
7229,TA GALLUP TRAVEL CENTER,"I-40, EXIT 16 & HWY 66",Gallup,NM,3.432,35.51375,-108.74373,gazetteer
7230,DEMING TRUCK STOP,"I-10, EXIT 81",Deming,NM,2.899,32.26308,-107.75249,gazetteer
7231,TA ALBUQUERQUE TRAVEL CENTER,"I-25, EXIT 227 OR 225",Albuquerque,NM,3.587,35.10478,-106.64681,gazetteer
7234,TA BLOOMSBURY TRAVEL CENTER,"I-78/US-22, EXIT 7 & SR-173",Bloomsbury,NJ,3.791,40.65689,-75.07622,gazetteer
7237,TA COLUMBIA TRAVEL CENTER,"I-80, EXIT 4 & SR-94",Columbia,NJ,4.099,40.92587,-75.09406,gazetteer
7239,TA PAULSBORO TRAVELCENTER,"I-295, EXIT 18A",Paulsboro,NJ,3.999,39.83998,-75.23996,gazetteer
7240,Pilot Travel Centers #190,"I-78, EXIT 12 & US-22",Hampton,NJ,3.809,40.70457,-74.97152,gazetteer
7244,TA LAS VEGAS TRAVEL CENTER,"I-15, EXIT 33",Las Vegas,NV,3.736,36.23350,-115.26404,gazetteer
7248,WILD WILD WEST TRAVEL PLAZA,"I-15, EXIT 37",Las Vegas,NV,3.767,36.23350,-115.26404,gazetteer
7264,TA GRAND ISLAND WEST TRAVEL CENTER,"I-80, EXIT 305",Alda,NE,3.169,40.86657,-98.46805,gazetteer
7265,Fast Stop Travel Centers #1151,"I-80, EXIT 164 & CR-56C",Hershey,NE,3.499,41.16019,-100.99853,gazetteer
7268,SAPP BROS TRAVEL CENTER,"I-80, EXIT 440 & SR-50, EXIT 440",Omaha,NE,3.281,41.26270,-96.05348,gazetteer
7269,GRAND ISLAND TRAVEL CENTER,"I-80, EXIT 312 & US-281/US-34",Grand Island,NE,3.266,40.92135,-98.35856,gazetteer
7282,ALLTOWN FRESH,"I-87, EXIT 17N & US-9",Fort Edward,NY,3.759,43.26862,-73.58262,gazetteer
7284,MURALTS TRUCK PLAZA,"I-90, EXIT 96 & US-93/SR-200",Missoula,MT,3.609,46.87436,-114.02614,gazetteer
7285,SENECA ONE STOP,"SR-17, EXIT 20",Salamanca,NY,3.309,42.16473,-78.74126,gazetteer
7286,TA MISSOULA,"I-90, EXIT 96 & US-93",Missoula,MT,3.699,46.87436,-114.02614,gazetteer
7288,TA LAUREL,"I-90, EXIT 437",Laurel,MT,3.612,45.67401,-108.77679,gazetteer
7289,TA STRAFFORD,"I-44, EXIT 88 & SR-125",Strafford,MO,3.366,37.26888,-93.11804,gazetteer
7299,GASPERS - FAST LANE,"I-70, EXIT 148 & US-54",Kingdom City,MO,2.959,38.94731,-91.93542,gazetteer
7300,B AND D AUTO TRUCK PLAZA,"I-44, EXIT 127",Lebanon,MO,3.099,37.67213,-92.65967,gazetteer
7310,AAA HOSPITALITY,"I-55, EXIT 220",Tillatoba,MS,2.784,33.98509,-89.89606,gazetteer
7312,208 FUEL PLAZA,"I-70, EXIT 208",Belmont,OH,3.419,40.02798,-81.04093,gazetteer
7314,TA MERIDIAN TRAVEL CENTER,"I-20 & I-59, EXIT 160",Meridian,MS,2.912,32.38417,-88.68945,gazetteer
7323,TRUCKERS INN,"I-94/US-52, EXIT 127 & US-71",Sauk Centre,MN,3.226,45.73647,-94.95273,gazetteer
7326,PETRO STOP #398,"I-35 & I-90, EXIT 11",Albert Lea,MN,4.099,43.65429,-93.36415,gazetteer
7327,TA TEKONSHA,"I-69,EXIT 25 & SR-60",Tekonsha,MI,3.589,42.09737,-84.99192,gazetteer
7331,SPEEDWAY #9266,US-52 & SR-234,Ironton,OH,3.699,38.53260,-82.67809,gazetteer
7332,FLYING J #895,"I-75, EXIT 32A",Trenton,MI,3.249,42.14006,-83.19291,gazetteer
7341,INTERSTATE TRAVEL PLAZA,"I-495, EXIT 14A & US-1",Wrentham,MA,3.699,42.06677,-71.32811,gazetteer
7344,BEST QUICK STOP,US-1,Peabody,MA,3.616,42.53431,-70.96944,gazetteer
7353,DYSARTS SERVICE,"I-95, EXIT 44",Bangor,ME,3.799,44.82963,-68.78877,gazetteer
7354,CIRCLE K #4707065,"I-95, EXIT 2",Kittery,ME,3.899,43.08998,-70.73832,gazetteer
7357,TA SLIDELL TRAVEL CENTER,"I-10, EXIT 266 & US-190",Slidell,LA,3.154,30.28891,-89.78293,gazetteer
7360,KINGS TRUCK STOP,ST 103,Port Barre,LA,3.189,30.55552,-91.95596,gazetteer
7370,TA SMITHS GROVE,"I-65, EXIT 38 & SR-101",Smiths Grove,KY,3.432,37.05020,-86.20808,gazetteer
7371,One9 #392,"I-65, EXIT 81 & SR-84",Sonora,KY,3.196,37.52540,-85.89831,gazetteer
7372,TA WALTON #28,"I-75/I-71, EXIT 175 & SR-338",Walton,KY,3.002,38.86243,-84.61504,gazetteer
7379,KEYSTOP TRAVEL CENTER,"I-65, EXIT 2 & US-31W",Franklin,KY,2.899,36.71803,-86.55758,gazetteer
7382,TA FLORENCE TRAVEL CENTER,"I-75, EXIT 181",Florence,KY,3.071,38.99341,-84.64819,gazetteer
7385,WAKEENEY 24 7 STORE #3,"I-70/US-40, EXIT 127 & US-283",Wakeeney,KS,3.091,39.02345,-99.88146,gazetteer
7387,TA Oakley,"I-70, EXIT 76 & US-40/US-83",Oakley,KS,3.649,39.12349,-100.84515,gazetteer
7389,GO MART FOOD STORE #58,"I-77, EXIT 1 & SR-7",Marietta,OH,3.799,39.42317,-81.44643,gazetteer
7396,7-ELEVEN #36180,US-20/SR-18,Monroeville,OH,3.614,41.24384,-82.70257,gazetteer
7398,FLYING J #913,"I-80, EXIT 142 & US-65",Altoona,IA,3.342,41.65064,-93.48002,gazetteer
7403,FUEL MART #714,"I-75, EXIT 168",North Baltimore,OH,3.112,41.17976,-83.66826,gazetteer
7406,PILOT TRAVEL CENTER #594,"I-29, EXIT 143",Sioux City,IA,3.606,42.49538,-96.38949,gazetteer
7408,FRIENDSHIP FOOD MART #99,US-224 & SR-61/SR-598,Willard,OH,3.632,41.05194,-82.72353,gazetteer
7410,PILOT TRAVEL CENTERS #373,"I-35 & I-80, EXIT 126",Urbandale,IA,3.342,41.63666,-93.77989,gazetteer
7412,PETRO STOPPING CENTER #374,"I-69, EXIT 245 & SR-28",Gaston,IN,3.536,40.31401,-85.50101,gazetteer
7417,SKY CITGO,US-30 & SR-23,Grovertown,IN,3.499,41.37504,-86.50473,gazetteer
7418,JJS TRAVEL PLAZA,US-31 & US-24,Peru,IN,3.444,40.75865,-86.07056,gazetteer
7421,MIDLAND #1901,"I-70, EXIT 137 AT MILE 137",Cambridge City,IN,3.432,39.81208,-85.17082,gazetteer
7429,TA CLAYTON,"I-70, EXIT 59 & SR-39",Clayton,IN,3.939,39.68839,-86.52186,gazetteer
7435,PETRO STOPPING CENTER #375,"I-65, EXIT 201 & US-231/US-24",Remington,IN,3.699,40.76940,-87.12972,gazetteer
7436,TA WHITESTOWN,"I-65/US-52, EXIT 130",Whitestown,IN,3.571,39.97167,-86.37174,gazetteer
7437,PETRO STOPPING CENTER #379,"I-74,  EXIT 143",Greensburg,IN,3.999,39.35102,-85.50119,gazetteer
7457,TA EFFINGHAM TRAVEL CENTER,"I-57 & I-70, EXIT 160",Effingham,IL,3.349,39.12066,-88.55086,gazetteer
7466,PILOT #595,"I-57, EXIT 54B & SR-13",Marion,IL,3.759,37.73445,-88.94116,gazetteer
7469,PILOT TRAVEL CENTERS #313,"I-70/I-55, EXIT 4 & SR-203",East Saint Louis,IL,3.379,38.61636,-90.13053,gazetteer
7471,ROAD RANGER #185,"I-55, EXIT 145 & US-136",Mc Lean,IL,3.349,40.31358,-89.16861,gazetteer
7482,TA BOISE TRAVEL CENTER,"I-84, EXIT 54",Boise,ID,3.771,43.61350,-116.20345,gazetteer
7492,Mobil dba One9 #1365,"I-85, EXIT 70",Cusseta,AL,2.999,32.78764,-85.30577,gazetteer
7495,RACETRAC #2574,"I-75, EXIT 237, SR-331 & US-41",Forest Park,GA,3.109,33.62054,-84.35818,gazetteer
7504,TEXACO,"I-75, EXIT 306 & SR-140",Adairsville,GA,3.106,34.37085,-84.92119,gazetteer
7506,CHAPMANS TRUCK STOP,"I-85 & SR-219, EXIT 13",Lagrange,GA,3.916,33.02698,-85.03826,gazetteer
7523,EXPRESS STOP FOOD STORE #4644,"I-75, EXIT 181",Pinconning,MI,3.639,43.85722,-83.96463,gazetteer
7533,TA WILDWOOD TRAVEL CENTER,"I-75, EXIT 329 & SR-44",Wildwood,FL,3.214,28.80581,-82.00732,gazetteer
7535,GIANT #198,"I-4/SR-400, EXIT 7 & US-301/SR-41",Tampa,FL,3.257,27.97009,-82.47967,gazetteer
7543,TA NEW HAVEN TRAVEL CENTER,"I-95, EXIT 56",Branford,CT,5.069,41.27954,-72.81510,gazetteer
7545,CITGO,"I-95, EXIT 40",Milford,CT,3.399,41.22232,-73.05650,gazetteer
7546,SHELL DBA PILOT DEALER #882,"I-95, EXIT 93 & SR-216",North Stonington,CT,4.299,41.44093,-71.88118,gazetteer
7551,PWI #525,"I-70, EXIT 295",Watkins,CO,3.139,39.69840,-104.57722,gazetteer
7552,TA DENVER WEST TRAVEL CENTER,"I-70, EXIT 266",Wheat Ridge,CO,3.416,39.77267,-105.10480,gazetteer
7553,BRUSH TRAVEL PLAZA,"I-76, EXIT 90B & SR-71",Brush,CO,3.699,40.25926,-103.63633,gazetteer
7574,108 FOOD AND FUEL,"I-40, EXIT 108 & US-66/US-281 BUS",Calumet,OK,3.136,35.60139,-98.12479,gazetteer
7611,LOVES TRAVEL STOP #167,"I-44, EXIT 83",Chickasha,OK,3.166,35.04054,-97.94717,gazetteer
7615,HOPI TRAVEL PLAZA CONOCO DBA ONE9 #1270,"I-40, EXIT 292",Holbrook,AZ,3.139,34.90462,-110.16721,gazetteer
7617,TUCSON TRUCK TERMINAL,"I-10, EXIT 268",Tucson,AZ,3.222,32.15304,-110.87077,gazetteer
7622,COPAN TRUCK STOP,US-75,Copan,OK,3.119,36.90047,-95.92529,gazetteer
7625,LOVES TRAVEL STOP #248,"I-40, EXIT 71",Clinton,OK,3.172,35.50710,-98.97050,gazetteer
7627,DAVIS TRADING POST,"I-35, EXIT 55",Davis,OK,2.979,34.42943,-97.17444,gazetteer
7629,ARNOLDS TRUCK STOP,US-72/SR-20/SR-157 & CR-59,Tuscumbia,AL,3.169,34.71850,-87.70259,gazetteer
7635,TA MONTGOMERY TRAVEL CENTER,"I-65, EXIT 168 & US-80/US-82/SR-6/SR-8",Montgomery,AL,3.252,32.34850,-86.26731,gazetteer
7636,PILOT TRAVEL CENTER #76,"I-20 & I-59, EXIT 76",Tuscaloosa,AL,2.999,33.23440,-87.52830,gazetteer
7655,LOVES TRAVEL STOP #253,I-40 EXIT 7 & SR 30,Erick,OK,3.206,35.21560,-99.86868,gazetteer
7705,FLYING J TRAVEL PLAZA #610,"I-40, EXIT 53",Kingman,AZ,3.882,35.21699,-114.01053,gazetteer
7715,LONDON AUTO TRUCK CENTER,"I-75, EXIT 41 & SR-80",London,KY,3.399,37.10995,-84.08168,gazetteer
7718,MR FUEL #717,"I-44, EXIT 251",Villa Ridge,MO,3.016,38.46570,-90.88235,gazetteer
7719,FLYING J TRAVEL PLAZA #674,"I-70, EXIT 188",Warrenton,MO,3.116,38.81906,-91.13793,gazetteer
7721,TRAIL STAR TRUCK STOP,"ST 16, EXIT 213",Glendive,MT,3.459,47.10647,-104.71086,gazetteer
7724,FUEL MART #767,US-6 & US-23,Bradner,OH,3.407,41.32388,-83.43637,gazetteer
7725,BELL STORES #48,US-30 & SR-94,Dalton,OH,3.386,40.79956,-81.70372,gazetteer
7733,FLYING J TRAVEL PLAZA #723,"I-40, EXIT 76",Amarillo,TX,3.266,35.19806,-101.83311,gazetteer
7746,PILOT TRAVEL CENTER #888,"I-27, EXIT 74",Tulia,TX,3.341,34.53786,-101.77443,gazetteer
7753,LOVES TRAVEL STOP #166,SR-351,Muskogee,OK,3.337,35.74380,-95.35640,gazetteer
7767,FLYING J TRAVEL PLAZA #759,"I-25, EXIT 7",Cheyenne,WY,3.709,41.12870,-104.79078,gazetteer
7768,BIG D #30,"I-25/US-87, EXIT 9 & I-80, EXIT 359C & I-80 BUS/US-30",Cheyenne,WY,3.204,41.12870,-104.79078,gazetteer
7792,FLYING J TRAVEL PLAZA #630,"I-75/SR-401, EXIT 201 & SR-36",Jackson,GA,3.384,33.29236,-83.96785,gazetteer
7798,CIRCLE K #2745100,"I-95, EXIT 7",Woodbine,GA,3.232,30.95986,-81.71810,gazetteer
7825,PILOT TRAVEL CENTERS #356,"I-65, EXIT 121",Shepherdsville,KY,3.609,37.98143,-85.70201,gazetteer
7838,PILOT #581,"US-52/SR-55, & 117TH ST, MM300",Inver Grove Heights,MN,3.579,44.82901,-93.06007,gazetteer
7871,STRIPES 7FLEET #42454,"US-60, US-70 & US-84",Texico,NM,3.829,34.38921,-103.05068,gazetteer
7873,One9 #387,"I-80, EXIT 280 & SR- 278",Carlin,NV,3.439,40.71901,-116.10805,gazetteer
7886,PETRO STOPPING CENTER #357,"I-70, EXIT 156B & US-40",New Paris,OH,3.487,39.85668,-84.79192,gazetteer
7930,I 24 TRUCK PLAZA,"I-24, EXIT 114 & US-41",Manchester,TN,3.099,35.46413,-86.07290,gazetteer
7946,PILOT TRAVEL CENTERS #289,"I-90/I-39, EXIT 158 & I-43/SR-81, EXIT 1",Beloit,WI,3.799,42.52351,-89.01766,gazetteer
7959,SPF #45,"I-25/US-87, EXIT 7 & US-212",Cheyenne,WY,3.226,41.12870,-104.79078,gazetteer
8840,LOVES TRAVEL STOP #211,"I-35, EXIT 120",Oklahoma City,OK,3.256,35.46708,-97.51366,gazetteer
8895,PAULS VALLEY TRAVEL CENTER,"I-35, EXIT 72  & SR-19",Pauls Valley,OK,2.999,34.71021,-97.22403,gazetteer
8927,LOVES TRAVEL STOP #219,"I-40, EXIT 200",Seminole,OK,3.362,35.23477,-96.64933,gazetteer
8936,CIRCLE K #107,US-220 & CR-902,Ridgeway,VA,3.399,36.57817,-79.85829,gazetteer
8977,LOVES TRAVEL STOP #168,"I-44, EXIT 20",Walters,OK,3.194,34.35843,-98.35688,gazetteer
8987,LOVES TRAVEL STOP #255,"I-40, EXIT 287 & SR-100",Webbers Falls,OK,3.789,35.51700,-95.16422,gazetteer
9160,PILOT TRAVEL CENTERS #912,"I-80, EXIT 300 & SR-40D",Wood River,NE,3.282,40.81957,-98.60418,gazetteer
9161,TREXLER PLAZA TRUCK STOP,I-78/US-22,Allentown,PA,3.632,40.59365,-75.47839,gazetteer
9206,CIRCLE K #4707005,US-2 & SR-4,Farmington,ME,3.899,44.66837,-70.14404,gazetteer
9216,309 TRUCK STOP,SR-309,Coopersburg,PA,3.759,40.51037,-75.39192,gazetteer
9241,7-ELEVEN #40286,"I-76,  EXIT 23/312",Elverson,PA,3.889,40.15372,-75.83083,gazetteer
9280,ONVO TRAVEL PLAZA - LAKEWOOD,"I-84, EXIT 20 & SR-507",Greentown,PA,3.546,41.32176,-75.30546,gazetteer
9340,LANCASTER TRAVEL PLAZA,US-30,Ronks,PA,3.899,40.02844,-76.17608,gazetteer
9354,BFS FOODS TRUCK PLAZA,"I-79, EXIT 1",Mount Morris,PA,4.499,39.73325,-80.08199,gazetteer
9365,FLYING J TRAVEL PLAZA #713,"I-95, EXIT 181",Latta,SC,3.349,34.33894,-79.43356,gazetteer
9381,SCOTT FUEL TRAVEL PLAZA,"I-81, EXIT 199",Dalton,PA,3.599,41.53761,-75.73827,gazetteer
9382,PILOT TRAVEL CENTERS #286,"I-70, EXIT 10 & SR-127",Eaton,OH,3.462,39.75011,-84.63447,gazetteer
9386,PETRO STOPPING CENTER #325,"I-75,  EXIT 167",North Baltimore,OH,3.271,41.17976,-83.66826,gazetteer
9403,PILOT TRAVEL CENTERS #280,"I-78, EXIT 7 & SR-173",Bloomsbury,NJ,3.809,40.65689,-75.07622,gazetteer
9415,7-ELEVEN #40287,"I-76, EXIT 24A/326",Wayne,PA,3.889,40.03960,-75.39266,gazetteer
9423,PETRO STOPPING CENTER #318,"I-70, EXIT 148",Kingdom City,MO,3.057,38.94731,-91.93542,gazetteer
9449,CORNER PANTRY #127,"I-26, EXIT 115 & US-321",West Columbia,SC,3.412,33.99013,-81.09935,gazetteer
9451,TA BETO JUNCTION TRAVEL CENTER,"I-35, EXIT 155 & US-75",Lebo,KS,3.231,38.41618,-95.86248,gazetteer
9467,TA PORTER TRAVEL CENTERS,"I-94, EXIT 22B & US-20",Chesterton,IN,3.849,41.59982,-87.05500,gazetteer
9469,TA EXPRESS COWPENS #477,"I-85, EXIT 83 & SR-110",Cowpens,SC,3.399,35.01862,-81.80412,gazetteer
9485,PILOT TRAVEL CENTER #4559,"I-20, EXIT 26",Villa Rica,GA,3.389,33.72836,-84.91666,gazetteer
9513,CIRCLE K #2705350,"I-20, EXIT 5 & US-25",North Augusta,SC,3.159,33.52330,-81.95657,gazetteer
9525,SCOTCHMAN #3891,"I-77, EXIT 65 & SR-9",Richburg,SC,3.109,34.71662,-81.01958,gazetteer
9528,GO MART FOOD STORE #43,"I-64, EXIT 39 & SR-34",Teays,WV,3.499,38.44176,-81.95291,gazetteer
9542,SPINX #266,"I-26, EXIT 104",Columbia,SC,3.132,34.04052,-80.90610,gazetteer
9550,Mauston Interstate BP,"I-90/I-94, EXIT 69 & SR-82",Mauston,WI,3.227,43.79998,-90.07955,gazetteer
9553,LYNDON STATION BP,I-90 & 94 EXIT 79,Lyndon Station,WI,3.177,43.70879,-89.89365,gazetteer
9554,BIG D OIL #2,US-85 & US-34,Belle Fourche,SD,3.227,44.66380,-103.85914,gazetteer
9614,DITTYS,"I-90, EXIT 284 & SR-45",Kimball,SD,3.089,43.74696,-98.95656,gazetteer
9618,FLYING J #477,US-75,Anna,TX,3.239,33.34817,-96.55345,gazetteer
9638,PILOT TRAVEL CENTERS #62,"I-95, EXIT 170 & SR-327",Florence,SC,3.349,34.17892,-79.79222,gazetteer
9668,COFFEE CUP FUEL STOP #4,"I-90, EXIT 310 & SR-281",Plankinton,SD,3.027,43.71542,-98.48362,gazetteer
9675,FLYING J TRAVEL PLAZA #722,"I-75 & I-40, EXIT 369",Knoxville,TN,3.439,35.97068,-83.94927,gazetteer
9699,SPEEDWAY #9400,US-30/US-62 & SR-297,Canton,OH,3.369,40.80765,-81.36723,gazetteer
9703,PILOT TRAVEL CENTERS #2,"I-90, EXIT 223 & SR-45",Austinburg,OH,3.859,41.76917,-80.85560,gazetteer
9712,TA GREENSBORO TRAVEL CENTER,"I-40 & I-85, EXIT 138 & SR-61",Whitsett,NC,3.997,36.07918,-79.57234,gazetteer
9713,TA Express Vermillion #275,"I-29, EXIT 26 & SR-50",Burbank,SD,3.099,42.74608,-96.83272,gazetteer
9717,COFFEE CUP FUEL STOP #8,"I-90, EXIT 212 & SR-83",Vivian,SD,3.097,43.92727,-100.30112,gazetteer
9724,One9 #1339,"I-81,  EXIT 34",Parish,NY,3.799,43.40580,-76.12637,gazetteer
9746,TA MILL CITY TRAVEL CENTER,"I-80, EXIT 151",Imlay,NV,3.794,40.65811,-118.14410,gazetteer
9747,GOOD TO GO TRAVEL CENTER,"I-80, EXIT 353 & US-81",York,NE,3.317,40.86939,-97.59274,gazetteer
9763,DELUXE TRUCK STOP,SR-759,Saint Joseph,MO,3.149,39.75946,-94.82114,gazetteer
9783,KANGAROO CROSSING #1101,"I-55, EXIT 144",Pickens,MS,3.099,32.89132,-89.96877,gazetteer
9808,TA ANN ARBOR TRAVEL CENTER,"I-94, EXIT 167",Dexter,MI,3.499,42.33226,-83.88103,gazetteer
9812,LEES FOOD MART #1398,"I-40, EXIT 398",Knoxville,TN,3.299,35.97068,-83.94927,gazetteer
9818,CIRCLE K #4707002,"I-95, EXIT 157",Newport,ME,3.899,44.83643,-69.25485,gazetteer
9842,Petes #03,US-59 & US-54,Moran,KS,3.266,37.91654,-95.17143,gazetteer
9843,MAPLE HILL TRUCK STOP,"I-70, EXIT 341",Maple Hill,KS,3.052,39.08542,-96.02801,gazetteer
9851,KWIK STOP #86,US-151/US-52/US-61,Dubuque,IA,3.489,42.49890,-90.70726,gazetteer
9855,PILOT TRAVEL CENTER #37,"I-65, EXIT 95",Whiteland,IN,3.959,39.55514,-86.07435,gazetteer
9860,PARADISE AUTO TRUCK PLAZA,US-31,Rochester,IN,3.406,41.06039,-86.19831,gazetteer
9887,7-ELEVEN #40354,"I-95, EXIT 173",Palm Bay,FL,3.216,27.95480,-80.66496,gazetteer
9941,FLYING J TRAVEL PLAZA #609,"I-10, EXIT 208-A",Eloy,AZ,3.452,32.74126,-111.59401,gazetteer
9945,CIRCLE K #2706690,"I-85/US-29, EXIT 62 & US-280/US-431/SR-38/SR-1",Opelika,AL,2.999,32.66074,-85.37889,gazetteer
9959,FLYING J #876,"I-95, EXIT 104",Ruther Glen,VA,3.619,37.92875,-77.45582,gazetteer
9962,STRIPES #40673,"I-45, EXIT 179",Mcallen,TX,3.289,26.22497,-98.24608,gazetteer
9971,TA DANSVILLE TRAVEL CENTER,"I-390 & COMMERCE, EXIT 5",Dansville,NY,4.499,42.56248,-77.69693,gazetteer
9973,BOLLA MARKET,"I-287, EXIT 66",Mahwah,NJ,3.532,41.08871,-74.14376,gazetteer
9990,JIMS  BEST STOP,US-45 & US-64,Selmer,TN,3.174,35.17059,-88.59510,gazetteer
9995,LOVES TRAVEL STOP #411,"I-35 & I-80, EXIT 125 & US-6",Clive,IA,3.341,41.61324,-93.79787,gazetteer
9997,Circle K #2723687,"I-20, EXIT 11 & US-27/SR-1",Bremen,GA,3.087,33.71077,-85.15190,gazetteer
10006,FLINT HILLS FUEL MART,US-50 & US-77,Florence,KS,3.499,38.24307,-96.92915,gazetteer
10007,CIRCLE K #2705346,SR-307,Savannah,GA,3.032,32.01804,-81.19649,gazetteer
10014,Sudden Service #6604,"I-40, EXIT 212",Nashville,TN,3.399,36.16589,-86.78444,gazetteer
10015,Loves Travel Stop #429,"I-65 & I-24, EXIT 87",Nashville,TN,3.462,36.16589,-86.78444,gazetteer
10020,Maplefields,"US-4, EXIT 2 & SR-22A",Fair Haven,VT,3.599,43.59278,-73.26890,gazetteer
10024,MILLERS TRAVEL CENTER,US-6 & US-50,Wellington,UT,3.659,39.53586,-110.73437,gazetteer
10028,GOOD TO GO #10,US-35,Winamac,IN,3.914,41.05350,-86.60368,gazetteer
10030,LOVES TRAVEL STOP #715,I-77 EXIT 58 & SR-666 & US-52,Bastian,VA,3.597,37.15353,-81.15250,gazetteer
10033,SHELL,"I-95, EXIT 133 & US-17 BUS",Fredericksburg,VA,3.256,38.29927,-77.48666,gazetteer
10047,TOWN PUMP FOOD STORE #8929,"I-15, EXIT 339",Conrad,MT,3.599,48.17408,-111.94659,gazetteer
10053,BECKS #27,"I-39/US-51, EXIT 72 & US-34",Mendota,IL,3.269,41.55665,-89.10051,gazetteer
10057,Flying J Travel Plaza #649,"I-465, EXIT 4",Indianapolis,IN,3.899,39.76838,-86.15804,gazetteer
10058,CITGO,US-431/SR-1 & SR-27,Abbeville,AL,3.399,31.56471,-85.25912,gazetteer
10065,ROAD MART,US-71/US-59,Ashdown,AR,3.299,33.67453,-94.12663,gazetteer
10077,FLYING J TRAVEL PLAZA #607,"I-55, EXIT 4 & I-40, EXIT 280",West Memphis,AR,3.151,35.14955,-90.19927,gazetteer
10085,EL CENTRO TRAVEL CENTER,"I-8, EXIT 115 & SR-86",El Centro,CA,4.499,32.78635,-115.56021,gazetteer
10101,PILOT TRAVEL CENTERS #65,"I-20, EXIT 194",Augusta,GA,3.859,33.36553,-82.07342,gazetteer
10104,GEO H GREEN OIL,"I-85/SR-403, EXIT 41 & US-27 ALT",Newnan,GA,3.199,33.37583,-84.77732,gazetteer
10109,GIT N GO CONVENIENCE STORE #34,"US-30, EXIT 185 & SR-14",Marshalltown,IA,3.119,42.03430,-92.90627,gazetteer
10110,JACKSON'S FOODS DBA ONE9 #1427,"I-84, EXIT 36",Nampa,ID,3.371,43.58497,-116.56293,gazetteer
10122,LOVES TRAVEL STOP #417,"I-80 & I-94, EXIT 9A",Gary,IN,3.809,41.59074,-87.34711,gazetteer
10126,PILOT TRAVEL CENTERS #152,"I-65, EXIT 16 & MEMPHIS RD",Memphis,IN,3.959,38.49482,-85.76704,gazetteer
10128,PETES #20,US-54/SR-7 & US-69,Fort Scott,KS,3.199,37.82800,-94.70414,gazetteer
10135,YESWAY #1116,"I-35, EXIT 60",Mcpherson,KS,3.259,38.36988,-97.66452,gazetteer
10144,PILOT TRAVEL CENTERS #358,"I-24 & US-305, EXIT 3",Paducah,KY,3.699,37.07089,-88.64448,gazetteer
10146,PILOT TRAVEL CENTERS #437,"I-75, EXIT 11 & SR-92",Williamsburg,KY,3.609,36.73871,-84.16565,gazetteer
10150,PILOT TRAVEL CENTERS #300,"I-12, EXIT 40",Hammond,LA,3.232,30.50565,-90.45649,gazetteer
10154,I 49 TRUCK STOP,"I-49, EXIT 23 & US-167",Opelousas,LA,3.199,30.52490,-92.08165,gazetteer
10157,J AND  H OIL,"US-131, EXIT 72",Byron Center,MI,3.499,42.80946,-85.72637,gazetteer
10161,SPEEDWAY #8740,"I-69, EXIT 87",Dewitt,MI,3.599,42.83883,-84.58384,gazetteer
10172,EXPRESS STOP FOOD STORE #4647,"I-75, EXIT 151 & SR- 81",Saginaw,MI,3.399,43.41994,-83.95017,gazetteer
10181,QUIKTRIP #611,I-55 EXIT 178,Herculaneum,MO,2.991,38.25756,-90.39313,gazetteer
10184,CIRCLE K #2721544,"I-55, EXIT 243 & US-278/SR-6",Batesville,MS,3.309,34.32098,-89.92488,gazetteer
10192,INTERSTATE STATION #8,"I-55, EXIT 78",Natchez,MS,3.399,31.54244,-91.38565,gazetteer
20000,BIG BOYS TRUCK STOP,"I-95, EXIT 105",Kenly,NC,3.299,35.60077,-78.12793,gazetteer
20003,PILOT #7976,"I-77, EXIT 42",Troutman,NC,3.659,35.69696,-80.88497,gazetteer
20006,CENEX C STORE,US-52,Kenmare,ND,3.467,48.67281,-102.07203,gazetteer
20009,BIG SPRINGS TRUCK AND TRAVEL,"I-80, EXIT 107",Big Springs,NE,3.074,41.06090,-102.07447,gazetteer
20011,CUBBYS #111,US-81,Norfolk,NE,3.209,42.02822,-97.42781,gazetteer
20012,FLYING J TRAVEL PLAZA #686,"I-80, EXIT 432",Gretna,NE,3.282,41.12792,-96.19686,gazetteer
20014,SIMONS EXIT 16,"I-89, EXIT 16",Enfield,NH,3.499,43.64380,-72.14687,gazetteer
20019,SUNOCO,"I-295, EXIT 2C & SR-140",Penns Grove,NJ,3.459,39.72770,-75.46904,gazetteer
20024,LOVES TRAVEL STOP #259,"I-10 & AIRPORT RD, EXIT 132",Las Cruces,NM,3.214,32.32644,-106.78969,gazetteer
20027,LOVES TRAVEL STOP #262,"I-40, EXIT 333",Tucumcari,NM,3.889,35.17029,-103.70505,gazetteer
20028,MORTONS TRUCK STOP,"I-15, EXIT 46",North Las Vegas,NV,3.399,36.28986,-115.08918,gazetteer
20033,LOVES TRAVEL STOP #772,"I-86 & SR-17, EXIT 37",Bath,NY,4.489,42.33609,-77.31686,gazetteer
20036,SMOKIN JOES,I-90 EXIT 24,Sanborn,NY,3.699,43.14505,-78.87775,gazetteer
20043,FRIENDSHIP FOOD MART #70,SR-2 & SR-53,Port Clinton,OH,3.939,41.50972,-82.93834,gazetteer
20049,LOVES TRAVEL STOP #263,"I-44, EXIT 45 & SR-49",Lawton,OK,3.217,34.61717,-98.42140,gazetteer
20050,LOVES TRAVEL STOP #260,"I-35, EXIT 106 & SR-9 W",Norman,OK,3.254,35.24057,-97.34530,gazetteer
20054,Jacksons Food Stores,"I-84, EXIT 261",La Grande,OR,3.687,45.32447,-118.08689,gazetteer
20062,PILOT TRAVEL CENTERS #298,"I-80, EXIT 256 & SR-93",Drums,PA,3.976,41.01814,-75.99493,gazetteer
20066,KWIK FILL #228,"I-90, EXIT 45 & US-20",North East,PA,4.089,42.21337,-79.83335,gazetteer
20070,ONVO TRAVEL PLAZA - PROMISED LAND,"I-84, EXIT 26 & SR-390",Tafton,PA,3.546,41.40453,-75.18295,gazetteer
20082,GOLDEN EXPRESS TRUCK STOP,US-287/US-81 & CR-1595,Alvord,TX,3.049,33.35697,-97.69603,gazetteer
20083,FLYING J TRAVEL PLAZA #724,"I-10, EXIT 0",Anthony,TX,3.459,31.98673,-106.59863,gazetteer
20086,LOVES TRAVEL STOP #609,"I-35, EXIT 471 & US-77",Denton,TX,3.247,33.21745,-97.14135,gazetteer
20105,CEFCO #1050,"I-30, EXIT 146 & US-37",Mount Vernon,TX,2.942,33.17743,-95.22445,gazetteer
20108,TEX-BEST #501,"I-37, EXIT 125",Elmendorf,TX,2.949,29.25333,-98.32303,gazetteer
20118,KWIK TRIP #648,"I-94, EXIT 116 & SR-54",Black River Falls,WI,3.237,44.29845,-90.84279,gazetteer
20119,FREMONT CITGO,US-10 & SR-110,Fremont,WI,3.399,44.25993,-88.87014,gazetteer
20121,GO MART FOOD STORE #50,"I-77/I-64, EXIT 44 & SR-3",Beckley,WV,3.599,37.77315,-81.16155,gazetteer
44228,I-69 TRUCKSTOP TRAVEL CENTER,"I-69, EXIT 184 & SR-19",Memphis,MI,3.499,42.89523,-82.76826,gazetteer
52040,REBEL TRUCK STOP,"I-5, EXIT 27",Kalama,WA,4.499,46.01714,-122.84194,gazetteer
52048,PILOT TRAVEL CENTERS #302,"I-10, EXIT 13 & CR-30",Theodore,AL,3.159,30.53869,-88.18757,gazetteer
52052,EXPRESSWAY MOBIL,US-63 & US-167,El Dorado,AR,3.599,33.21898,-92.66407,gazetteer
52065,76 DBA ONE9 #1415,"I-75, EXIT 49",Lake Panasoffkee,FL,3.172,28.78429,-82.12307,gazetteer
52067,PETRO STOPPING CENTER #322,"I-285, EXIT 12",Atlanta,GA,3.446,33.76291,-84.42267,gazetteer
52070,FRIENDLY EXPRESS #31,US-1 & US-301,Folkston,GA,3.099,30.83907,-82.00734,gazetteer
52081,MCCLURE OIL #9,US-31 & SR-18,Kokomo,IN,3.839,40.46401,-86.12735,gazetteer
52085,RUSSELL 24/7,"I-70, EXIT 184",Russell,KS,3.007,38.88746,-98.85139,gazetteer
52088,CASEYS #4459,"I-64, EXIT 265",Mayfield,KY,3.249,36.73746,-88.64449,gazetteer
52089,SHELL,US-84 & SR-28,Jonesville,LA,3.399,31.62232,-91.83443,gazetteer
52090,SHOP A LOTT #10,"I-49, EXIT 138 & SR-6",Natchitoches,LA,3.126,31.73477,-93.10094,gazetteer
52099,BEACON & BRIDGE #7,"I-75, EXIT 126",Mount Morris,MI,3.379,43.11766,-83.69873,gazetteer
52103,SPRINT MART #27,US-45 & US-72,Corinth,MS,3.056,34.94835,-88.51362,gazetteer
52104,BLUE SKY #734,SR-1,Saltillo,MS,3.082,34.38029,-88.69622,gazetteer
52106,FLYING J TRAVEL PLAZA #923 -TOWN PUMP,"I-90, EXIT 455",Billings,MT,3.581,45.78854,-108.55248,gazetteer
52112,SROKAS SERVICE CENTER,SR-149,Fort Ann,NY,3.799,43.41573,-73.49051,gazetteer
52128,Sudden Service #8087,I-40 EXIT 238,Lebanon,TN,3.199,36.19938,-86.34463,gazetteer
52140,Sinclair,"I-82, EXIT 69",Sunnyside,WA,4.599,46.31571,-120.00576,gazetteer
52142,PILOT TRAVEL CENTERS #296,"I-94 & BAKER RD, EXIT 167",Dexter,MI,3.499,42.33226,-83.88103,gazetteer
52143,One9 #319,"I-75, EXIT 328",Dalton,GA,3.016,34.76790,-84.97281,gazetteer
52145,Pilot Travel Center #318,"I-465/I-74/US-52/US-40/SR-67, EXIT 4 & SR-37",Indianapolis,IN,3.899,39.76838,-86.15804,gazetteer
52146,FLYING J TRAVEL PLAZA #758,"I-25, EXIT 185 & SR-258",Casper,WY,3.999,42.84212,-106.32128,gazetteer
52150,PILOT TRAVEL CENTERS #311,"I-90, EXIT 27 & SR-97",Erie,PA,4.216,42.11659,-80.07350,gazetteer
52153,PILOT TRAVEL CENTER #1412,"I-94 & RUSSELL RD, EXIT 1",Wadsworth,IL,3.769,42.45069,-87.92515,gazetteer
52155,TA SOUTHINGTON TRAVEL CENTER,"I-84, EXIT 28 & US-65",Milldale,CT,5.199,41.56593,-72.89177,gazetteer
52163,PILOT TRAVEL CENTER #67,"I-75, EXIT 296",Cartersville,GA,3.549,34.16458,-84.80170,gazetteer
52212,FLYING J TRAVEL PLAZA #763,"I-80, EXIT 209",Rawlins,WY,3.749,41.78513,-107.22465,gazetteer
52222,FLYING J TRAVEL PLAZA #735,"I-10, EXIT 873 & SR-62",Orange,TX,3.309,30.12353,-93.75455,gazetteer
52230,ONE9 #294,"I-15 & I-84, EXIT 344 SR-39",Ogden,UT,3.326,41.22839,-111.96815,gazetteer
52233,SPEEDWAY #2953,"US-80, EXIT 3",Yuma,AZ,3.466,32.51629,-114.52178,gazetteer
52235,PETRO STOPPING CENTER #303,"I-80, EXIT 310",Laramie,WY,3.576,41.30595,-105.60864,gazetteer
52236,CHEVRON,US-60,Globe,AZ,4.299,33.39364,-110.74111,gazetteer
52241,Rocket,"I-25/US-85/US-87, EXIT 161 & SR-105",Monument,CO,3.195,39.07441,-104.84422,gazetteer
52250,PILOT TRAVEL CENTERS #222,I-84 EXIT 1,Sturbridge,MA,4.159,42.09711,-72.05500,gazetteer
52262,CIRCLE K #2721577,US-84 & SR-21,Monroeville,AL,3.434,31.51622,-87.32771,gazetteer
52278,NEIGHBORS EXPRESS,US-25/SR-121/SR-23/SR-67,Millen,GA,3.382,32.80689,-81.94204,gazetteer
52297,IGA EXPRESS SHELL #874,"I-65, EXIT 20",Bowling Green,KY,2.999,36.97683,-86.43366,gazetteer
52299,415 TRUCK STOP,"I-10, EXIT 151 & SR-415",Port Allen,LA,3.089,30.44383,-91.20741,gazetteer
52307,CASEYS #3002,SR-60 & SR-30/SR-4,Saint James,MN,3.219,43.98336,-94.62539,gazetteer
52313,CIRCLE K #2723445,"I-20, EXIT 5A & US-61/SR-27",Vicksburg,MS,2.959,32.32200,-90.88156,gazetteer
52322,BOLLA MARKET,"I-95, EXIT 13",Elizabeth,NJ,3.099,40.66637,-74.19350,gazetteer
52323,POWER,"I-78, EXIT 58 & SR-9/SR-1",Newark,NJ,4.299,40.72422,-74.17257,gazetteer
52325,MIRABITO #69,"I-88, EXIT 15 & SR-23",Oneonta,NY,3.999,42.45482,-75.06688,gazetteer
52326,MR FUEL #715,"I-70, EXIT 203",Foristell,MO,2.926,38.81439,-90.95896,gazetteer
52334,KWIK TRIP #775,"I-90, EXIT 69 & SR-82",Mauston,WI,3.287,43.79998,-90.07955,gazetteer
52335,SHELL,"I-295, EXIT 3",Disputanta,VA,3.029,37.12355,-77.22486,gazetteer
52340,KWIK FILL #249,US-22,Duncansville,PA,4.072,40.42631,-78.43026,gazetteer
52344,STAMART 1224,"I-94, EXIT 166",Bismarck,ND,3.616,46.81458,-100.77009,gazetteer
52346,QUARLES #4436,"I-695, EXIT 41 & SR-151",Dundalk,MD,3.699,39.26682,-76.49653,gazetteer
52348,SHELL,"I-75, EXIT47 & SR-85",Detroit,MI,3.699,42.38304,-83.10224,gazetteer
52361,PAYLESS FUEL TRAVEL CENTER,"I-20, EXIT 470",Dallas,TX,2.986,32.79333,-96.76651,gazetteer
52363,SPEEDWAY #2376,US-131 & SR-46,Cedar Springs,MI,3.899,43.22042,-85.55437,gazetteer
52364,PILOT TRAVEL CENTERS #335,"I-20 & SR-137, EXIT 138",Rayville,LA,3.212,32.47098,-91.75745,gazetteer
52365,MOORES SUPER STORE,US-43/US-278/SR-171,Hamilton,AL,3.799,34.13871,-87.97083,gazetteer
52366,ALMA TRAVEL MART,"I-40, EXIT 13 & US-71",Alma,AR,3.332,35.49238,-94.21395,gazetteer
52367,DOSWELL TRUCK STOP,"I-95, EXIT 98 & SR-30",Doswell,VA,2.899,37.86014,-77.46415,gazetteer
52383,FLYING J TRAVEL PLAZA #601,"I-20/I-59, EXIT 104",Mc Calla,AL,3.171,33.30311,-87.02666,gazetteer
52387,MARATHON,"I-55, EXIT 265 & SR-4",Senatobia,MS,3.199,34.60865,-89.98099,gazetteer
52388,FLYING J TRAVEL PLAZA #711,"I-85, EXIT 102",Blacksburg,SC,3.429,35.12209,-81.51812,gazetteer
52393,CASEYS #3004,SR-15 & CR-52,Truman,MN,3.299,43.82787,-94.43657,gazetteer
52400,PILOT TRAVEL CENTERS #324,"I-94/US-41, EXIT 329",Franksville,WI,3.889,42.76002,-87.91341,gazetteer
52401,LOVES TRAVEL STOP #267,"I-40, EXIT 107 & SR-95",Morrilton,AR,3.361,35.15546,-92.73893,gazetteer
52402,FLYING J TRAVEL PLAZA #665,"I-20, EXIT 3 & SR-79",Greenwood,LA,3.146,32.43147,-93.95989,gazetteer
52413,PILOT TRAVEL CENTERS #360,"I-75 & SR-613, EXIT 164",Findlay,OH,3.316,41.04736,-83.63809,gazetteer
52414,Mobil dba ONE9 #1341,"I-5, EXIT 208",Arlington,WA,3.799,48.17037,-122.14455,gazetteer
52421,SHEETZ #194,"I-80, EXIT 97",Falls Creek,PA,3.307,41.14196,-78.80695,gazetteer
52422,KWIK TRIP #674,"I-94, EXIT 45 & US-12/SR-29",Menomonie,WI,3.499,44.88920,-91.90957,gazetteer
52423,PILOT TRAVEL CENTER #908- TOWN PUMP,"I-15 & I-90, EXIT 122",Butte,MT,3.566,46.00382,-112.53474,gazetteer
52426,J MART #322,"I-65, EXIT 322",Falkville,AL,3.199,34.37702,-86.90955,gazetteer
52427,PILOT TRAVEL CENTERS #340,"I-80, EXIT 46",Fernley,NV,3.916,39.56477,-119.18943,gazetteer
52430,CHEVRON FOOD MART,"I-75, EXIT 350 & SR-2",Ringgold,GA,2.859,34.91366,-85.12151,gazetteer
52431,WOODBINE TRAVEL CENTER,"I-95, EXIT 14",Woodbine,GA,3.032,30.95986,-81.71810,gazetteer
52435,CM WINNERS CHOICE,"I-10 & SR-108, EXIT 23",Sulphur,LA,3.299,30.22979,-93.35634,gazetteer
52438,NEW MADRID,"I-55, EXIT 52/SR-P",New Madrid,MO,3.269,36.58641,-89.55122,gazetteer
52439,CIRCLE K #2723395,US-11,Hattiesburg,MS,3.199,31.30730,-89.31743,gazetteer
52441,PILOT #6990,"I-95, EXIT 106",Kenly,NC,3.709,35.60077,-78.12793,gazetteer
52450,PILOT #1290,"I-35, EXIT 410 & US-77",Red Oak,TX,3.299,32.50955,-96.78398,gazetteer
52452,PLAINVIEW TRAVEL PLAZA,"US-41, EXIT 113 & SR-26",Oshkosh,WI,3.199,44.02317,-88.56226,gazetteer
52454,PILOT TRAVEL CENTERS #6,"I-70, EXIT 178 & SR-209",Cambridge,OH,3.509,40.02093,-81.58547,gazetteer
52455,LOVES TRAVEL STOP #266,"I-35, EXIT 32",Ardmore,OK,3.649,34.19651,-97.13185,gazetteer
52456,PILOT TRAVEL CENTERS #317,"I-44, EXIT 4 (ST 435)",Joplin,MO,3.412,37.07522,-94.50126,gazetteer
52461,FLORENCE VALERO,US-130,Burlington,NJ,3.136,40.07882,-74.85248,gazetteer
52463,PILOT TRAVEL CENTERS #341,"I-15, EXIT 48",North Las Vegas,NV,3.696,36.28986,-115.08918,gazetteer
52464,7-ELEVEN #40118,ST 220 & I-180,Muncy,PA,4.359,41.20216,-76.78551,gazetteer
52465,FLYING J TRAVEL PLAZA #605,"I-40, EXIT 84",Russellville,AR,3.369,35.27633,-93.13874,gazetteer
52466,FLYING J TRAVEL PLAZA #784,"I-95, EXIT 100 & SR-272",North East,MD,4.199,39.60804,-75.94165,gazetteer
52467,FLYING J TRAVEL PLAZA #712,"I-20, EXIT 70",Columbia,SC,3.432,34.04052,-80.90610,gazetteer
52469,LOVES TRAVEL STOPS #269,US-287/US-82/SR-79 & US-281,Wichita Falls,TX,3.123,33.90665,-98.52585,gazetteer
52470,QUIKTRIP #562,"I-80, EXIT 136",Des Moines,IA,3.047,41.57259,-93.61024,gazetteer
52471,FLYING J TRAVEL PLAZA #695,"I-75, EXIT 135",Beaverdam,OH,3.331,40.83249,-83.97338,gazetteer
52474,PILOT TRAVEL CENTERS #17,"I-94, EXIT 104",Battle Creek,MI,3.959,42.29918,-85.22927,gazetteer
52477,PETRO FARGO #361,"I-94, EXIT 348",Fargo,ND,3.499,46.86470,-96.82908,gazetteer
52478,LOVES TRAVEL STOP #418,"I-64, EXIT 172",Grayson,KY,3.756,38.33389,-82.93581,gazetteer
52479,PETRO CARNESVILLE #377,"I-85, EXIT 160",Carnesville,GA,3.154,34.37676,-83.23448,gazetteer
52480,LOVES TRAVEL STOP #268,US6-9 & US-75,Atoka,OK,3.489,34.38635,-96.13110,gazetteer
52482,KING TRAVEL PLAZA,"I-95, EXIT 6",Kingsland,GA,3.109,30.84610,-81.79091,gazetteer
52483,FLYING J TRAVEL PLAZA #659,"I-70, EXIT 253",Salina,KS,3.772,38.81309,-97.61448,gazetteer
52484,KWIK STAR #303,"I-80, EXIT 201 & US-21",Brooklyn,IA,3.129,41.73205,-92.44498,gazetteer
52510,Valero,SR-9,Maysville,KY,3.599,38.65002,-83.79296,gazetteer
52511,JOES JUNCTION #9,"I-65, RAYMOND EXIT",Indianapolis,IN,3.459,39.76838,-86.15804,gazetteer
52512,LOVES TRAVEL STOPS #270,"I-20, EXIT 349",Ranger,TX,3.189,32.46949,-98.67574,gazetteer
52513,FLYING J TRAVEL PLAZA #678,"I-20 & I-55, EXIT 47",Pearl,MS,3.149,32.27246,-90.09183,gazetteer
52514,FLYING J TRAVEL PLAZA #671,"I-55, EXIT 58",Matthews,MO,3.239,36.75680,-89.56748,gazetteer
52516,FLYING J TRAVEL PLAZA #612,"I-40, EXIT 255",Winslow,AZ,3.624,35.02424,-110.70933,gazetteer
52517,STRIPES 7FLEET #42562,US-84 & US-385,Littlefield,TX,3.199,33.91918,-102.33480,gazetteer
52520,DANDY MINI MART #19,"ROUTE 17, EXIT 59-A",Sayre,PA,3.992,41.98572,-76.52085,gazetteer
52527,PETRO STOPPING CENTER #323,"I-75, EXIT 368",Reddick,FL,3.352,29.36870,-82.19756,gazetteer
52528,QUIKTRIP #150,"I-70, EXIT 28",Oak Grove,MO,2.959,39.00703,-94.12844,gazetteer
52529,BIG SKY TRUCK STOP,"I-15, EXIT 56 N",Dillon,MT,3.689,45.21788,-112.63458,gazetteer
52534,LEES FOOD MART #1122,"I-75, EXIT 122 & SR-61",Clinton,TN,2.969,36.09734,-84.12895,gazetteer
52535,PWI #115,"I-45, EXIT 178",Buffalo,TX,2.899,31.45891,-96.06616,gazetteer
52537,TA Express Osseo #431,"I-94, EXIT 88",Osseo,WI,3.469,44.57983,-91.21383,gazetteer
52539,PILOT TRAVEL CENTERS #331,"I-285 , EXIT 51",Atlanta,GA,3.599,33.76291,-84.42267,gazetteer
52541,PANTRY TRUCKSTOP,US-2/US-41,Rapid River,MI,3.319,45.92639,-86.97428,gazetteer
52546,CIRCLE K #2723910,US-84 & US-27,Bainbridge,GA,3.599,30.90621,-84.57265,gazetteer
52548,Henderson Fuel Mart,"I-80, EXIT 342",Henderson,NE,2.899,40.78025,-97.81221,gazetteer
52549,SPEEDWAY #3328,"I-77, EXIT 159 A",Cleveland,OH,3.799,41.47846,-81.67943,gazetteer
52550,PILOT TRAVEL CENTERS #404,"I-24, EXIT 81 SE",Murfreesboro,TN,3.472,35.85392,-86.42122,gazetteer
52551,PILOT TRAVEL CENTERS #374,"I-10, EXIT 142 & SR-71",Marianna,FL,3.599,30.76144,-85.25626,gazetteer
52552,FLYING J TRAVEL PLAZA #672,"I-49/US-71, EXIT167 & CR-J",Peculiar,MO,3.422,38.73083,-94.46860,gazetteer
52557,SPRINT MART #40,US-72 & SR-247,Tuscumbia,AL,3.189,34.71850,-87.70259,gazetteer
52558,LOVES TRAVEL STOP #271,"I-40, EXIT 37 & US-219",Ozark,AR,3.392,35.50186,-93.84838,gazetteer
52562,MOBIL,"I-87, EXIT 36",Plattsburgh,NY,3.799,44.69203,-73.45828,gazetteer
52564,FLYING J TRAVEL PLAZA #669,"I-44, EXIT 11A & US-71/SR-249 & SR-FF",Joplin,MO,3.412,37.07522,-94.50126,gazetteer
52565,PILOT TRAVEL CENTERS #377,"I-35, EXIT 13",Laredo,TX,3.599,27.56038,-99.48918,gazetteer
52566,YUMM,"I-35, EXIT 8",Laredo,TX,2.876,27.56038,-99.48918,gazetteer
52575,PILOT TRAVEL CENTERS #775,"I-15, EXIT 4",Saint George,UT,3.676,37.07701,-113.57653,gazetteer
52577,PILOT TRAVEL CENTER #329,"I-29 & I-80, EXIT 1B",Council Bluffs,IA,3.659,41.23599,-95.85316,gazetteer
52580,LOVES TRAVEL STOP #405,"I-95, EXIT 29",Brunswick,GA,3.321,31.13615,-81.46694,gazetteer
52581,TA WILLCOX TRAVEL CENTER,"I-10, EXIT 340",Willcox,AZ,3.282,32.25180,-109.83570,gazetteer
52582,JRs Oasis,SR-50,Yankton,SD,3.149,42.88975,-97.39269,gazetteer
52585,SUPERPUMPER #22,"I-94, EXIT 42",Belfield,ND,3.529,46.88679,-103.19548,gazetteer
52587,PILOT TRAVEL CENTERS #380,"I-81, EXIT 25 & I-90, EXIT 36",Liverpool,NY,4.159,43.10557,-76.20966,gazetteer
52588,STRIPES #42564,US-87,Lubbock,TX,3.199,33.56190,-101.88888,gazetteer
52594,PILOT TRAVEL CENTERS #348,"I-70, EXIT 32B",Bentleyville,PA,4.109,40.11785,-80.00442,gazetteer
52595,7-ELEVEN #40281,"I-476,  EXIT 35/95",Jim Thorpe,PA,3.589,40.85721,-75.77634,gazetteer
52597,7-ELEVEN #40278,"I-81, EXIT 44 & I-76",Plainfield,PA,3.967,40.20117,-77.28328,gazetteer
52598,7-ELEVEN #40283,"I-76, EXIT 19/247",Middletown,PA,3.971,40.64401,-75.32458,gazetteer
52599,7-ELEVEN #40285,"I-76, EXIT 21/286",Bowmansville,PA,3.971,40.20173,-76.02103,gazetteer
52602,7-ELEVEN #40277,"I-76, EXIT 16/226",Newburg,PA,4.299,40.83944,-78.68496,gazetteer
52603,CASEYS #3364,US-281 & SR-200,Carrington,ND,3.439,47.45285,-99.13103,gazetteer
52607,PILOT TRAVEL CENTERS #409,"I-40, EXIT 172",Dickson,TN,3.192,36.06332,-87.36884,gazetteer
52608,PILOT #7971,"I-40, EXIT 133",Conover,NC,3.699,35.71522,-81.21683,gazetteer
52610,TA HARBORCREEK TRAVEL CENTER,"I-90, EXIT 35",Erie,PA,4.199,42.11659,-80.07350,gazetteer
52611,STRIPES #40530,SR-239,Del Rio,TX,3.229,29.37305,-100.88185,gazetteer
52612,STRIPES 7FLEET #42568,US-60 & CR-G,Hereford,TX,3.351,34.82260,-102.40016,gazetteer
52615,PILOT TRAVEL CENTERS #4,"I-90, EXIT 151",Avon,OH,3.879,41.44510,-82.00511,gazetteer
52618,PILOT TRAVEL CENTERS #63,"I-85, EXIT 35",Piedmont,SC,3.222,34.70562,-82.46675,gazetteer
52620,GOODLAND 24/7 STORE,"I-70, EXIT 19",Goodland,KS,3.087,39.34851,-101.71382,gazetteer
52621,CORNER MARKET #111,"I-70, EXIT 27",Goodland,KS,3.059,39.34851,-101.71382,gazetteer
52622,STRIPES 7FLEET #42567,I-20,Stanton,TX,3.016,32.13170,-101.79246,gazetteer
52624,PILOT TRAVEL CENTERS #390,"I-84, EXIT 188 & US-395",Stanfield,OR,3.469,45.78219,-119.21606,gazetteer
52625,FLYING J TRAVEL PLAZA #673,"I-44, EXIT 226 & SR-85",Sullivan,MO,3.324,38.21279,-91.16365,gazetteer
52626,FLYING J TRAVEL PLAZA #627,"I-95/SR-405, EXIT 29 & US-82/US-17/SR-25/SR-520",Brunswick,GA,3.396,31.13615,-81.46694,gazetteer
52628,One9 Pride #1215,"I-10, EXIT 45",Salome,AZ,3.359,33.77777,-113.60605,gazetteer
52629,LOVES TRAVEL STOPS #413,"I-90, EXIT 106 & US-97",Ellensburg,WA,3.829,47.00012,-120.54954,gazetteer
52630,PILOT TRAVEL CENTERS #386,"I-5, EXIT 263",Salem,OR,3.859,44.92390,-123.02301,gazetteer
52632,LOVES TRAVEL STOP #451,"I-65, EXIT 95 & CR-500",Whiteland,IN,3.949,39.55514,-86.07435,gazetteer
52633,PILOT TRAVEL CENTERS #57,"I-40 & I-85, EXIT 152",Mebane,NC,3.959,36.08168,-79.27674,gazetteer
52634,PETRO STOPPING CENTER #362,"I-80, EXIT 353",York,NE,3.299,40.86939,-97.59274,gazetteer
52635,E EXPRESS at MLK,"I-40 & I-35, EXIT 127",Oklahoma City,OK,2.889,35.46708,-97.51366,gazetteer
52636,LOVES TRAVEL STOP #414,"I-64, EXIT 25B & US-41",Haubstadt,IN,3.949,38.20324,-87.57474,gazetteer
52638,STRIPES 7FLEET #42555,"I-20, EXIT 80 & SR-18",Monahans,TX,2.929,31.65572,-103.08369,gazetteer
52640,SPEEDWAY #8316,US-30 & US-41,Dyer,IN,3.649,41.49780,-87.50901,gazetteer
52641,PILOT TRAVEL CENTERS #71,"I-95, EXIT 109",Port Wentworth,GA,3.372,32.19201,-81.20573,gazetteer
52642,One9 #61,"I-26, EXIT 52 & SR-56",Clinton,SC,3.099,34.47389,-81.86090,gazetteer
52643,Minit Mart #3,HIGHWAY 277 & FM 1589,Eagle Pass,TX,3.199,28.71280,-100.48481,gazetteer
52644,ONE9 #058,"I-95, EXIT 180 & SR-48",Pleasant Hill,NC,3.399,36.25404,-80.89462,gazetteer
52646,FLYING J TRAVEL PLAZA #619,"I-70, EXIT 285",Aurora,CO,3.392,39.70954,-104.72051,gazetteer
52647,FLYING J TRAVEL PLAZA #699,"I-70, EXIT 122",Millersport,OH,3.446,39.89638,-82.54195,gazetteer
52648,Stripes #42566,US-67 & SR-158,Ballinger,TX,3.056,31.73915,-99.95541,gazetteer
52649,FLYING J TRAVEL PLAZA #623,"I-10, EXIT 192 & US-90",Midway,FL,3.799,30.40506,-87.00961,gazetteer
52651,TA NEW BRAUNFELS TRAVEL CENTER,"I-35, EXIT 193",New Braunfels,TX,3.449,29.69931,-98.11513,gazetteer
52652,PILOT TRAVEL CENTERS #47,"I-275, EXIT 129",Georgetown,KY,3.206,38.26018,-84.53492,gazetteer
52656,TRAVELING TIGER CENTER,"I-10, EXIT 87",Sierra Blanca,TX,3.156,31.18343,-105.33954,gazetteer
52658,LOVES TRAVEL STOP #274,"I-40, EXIT 221 & SR-27",Okemah,OK,3.356,35.42927,-96.30031,gazetteer
52659,LOVES TRAVEL STOP #276,"I-10, EXIT 20",Lordsburg,NM,3.457,32.34378,-108.70212,gazetteer
52661,LOVES TRAVEL STOP #281,"I-35 WEST, EXIT 40",Fort Worth,TX,3.187,32.78195,-97.34857,gazetteer
52663,EXXON,"I-20/I-59, EXIT 17 & SR-28",Livingston,AL,2.979,32.59555,-88.18693,gazetteer
52664,PETRO STOPPING CENTER #378,I-81 EXIT 178B,Pittston,PA,4.166,41.32792,-75.78568,gazetteer
52667,EXPRESS LANE TRAVEL CENTER,"I-20, EXIT 100 & US-80",Lawrence,MS,3.299,32.32514,-89.23284,gazetteer
52674,FLYING J TRAVEL PLAZA #738,"I-20/FM707, EXIT 277",Tye,TX,3.124,32.45222,-99.86654,gazetteer
52675,PILOT TRAVEL CENTER #907- TOWN PUMP,"I-94, EXIT 138",Miles City,MT,3.499,46.40582,-105.83894,gazetteer
52676,PILOT TRAVEL CENTERS #336,"I-80, EXIT 97 & US-219",Du Bois,PA,4.034,41.12227,-78.75615,gazetteer
52678,STRIPES 7FLEET #42433,US-277,Bronte,TX,3.474,31.88605,-100.29512,gazetteer
52679,LOVES TRAVEL STOP #404,"I-295, EXIT 56 & I-95, EXIT 7",Bordentown,NJ,3.979,40.14969,-74.70768,gazetteer
52680,PILOT TRAVEL CENTER #91,"I-95, EXIT 329",Saint Johns,FL,3.424,30.08150,-81.54774,gazetteer
52683,PILOT TRAVEL CENTER #145,"I-40/US-71/US-62, EXIT 72 AND US-412",Springdale,AR,3.459,36.19144,-94.15506,gazetteer
52684,KWIK STAR #348,US-30/US-67,Clinton,IA,3.624,41.84237,-90.24282,gazetteer
52685,LOVES TRAVEL STOP #275,"I-40/US-63, EXIT 233 & SR-261",Palestine,AR,3.316,34.97031,-90.90823,gazetteer
52686,LOVES TRAVEL STOP #278,"I-40, EXIT 277",Joseph City,AZ,3.607,34.96369,-110.32904,gazetteer
52687,LOVES TRAVEL STOP #286,"I-10, EXIT 17",Quartzsite,AZ,3.949,33.66751,-114.21704,gazetteer
52690,LOVES TRAVEL STOP #415,"I-95 & OKEECHOBEE RD, EXIT 129",Fort Pierce,FL,3.506,27.42611,-80.34249,gazetteer
52691,PILOT TRAVEL CENTERS #312,"I-20/SR-402, EXIT 5 & SR-100",Tallapoosa,GA,3.389,33.73666,-85.28736,gazetteer
52692,PILOT TRAVEL CENTER #249,"I-70/I-55, EXIT 18 & SR-162",Troy,IL,3.379,38.72622,-89.89347,gazetteer
52697,FLYING J TRAVEL PLAZA #747,"I-15, EXIT 261",Springville,UT,3.766,40.16427,-111.61952,gazetteer
60084,SUNSTOP #625,US-84,Ashford,AL,3.599,31.18528,-85.23624,gazetteer
60106,SUNSTOP #619,US-84,Daleville,AL,3.399,31.29153,-85.71171,gazetteer
60114,SUNSTOP #606,US-84/SR-167,Enterprise,AL,3.699,31.32553,-85.84607,gazetteer
60136,HOBO PANTRY #18,US-431,Headland,AL,3.599,31.35497,-85.35703,gazetteer
60145,OCS QUICK STOP,US-43/SR-13,Mount Vernon,AL,3.699,31.08773,-88.01317,gazetteer
60147,HOP-IN FOOD STORES,US-82 & SR-22,Maplesville,AL,3.399,32.78439,-86.87969,gazetteer
60191,PILOT #1180,"I-10, EXIT 94",Tonopah,AZ,3.899,33.48799,-112.93081,gazetteer
60206,TA EXPRESS #649,"I-25, EXIT 52",Walsenburg,CO,4.259,37.63060,-104.78172,gazetteer
60208,BERKSHIRE PETROLEUM,"I-91, EXIT 9",North Haven,CT,3.549,41.38146,-72.85637,gazetteer
60220,ZELLWOOD TRUCK STOP,US-441,Zellwood,FL,3.499,28.72190,-81.57323,gazetteer
60224,SUNSTOP #419,US-19,Camilla,GA,3.499,31.23406,-84.20956,gazetteer
60226,CIRCLE K #2723903,US-82 & SR-520,Dawson,GA,3.499,31.77186,-84.44350,gazetteer
60229,96 TRAVEL PLAZA,"I-16, EXIT 24",Jeffersonville,GA,3.399,32.68629,-83.34268,gazetteer
60230,CIRCLE K #2745152,US-19,Pelham,GA,3.499,31.12664,-84.15146,gazetteer
60242,KWIK STAR #711,US-18/US-52,Monona,IA,3.624,43.04984,-91.39106,gazetteer
60245,STINKER #74,"I-84, EXIT 137",Bliss,ID,3.634,42.92428,-114.94752,gazetteer
60248,METRO,"I-95, EXIT 12",Avenel,NJ,3.299,40.58433,-74.27163,gazetteer
60250,ELIZABETH TRUCK STOP,"I-95, EXIT 13A & SR-81",Elizabethport,NJ,3.399,40.65010,-74.18709,gazetteer
60255,HUCKS FOOD & FUEL #186,US-51/CR-1450 & US-136,Heyworth,IL,3.479,40.31436,-88.99228,gazetteer
60270,CHUCKLES #27,SR-57,Washington,IN,3.339,38.65823,-87.16036,gazetteer
60273,24-7,"I-70, EXIT 53 & SR-25",Colby,KS,3.056,39.38456,-101.04498,gazetteer
60280,JUMP START #9,"I-35, EXIT 4",South Haven,KS,3.069,37.04950,-97.40126,gazetteer
60282,CRVS #7,SR-96 & SR-27,Tribune,KS,3.399,38.47204,-101.75453,gazetteer
60294,LITTLE CAPITOL EXXON,"I-10, EXIT 115",Breaux Bridge,LA,3.899,30.28310,-91.90592,gazetteer
60295,EXIT 80 TRAVEL PLAZA,"I-10, EXIT 80",Crowley,LA,3.109,30.21790,-92.37484,gazetteer
60298,BEAU CHENE TRUCK STOP,"I-49, EXIT 11",Grand Coteau,LA,3.399,30.42024,-92.04379,gazetteer
60313,WHITE MARSH TRUCK STOP,US-40,White Marsh,MD,3.369,39.38155,-76.45842,gazetteer
60316,CIRCLE K #4707001,"I-95, EXIT 264 & SR-158",Sherman,ME,3.932,45.87116,-68.41781,gazetteer
60324,FUEL MART OF AMERICA,"I-75, EXIT 59",Detroit,MI,3.499,42.38304,-83.10224,gazetteer
60326,SUNRISE CONVENIENCE STORE #29,"I-69, EXIT 184",Memphis,MI,3.499,42.89523,-82.76826,gazetteer
60328,SPEEDWAY #8748,"I-69, EXIT 6",Flint,MI,3.339,43.02442,-83.69197,gazetteer
60329,CHARLIES COUNTRY CORNER,"I-75, EXIT 271",Grayling,MI,3.799,44.65796,-84.71107,gazetteer
60333,LAKESHORE BP,US-2,Manistique,MI,3.499,45.95974,-86.25095,gazetteer
60341,SNAPPY FOOD MART,ST 60,Tekonsha,MI,3.589,42.09737,-84.99192,gazetteer
60342,True North #254,US-31 & SR-37,Traverse City,MI,3.729,44.75431,-85.60301,gazetteer
60344,DORR TRUCK STOP,"US-131, EXIT 68",Wayland,MI,3.499,42.67308,-85.64173,gazetteer
60347,KWIK TRIP #875,"I-90, EXIT 157, BRIDGE ST ENTRANCE",Albert Lea,MN,3.324,43.65429,-93.36415,gazetteer
60358,PETRO SERVE USA #54,US-10,Glyndon,MN,3.449,46.87099,-96.57841,gazetteer
60372,FLYING W CONVENIENCE STORE,SR-96,Carthage,MO,3.199,37.15060,-94.32787,gazetteer
60373,FLYING J #571,"I-57, EXIT 12 & US-60",Charleston,MO,3.559,36.91693,-89.33391,gazetteer
60374,PILOT TRAVEL CENTERS #385,US-54 & SR-13,Collins,MO,3.496,37.88961,-93.62182,gazetteer
60379,FAST LANE #50,US-54/SR-19,Laddonia,MO,3.157,39.24280,-91.64257,gazetteer
60380,AMOCO,US-63/US-136,Lancaster,MO,3.249,40.52632,-92.53173,gazetteer
60382,WINDSTARS #5101,"I-435, EXIT 57",Kansas City,MO,3.099,39.12515,-94.55031,gazetteer
60383,CASEYS #4399,"I-70, EXIT 175",New Florence,MO,2.949,38.90847,-91.45479,gazetteer
60392,Kangaroo Crossing #1107,"I-20, EXIT 68 & SR-43",Pelahatchie,MS,3.199,32.32090,-89.80795,gazetteer
60398,TOWN PUMP FOOD STORE #610,"I-90, EXIT 333",Livingston,MT,3.644,45.66563,-110.55571,gazetteer
60400,CAN AM C STORE,SR-16,Plentywood,MT,3.499,48.77602,-104.55730,gazetteer
60416,MINUTEMAN FOOD MART #20,US-74 & US-76,Whiteville,NC,3.461,34.33046,-78.70144,gazetteer
60420,PUMP & PANTRY #35,US-183,Alma,NE,3.459,40.10357,-99.36569,gazetteer
60426,BONS BONS MOBIL,US-3,Merrimack,NH,3.699,42.86509,-71.49340,gazetteer
60434,ENRITE,US-9,Linden,NJ,3.342,40.62734,-74.23631,gazetteer
60442,Circle K #4706716,SR-71 & SR-47,Yorkville,IL,3.499,41.66174,-88.42860,gazetteer
60460,HAHN OIL,US-36,Coshocton,OH,3.299,40.26175,-81.84729,gazetteer
60461,TRUE NORTH #704,"I-75, EXIT 56A",Dayton,OH,3.799,39.78474,-84.19963,gazetteer
60463,Anna Truck Stop,"I-75, EXIT 99",Anna,OH,3.016,40.39536,-84.17566,gazetteer
60465,MOTOMART #4129,ST 309,Marion,OH,3.342,40.59675,-83.12319,gazetteer
60471,FUEL MART #701,"I-480/I-271, EXIT 23 & SR-8",Bedford,OH,3.529,41.39212,-81.53468,gazetteer
60473,BELL STORES #50,ST 3,Wooster,OH,3.599,40.81906,-81.93156,gazetteer
60476,PETES #11,US-75,Dewey,OK,3.154,36.79040,-95.93371,gazetteer
60508,FEGLEY VALERO,SR-309,Tamaqua,PA,3.599,40.80405,-75.92662,gazetteer
60513,CIRCLE K #2723873,US-17,Georgetown,SC,2.899,33.37243,-79.28079,gazetteer
60515,FLASH MARKET #302,SR-9 & SR-151,Pageland,SC,3.386,34.77012,-80.38571,gazetteer
60516,ENMARKET #892,"I-95, EXIT 150",Harleyville,SC,3.399,33.21307,-80.44778,gazetteer
60519,CORNER PANTRY #25,US-14,Huron,SD,3.079,44.36234,-98.20957,gazetteer
60538,TEXACO #380031,ST 21W,Bryan,TX,3.399,30.66602,-96.38105,gazetteer
60539,SHELL,US-96 & SR-62/FM-1004,Buna,TX,3.102,30.44271,-93.96066,gazetteer
60540,CIRCLE K #2706340,"I-20, EXIT 533",Canton,TX,2.776,32.55425,-95.86353,gazetteer
60551,CIRCLE K #2744522,"I-30, EXIT 201  I-30 & SR-8",New Boston,TX,2.942,33.46111,-94.41910,gazetteer
60554,CEFCO #2070,"I-27, EXIT 49",Plainview,TX,2.832,34.19112,-101.72350,gazetteer
60565,CEFCO #2006,"I-40, EXIT 163",Shamrock,TX,3.099,35.21540,-100.24608,gazetteer
60579,SPEEDWAY #4633,US-220/US-221/US-460,Roanoke,VA,3.399,37.27846,-79.95817,gazetteer
60587,BJS AUTO TRUCK PLAZA,SR-28,Rock Island,WA,3.999,47.37317,-120.14208,gazetteer
60589,RIVER COUNTRY PLAZA,"SR-29, EXIT 91",Cadott,WI,3.397,44.94980,-91.15376,gazetteer
60590,DARLINGTON MINI MART,SR-23 & SR-81,Darlington,WI,3.399,42.67636,-90.12052,gazetteer
60635,EXXON ON THE RUN,US-62/US-412 & SR-126,Gassville,AR,3.695,36.28495,-92.48683,gazetteer
60650,SHELL DBA ONE9 #1244,"I-8, EXIT 115",Gila Bend,AZ,3.259,32.96624,-112.71546,gazetteer
60700,PWI #502,"I-70/US-40, EXIT 259",Golden,CO,3.199,39.74248,-105.21056,gazetteer
60707,REATA TRAVEL STOP,"I-76, EXIT 125",Sterling,CO,3.399,40.62049,-103.19258,gazetteer
60708,CRVS STORE #6,US-385,Wray,CO,3.449,40.07992,-102.22860,gazetteer
60762,BP,US-1 & US-341,Baxley,GA,3.599,31.76475,-82.34925,gazetteer
60768,GAS N GO FOOD STORE,"I-75, EXIT 290/US-41",Cartersville,GA,2.942,34.16458,-84.80170,gazetteer
60773,NEIGHBORS EXPRESS,US-341/SR-27 & US-129 ALT/SR-340,Hawkinsville,GA,3.399,32.30118,-83.47886,gazetteer
60779,Marathon,US-129,Eatonton,GA,3.399,33.32582,-83.38886,gazetteer
60781,JP PERRY,"I-75, EXIT 138",Perry,GA,3.082,32.47371,-83.72781,gazetteer
60783,CIRCLE K #2723324,US-441/US-23/SR-15 & SR-17A/SR-385,Clarkesville,GA,3.439,34.60929,-83.52747,gazetteer
60787,MARATHON,"I-20, EXIT 11",Lithia Springs,GA,2.872,33.78249,-84.64849,gazetteer
60788,SPRINT FOODS #722,US-1/SR-4/SR-17 & SR-24,Louisville,GA,4.099,32.99287,-82.39719,gazetteer
60791,MARATHON #9,"I-475, EXIT 1",Macon,GA,3.039,32.80899,-83.69406,gazetteer
60795,CIRCLE K #2745080,US-319/US-129/SR-90/SR-11,Ocilla,GA,3.626,31.59863,-83.24981,gazetteer
60797,EVANS FOOD MART,SR-20,Rome,GA,3.699,34.26613,-85.18605,gazetteer
60804,JET FOOD STORE #4,US-1 & SR-78,Wadley,GA,3.416,32.86479,-82.40280,gazetteer
60807,BATAVIA GARDENS AND GAS,"US-34, EXIT 203",Batavia,IA,3.379,40.99495,-92.16735,gazetteer
60817,KWIK STAR #712,US-218 & SR-27,Janesville,IA,3.599,42.64581,-92.46240,gazetteer
60822,CASEYS #3639,US-18/US-52,Postville,IA,3.599,43.08439,-91.56780,gazetteer
60829,BARRY TRAVEL PLAZA,"I-72, EXIT 20",Barry,IL,3.599,39.69831,-91.03992,gazetteer
60833,SPEEDWAY #5400,CR-11 & CR-23,Bloomingdale,IL,3.759,41.95152,-88.08912,gazetteer
60834,SPEEDWAY #7422,SR-43,Burbank,IL,3.619,41.74441,-87.76857,gazetteer
60839,FREEDOM OIL #18,"I-74, EXIT 82",Edwards,IL,3.399,40.74587,-89.74427,gazetteer
60846,EXPRESS LANE #50,"I-88, EXIT 10",Hillsdale,IL,3.699,41.60693,-90.17282,gazetteer
60851,SPEEDWAY #7382,I-355 & SR-64,Lombard,IL,3.249,41.87384,-88.01549,gazetteer
60857,RED ROOSTER TERMINAL,US-50/SR-250 & SR-130,Olney,IL,3.189,38.72811,-88.08422,gazetteer
60865,Truckquest,"I-55, EXIT 286",Cicero,IL,3.599,41.84454,-87.75929,gazetteer
60871,WENONA BP,"I-39/US-51, EXIT 35 & SR-17",Wenona,IL,3.499,41.04865,-89.05226,gazetteer
60881,GAS AND STUFF,"I-64, EXIT 118",Georgetown,IN,3.799,38.29880,-85.96305,gazetteer
60882,SPEEDWAY #6666,US-33,Goshen,IN,3.816,41.57388,-85.82999,gazetteer
60887,STERNBERG CITGO TRUCK STOP,"I-64, EXIT 57",Jasper,IN,3.759,38.39315,-86.94057,gazetteer
60890,JACK FLASH,I-57 EXIT 135,Farina,IL,3.099,38.82977,-88.78093,gazetteer
60900,7-ELEVEN #40504,"I-80/I=90, MM 56 EB",Rolling Prairie,IN,3.999,41.67447,-86.61990,gazetteer
60902,SPEEDWAY #6674,"I-80/I-90, EXIT 72 & SR-31",South Bend,IN,3.691,41.67664,-86.26881,gazetteer
60913,J Mart #1,"HWY 50 E, HWY 83 N",Garden City,KS,3.529,37.97588,-100.85088,gazetteer
60958,NORTH WEST TRUCK STOP,US-90 & SR-3211,Franklin,LA,3.399,29.78495,-91.50957,gazetteer
60979,TOBACCO PLUS #5,"I-10, EXIT 4 & US-90",Vinton,LA,2.999,30.19543,-93.58225,gazetteer
60988,GULF OIL LP #5020,"I-90, MM291",Blandford,MA,3.914,42.17501,-72.92386,gazetteer
60989,Blandford Service Plaza Westbound,"I-90, EXIT MM29",Blandford,MA,3.919,42.17501,-72.92386,gazetteer
60993,GULF #5165,"I-90, EXIT 12",Framingham,MA,4.066,42.30790,-71.43620,gazetteer
60997,GULF OIL #5035,I-90 MM 66.7,Ludlow,MA,3.914,42.16009,-72.47592,gazetteer
60998,GULF OIL #5030,"I-90, EXIT 7",Ludlow,MA,3.909,42.16009,-72.47592,gazetteer
61004,Applegreen,SR-15,Sturbridge,MA,3.999,42.09711,-72.05500,gazetteer
61006,GULF OIL LP #5155,"I-90, EXIT 11",Westborough,MA,3.909,42.26744,-71.61749,gazetteer
61019,MARDELA GOOSE CREEK FOOD STORE,US-50,Mardela Springs,MD,3.979,38.45763,-75.75548,gazetteer
61021,WESTOVER GOOSE CREEK,US-13 & SR-673,Westover,MD,3.259,38.12401,-75.70632,gazetteer
61028,MARATHON,"US-10, EXIT 137",Bay City,MI,3.199,43.59006,-83.88842,gazetteer
61030,HAGGERTY JOY MOBIL,I-275,Canton,MI,3.699,42.30865,-83.48216,gazetteer
61032,MARATHON,US-10/US-127,Clare,MI,3.289,43.82601,-84.76175,gazetteer
61034,MOTOR CITY TRUCK STOP,"I-75, EXIT 43",Detroit,MI,3.499,42.38304,-83.10224,gazetteer
61037,HEARTLAND MOBIL,US-23,Fenton,MI,3.849,42.80061,-83.71771,gazetteer
61038,SPEEDWAY #8753,"I-475, EXIT 4",Burton,MI,3.089,43.00075,-83.61815,gazetteer
61042,CITGO,"US-131, EXIT 44",Kalamazoo,MI,3.499,42.27516,-85.58850,gazetteer
61057,CIRCLE K #2746537,US-2 & US-41,Rapid River,MI,3.319,45.92639,-86.97428,gazetteer
61063,PS Food Mart,I-69 EXIT 25,Tekonsha,MI,3.519,42.09737,-84.99192,gazetteer
61080,CO-OP SERVICE,US-10 & CR-67,New York Mills,MN,3.499,46.51963,-95.37278,gazetteer
61090,Northdale Oil,US-59 & SR-1,Thief River Falls,MN,3.239,48.11124,-96.17756,gazetteer
61093,CIRCLE K #2746501,"I-90, EXIT 45 & SR-60",Worthington,MN,3.142,43.62873,-95.59970,gazetteer
61099,LOVES TRAVEL STOP #488,"I-55, EXIT 157 & SR-32",Bloomsdale,MO,3.382,38.01444,-90.22035,gazetteer
61102,FAST LANE #54,US-63,Columbia,MO,3.207,38.94729,-92.32639,gazetteer
61106,TEMP STOP #102,US-54 & SR-52,Eldon,MO,3.199,38.35115,-92.57668,gazetteer
61110,HB OF RANDOLPH,"I-435, EXIT 55B & SR-210",Kansas City,MO,3.149,39.12515,-94.55031,gazetteer
61111,Caseys #4540,"I-35, EXIT 40 & SR-116",Lathrop,MO,3.076,39.56185,-94.31985,gazetteer
61145,TEXACO,US-49 & US-98,Hattiesburg,MS,3.199,31.30730,-89.31743,gazetteer
61146,STUCKEYS EXPRESS #619,"I-59, EXIT 113 & SR-528",Heidelberg,MS,3.499,31.89051,-88.99022,gazetteer
61149,CEFCO #501,US-45,Lauderdale,MS,2.899,32.51039,-88.52637,gazetteer
61168,Blue Sky #717,US-72 & SR-15,Walnut,MS,3.099,34.94967,-88.92445,gazetteer
61171,CHEVRON CURB STORE,US-49 & SR-26,Wiggins,MS,3.499,30.85605,-89.13898,gazetteer
61176,TOWN PUMP FOOD STORE #8947,US-2,Chinook,MT,3.629,48.59013,-109.23182,gazetteer
61182,TOWN PUMP FOOD STORE #3000,US-87,Lewistown,MT,3.599,47.05138,-109.45240,gazetteer
61193,SPEEDWAY #8502,"I-75, EXIT 161 & CR-99",Findlay,OH,3.299,41.04736,-83.63809,gazetteer
61195,MINUTEMAN FOOD MART #06,SR-24,Clinton,NC,3.649,35.00043,-78.33154,gazetteer
61205,SPEEDWAY #6961,"I-40, EXIT 303",Garner,NC,2.921,35.68948,-78.61460,gazetteer
61210,SHEETZ #548,US-29,Greensboro,NC,2.859,36.09485,-79.82362,gazetteer
61254,7-ELEVEN #36075,"I-77, EXIT 65 & SR-901",Union Grove,NC,2.859,35.66516,-76.60910,gazetteer
61266,CENEX CONVENIENCE STORE,US-2 & SR-19,Devils Lake,ND,3.249,48.11258,-98.87476,gazetteer
61269,FLYING J #489,"I-29, EXIT 138",Grand Forks,ND,3.616,47.91960,-97.08733,gazetteer
61271,MARATHON,"I-94, EXIT 292",Valley City,ND,3.499,46.92257,-98.00414,gazetteer
61291,FLEMING OIL FOOD MART,ST 9,West Chesterfield,NH,3.899,42.90425,-72.51564,gazetteer
61292,ENRITE,"I-95, EXIT 14A",Jersey City,NJ,3.349,40.71142,-74.06476,gazetteer
61301,SUNOCO- WALT WHITMAN PLAZA #7007,"NJTP,MILE POST 30",Cherry Hill,NJ,3.899,39.93484,-75.03073,gazetteer
61304,A Plus MOLLY PITCHER PLAZA #7011,MILE POST 71.7 NJ TURNPIKE SO,Cranbury,NJ,3.909,40.31345,-74.52023,gazetteer
61305,BP,US-130,Cranbury,NJ,3.146,40.31345,-74.52023,gazetteer
61308,CARLSTADT VALERO,SR-120,Carlstadt,NJ,3.199,40.82643,-74.06234,gazetteer
61312,BLUE STAR,US-202 & SR-31,Flemington,NJ,3.399,40.50864,-74.85987,gazetteer
61326,SUNOCO JAMES F COOPER PLAZA- #7008,MILEPOST 39 NJ TURNPIKE N,Mount Laurel,NJ,3.959,39.93400,-74.89100,gazetteer
61333,46 GAS AND TRUCK STOP,US-46,Palisades Park,NJ,3.236,40.84702,-73.99706,gazetteer
61337,SUNOCO- JOHN FENWICK PLAZA #7006,"NJTP, MM 5",Penns Grove,NJ,3.909,39.72770,-75.46904,gazetteer
61339,FUEL ONE,"I-78, EXIT 3 & US-22",Phillipsburg,NJ,3.359,40.69197,-75.17901,gazetteer
61346,SUNOCO- ALEXANDER HAMILTON PLAZA #7016,NEW JERSEY TURNPIKE SOUTH MILEPOST 111.6,Secaucus,NJ,3.899,40.78196,-74.06765,gazetteer
61357,KENT KWIK #501,US-70 & US-54,Alamogordo,NM,2.982,32.88362,-105.96361,gazetteer
61364,HUNTINGTON BROADWAY CONOCO,US-64 BUS,Farmington,NM,3.799,36.75383,-108.18053,gazetteer
61409,104 STORE,SR-370/SR-104,Red Creek,NY,3.799,43.24790,-76.72285,gazetteer
61410,KWIK FILL #58,ST 15,Rochester,NY,3.969,43.16993,-77.61689,gazetteer
61421,7-ELEVEN #40294,"I-80 WB, EXIT 139",Amherst,OH,3.532,41.40533,-82.23172,gazetteer
61430,7-ELEVEN #40303,"I-90, EXIT 7",Clyde,OH,3.662,41.30358,-82.97943,gazetteer
61439,7-ELEVEN #40302,"I-75, EXIT 157",Genoa,OH,3.662,41.51863,-83.36453,gazetteer
61449,7-ELEVEN #40297,"I-80, EXIT 13A",Mantua,OH,3.532,41.28195,-81.22240,gazetteer
61450,7-ELEVEN #40298,I-80,Mantua,OH,3.532,41.28195,-81.22240,gazetteer
61453,CITGO,"I-475, EXIT 6",Maumee,OH,3.499,41.57113,-83.66625,gazetteer
61458,7-ELEVEN #40299,OHIO TNPK MM 237 & SR-26,New Springfield,OH,3.532,40.91792,-80.60067,gazetteer
61459,7-ELEVEN #40300,"I-76, EXIT 157",New Springfield,OH,3.532,40.91792,-80.60067,gazetteer
61461,S&G,"I-280, EXIT 7",Oregon,OH,3.599,41.65596,-83.43833,gazetteer
61477,CHOCTAW NATION GRANT #633,US-271,Grant,OK,2.999,33.93649,-95.51787,gazetteer
61483,CM SILVER DOLLAR,"I-220, EXIT 7",Shreveport,LA,3.299,32.46688,-93.79219,gazetteer
61492,SPRINGER TRAVEL PLAZA,I-35 EXIT 40,Springer,OK,2.916,34.29562,-97.11745,gazetteer
61508,7-ELEVEN #40275,"I-70 & I-76 NB, MM 147",Bedford,PA,4.199,40.01512,-78.50302,gazetteer
61509,7-ELEVEN #40275,"I-70/I-76 SB, MM 147",Bedford,PA,4.199,40.01512,-78.50302,gazetteer
61511,MIDWAY FUEL AND TRUCK WASH,"I-78/US-22, EXIT 16",Bethel,PA,3.364,40.47648,-76.28797,gazetteer
61515,Carlisle Fuel Stop,"I-81, EXIT 52",Carlisle,PA,3.359,40.19999,-77.20415,gazetteer
61540,S&P Oil,US-13,Levittown,PA,3.816,40.15234,-74.85234,gazetteer
61559,7-ELEVEN #40273,34 MILE WEST OF EXIT 11/146,Somerset,PA,4.207,40.00503,-79.07785,gazetteer
61560,7-ELEVEN #40272,"I-70 & 76, EXIT 10",Somerset,PA,4.207,40.00503,-79.07785,gazetteer
61567,7-ELEVEN #35774,"I-76, EXIT 5/48",Verona,PA,4.207,40.50567,-79.84195,gazetteer
61569,KWIK FILL #295,US-6 BUS,Warren,PA,4.699,41.84292,-79.14387,gazetteer
61570,7-ELEVEN #40276,"I-76, EXIT 12/161 & SR-655",Waterfall,PA,4.199,40.12758,-78.06278,gazetteer
61571,7-ELEVEN #40280,MILE MARKER 55 NE EXT PENN TPKE,Allentown,PA,3.589,40.59365,-75.47839,gazetteer
61595,CORNER MART 3338,"I-85, EXIT 44",Greenville,SC,2.907,34.83690,-82.36300,gazetteer
61596,HOT SPOT #2009,US-25/US-178 & SR-225,Greenwood,SC,2.939,34.19540,-82.15367,gazetteer
61597,SPINX #121,"I-85, EXIT 56",Greer,SC,3.166,34.93329,-82.23080,gazetteer
61598,Shell,SR-41,Hemingway,SC,3.199,33.75332,-79.44626,gazetteer
61599,HOT SPOT #2013,"I-26, EXIT 10",Inman,SC,3.149,35.04579,-82.08849,gazetteer
61605,HOT SPOT #2028,US-76/US-301,Marion,SC,2.999,34.17866,-79.39566,gazetteer
61616,PILOT #4578,"I-77, EXIT 48 & SC-200",Winnsboro,SC,3.409,34.36860,-81.09138,gazetteer
61621,CUBBYS #401,"I-90 , EXIT 332 & SR-37",Mitchell,SD,3.149,43.72707,-98.04219,gazetteer
61625,PRARIE STOP,US-212 & SR-20,Watertown,SD,3.279,44.90919,-97.15569,gazetteer
61633,ECO TRAVEL PLAZA,"I-40, EXIT 320 & SR-298",Crossville,TN,3.026,35.95342,-85.03025,gazetteer
61642,PILOT TRAVEL CENTERS #252,"I-35, EXIT 26",Kearney,MO,3.699,39.35511,-94.35858,gazetteer
61646,SHELL,"I-40, EXIT 35 & SR-59",Mason,TN,3.549,35.41283,-89.54121,gazetteer
61651,LEES FOOD MART #123,"I-81, EXIT 23 AT MILE 23",Bulls Gap,TN,3.259,36.26164,-83.07884,gazetteer
61654,MAJOR MARKETS #276,US-51/SR-3,Ripley,TN,3.799,35.74608,-89.53411,gazetteer
61656,PHILLIPS 66,US-51,Union City,TN,3.382,36.42709,-89.04772,gazetteer
61684,WOODYS FOOD MART,"I-45 & SR-7, EXIT 164",Centerville,TX,2.846,31.25831,-95.97940,gazetteer
61747,TEX-BEST #504,"I-35, EXIT 141",Von Ormy,TX,3.157,29.27739,-98.65737,gazetteer
61751,ALLSUPS CONVENIENCE STORE #2264,SR-214,Seminole,TX,3.094,32.72220,-102.64981,gazetteer
61761,ALLSUPS CONVENIENCE STORE #2304,"I-40, EXIT 36 & US-385",Vega,TX,2.999,35.24530,-102.42925,gazetteer
61787,DUCK THRU FOOD STORE #5,US-258,Franklin,VA,3.499,36.68401,-76.94140,gazetteer
61796,EXXON,US-220,Martinsville,VA,3.375,36.68353,-79.86365,gazetteer
61799,CIRCLE K #2723712,"I-77, EXIT 52 & US-52/SR-42",Bland,VA,3.376,37.09949,-81.11576,gazetteer
61804,CARTERS ONE STOP,"I-95 & SR-301, EXIT 31 & SR-40",Stony Creek,VA,2.959,36.94801,-77.40007,gazetteer
61806,LANKFORD TRUCK PLAZA,US-13 & CR-646,Townsend,VA,3.399,37.18459,-75.95826,gazetteer
61819,CHEVRON,"I-5, EXIT 36",Longview,WA,4.499,46.14571,-122.96430,gazetteer
61830,APPLETON TRAVEL PLAZA,SR-96,Appleton,WI,3.406,44.27887,-88.38828,gazetteer
61832,BARRON FARMERS UNION,"US-8, EXIT 53",Barron,WI,3.639,45.40219,-91.84435,gazetteer
61835,BRISTOL BP,"I-94, EXIT 345 & US-45",Bristol,WI,3.719,42.53232,-88.00910,gazetteer
61843,KWIK TRIP #332,SR-33,Horicon,WI,3.216,43.44500,-88.64033,gazetteer
61849,KWIK TRIP #306,"I-94, EXIT 259 & SR-89",Lake Mills,WI,3.432,43.07764,-88.90641,gazetteer
61862,KWIK TRIP #781,SR-21,Redgranite,WI,3.352,44.05328,-89.11587,gazetteer
61867,KWIK TRIP #318,SR-27 & SR-16/SR-71,Sparta,WI,3.342,43.93825,-90.81270,gazetteer
61877,CASEYS #3715,SR-59,Whitewater,WI,3.299,42.83744,-88.73428,gazetteer
61879,KWIK TRIP #347,SR-13,Wisconsin Rapids,WI,3.312,44.39292,-89.82675,gazetteer
61880,KWIK TRIP #310,SR-13/SR-73,Wisconsin Rapids,WI,3.262,44.39292,-89.82675,gazetteer
61968,FLYING J TRAVEL PLAZA #701,"I-35, EXIT 33",Ardmore,OK,3.659,34.19651,-97.13185,gazetteer
62008,LOVES TRAVEL STOP #366,"I-81, EXIT 90",Jonestown,PA,3.857,40.41297,-76.48073,gazetteer
62075,FLYING J TRAVEL PLAZA #657,US-283/US-50/US-56 & US-400,Dodge City,KS,3.799,37.76067,-100.01786,gazetteer
62097,FLASH MARKET #17046,US-65/SR-9,Clinton,AR,3.239,35.57898,-92.45574,gazetteer
62211,STUBS GAS AND OIL,"I-76, EXIT 66",Wiggins,CO,3.559,40.22843,-104.07213,gazetteer
62238,Circle K #2726278,SR-207,Hastings,FL,3.569,29.71439,-81.49915,gazetteer
62283,Circle K #2745099,US-23 & US-341/SR-27,Hazlehurst,GA,3.529,31.86413,-82.59928,gazetteer
62316,BP,US-20,Delaware,IA,3.299,42.47211,-91.33827,gazetteer
62355,MINIT MART #600630,"I-39, EXIT 14",El Paso,IL,3.599,40.74049,-89.01825,gazetteer
62399,Rebel Plus #882,"I-80, EXIT 101",Bristol,IN,3.576,41.71659,-85.82514,gazetteer
62462,HAWESWAY TRUCKSTOP,US-60,Owensboro,KY,3.599,37.75717,-87.11740,gazetteer
62467,SUPER QUIK #9,"I-64, EXIT 181",Ashland,KY,3.669,38.45949,-82.64508,gazetteer
62480,CM GALLIANO,US-167,Cut Off,LA,3.499,29.51628,-90.32971,gazetteer
62487,Fred's Food Mart,US-61,Saint Francisville,LA,3.799,30.78423,-91.37642,gazetteer
62500,CASH MAGIC VINTON,"I-10, EXIT 4 & SR-109",Vinton,LA,3.284,30.19543,-93.58225,gazetteer
62547,MARATHON,SR-32W,Gaylord,MI,3.799,45.01898,-84.68091,gazetteer
62550,Sunoco,"I-275, EXIT 11",New Boston,MI,3.399,42.16254,-83.40299,gazetteer
62559,EXPRESS FOOD DEPOT,"I-94, EXIT 266",Smiths Creek,MI,3.629,42.91392,-82.60381,gazetteer
62560,ONE9 #23,"I-96, EXIT 67",Ionia,MI,3.439,42.97682,-85.07463,gazetteer
62701,PILOT TRAVEL CENTERS #408,"I-68, EXIT 22",Grantsville,MD,4.259,39.69692,-79.15285,gazetteer
62710,TOWN PUMP FOOD STORE #922,"I-90, EXIT 370 &SR-10",Big Timber,MT,3.479,45.83478,-109.94827,gazetteer
62753,PETRO SERVE USA,US-10,West Fargo,ND,3.029,46.85638,-96.90481,gazetteer
62768,PUMP & PANTRY #34,US-20 & SR-27,Gordon,NE,3.449,42.80638,-102.20400,gazetteer
62774,MR MIKES MINI MART,SR-9,Northwood,NH,3.599,43.19425,-71.15090,gazetteer
62790,7-ELEVEN #40084,US-46/US-1/US-9,Palisades Park,NJ,3.099,40.84702,-73.99706,gazetteer
62800,A ONE TRUCK STOP,US-9,South Amboy,NJ,3.499,40.48639,-74.27876,gazetteer
62817,LOVES TRAVEL STOP #364,I-75 EXIT 33,Charleston,TN,3.589,35.28569,-84.76080,gazetteer
62824,FLYING J TRAVEL PLAZA #1005,"I-80, EXIT 48",Fernley,NV,3.916,39.56477,-119.18943,gazetteer
62844,CIRCLE K #4707612,"I-81, EXIT 14",Tully,NY,3.799,42.79819,-76.11024,gazetteer
62850,GANSEVOORT MINI MART,"I-87, EXIT 17",Gansevoort,NY,3.759,43.19618,-73.65178,gazetteer
62887,SPEEDWAY #9367,"I-275, EXIT 42",Cincinnati,OH,3.126,39.14018,-84.50583,gazetteer
62911,DAVIS TRAVEL CENTER #108,"I-85, EXIT 39",Warfield,VA,3.099,36.89598,-77.81900,gazetteer
62918,CIRCLE K #4705567,ST 91,Twinsburg,OH,3.632,41.32259,-81.44312,gazetteer
62991,ONVO TRAVEL PLAZA,"I-84, EXIT 17",Lake Ariel,PA,3.586,41.45397,-75.38268,gazetteer
62996,MARTIN GENERAL STORE,US-22,Alexandria,PA,3.539,40.55844,-78.09988,gazetteer
63013,TA WEST GREENWICH,"I-95, EXIT 5B",West Greenwich,RI,3.766,41.63700,-71.66004,gazetteer
63018,CIRCLE K #2723354,"I-526, EXIT 18A & US-78",Charleston,SC,3.299,32.82802,-79.97290,gazetteer
63126,PWI #120,"I-10, EXIT 593",Schertz,TX,2.926,29.56333,-98.25087,gazetteer
63193,Shell,US-29,Warrenton,VA,3.257,38.71782,-77.79732,gazetteer
63211,OMAK MART,US-97 & SR-215,Omak,WA,4.149,48.42234,-119.53062,gazetteer
63246,Petro Stopping Center #368,"I-94, EXIT 333",Sturtevant,WI,3.889,42.69890,-87.90155,gazetteer
63313,MARION TRAVEL CENTER,I-55 EXIT 14,Marion,AR,3.199,35.20425,-90.20672,gazetteer
63330,CIRCLE K #2723678,SR-53,Rome,GA,3.062,34.26613,-85.18605,gazetteer
63336,ROAD RANGER #118,"I-72 & I-55, EXIT 100-A",Springfield,IL,3.299,39.79106,-89.64457,gazetteer
63349,FLYING J TRAVEL PLAZA #662,"I-24, EXIT 86",Oak Grove,KY,3.152,36.67377,-87.42251,gazetteer
63351,76 FUEL CENTER,"I-75, EXIT 76",Berea,KY,2.999,37.58930,-84.29450,gazetteer
63353,LOVES TRAVEL STOP #367,"I-74, EXIT 149",Le Roy,IL,3.389,40.33937,-88.76110,gazetteer
63376,Circle K #2746246,US-169 & SR-41,Shakopee,MN,3.599,44.77191,-93.47570,gazetteer
63388,CIRCLE K #2723471,"I-95, EXIT 121",Wilson,NC,3.199,35.73149,-77.93075,gazetteer
63391,FLYING J TRAVEL PLAZA #687,"I-80, EXIT 179",North Platte,NE,3.449,41.12496,-100.75036,gazetteer
63409,FLYING J TRAVEL PLAZA #693,"I-90, EXIT 48A; PEMBROKE, NY",Corfu,NY,3.889,42.96116,-78.40261,gazetteer
63428,FLYING J TRAVEL PLAZA #702,"I-40, EXIT 264B",Checotah,OK,3.699,35.48244,-95.52282,gazetteer
63442,Flying J Travel Plaza #720,"I-40, EXIT 182",Fairview,TN,3.186,35.98239,-87.12702,gazetteer
63455,FLYING J TRAVEL PLAZA #752,"I-81, EXIT 323",Clear Brook,VA,3.659,39.25649,-78.09611,gazetteer
63456,SHELL,"I-85, EXIT 61",Petersburg,VA,3.201,37.20473,-77.39237,gazetteer
63495,DECAUTER SHELL TRUCK STOP,"I-35, EXIT 369",Decatur,TX,2.916,33.22592,-97.58699,gazetteer
63498,PILOT #6955,I-40/I-85 EXIT 150,Haw River,NC,3.959,36.09190,-79.35894,gazetteer
63500,SPEEDWAY #8723,"I-75, EXIT 144B",Bridgeport,MI,3.249,43.37082,-83.88196,gazetteer
63501,LOVES TRAVEL STOP #407,I-81 EXIT 52B OR I-76 EXIT 226,Carlisle,PA,4.099,40.19999,-77.20415,gazetteer
63502,FLYING J TRAVEL PLAZA #704,I-35 & 122ND ST,Edmond,OK,3.306,35.67381,-97.41308,gazetteer
63506,KWIK TRIP #342,"I-39, EXIT 159",Stevens Point,WI,3.559,44.52530,-89.55038,gazetteer
63509,PILOT #4557,"I-85, EXIT 166",Carnesville,GA,3.172,34.37676,-83.23448,gazetteer
63511,PILOT #4576,"I-95, EXIT 82",Saint George,SC,3.519,33.18607,-80.57946,gazetteer
63512,SPEEDWAY #7929,"I-40, EXIT 208",Colfax,NC,2.854,36.11264,-80.01448,gazetteer
63516,SHEETZ #701,"I-81, EXIT 273",Mount Jackson,VA,2.874,38.73888,-78.65092,gazetteer
63517,TA LINCOLN TRAVEL CENTER,"I-20, EXIT 168 & SR-77",Lincoln,AL,3.084,33.58017,-86.12788,gazetteer
63519,PILOT TRAVEL CENTERS #243,"I-64, EXIT 45 & SR-25",Nitro,WV,3.626,38.41161,-81.80781,gazetteer
63522,Pilot Travel Centers #411,"I-40, EXIT 238 & US-231",Lebanon,TN,3.246,36.19938,-86.34463,gazetteer
63523,PILOT TRAVEL CENTER #441,"I-65, EXIT 334",Decatur,AL,3.859,34.57299,-86.98990,gazetteer
63524,PILOT TRAVEL CENTER #416,"I-75/SR-401, EXIT 101",Cordele,GA,3.286,31.95609,-83.77008,gazetteer
63530,BIG EASY TRAVEL PLAZA,"I-10, EXIT 239-B",New Orleans,LA,3.799,30.05342,-89.93450,gazetteer
63532,FUELSMART,SR-165,Muskogee,OK,3.252,35.74380,-95.35640,gazetteer
63533,FLYING J TRAVEL PLAZA #638,"I-84, EXIT 29",Caldwell,ID,3.787,43.64588,-116.65934,gazetteer
63538,SUAMICO CITGO,"US-41/US-141, EXIT 176 & CR-B",Suamico,WI,3.269,44.62673,-88.03305,gazetteer
63540,GAS N GO,"I-75, EXIT 149",Byron,GA,3.172,32.64950,-83.74795,gazetteer
63545,LOVES TRAVEL STOP #397,"I-85, EXIT 104",Blacksburg,SC,3.419,35.12209,-81.51812,gazetteer
63546,CITGO QUIK MART,SR/15 & SR-68,Tennille,GA,3.466,32.93662,-82.81207,gazetteer
63563,PILOT TRAVEL CENTERS #209,"I-10, EXIT 140",Van Horn,TX,3.659,31.04067,-104.83415,gazetteer
63564,PILOT TRAVEL CENTERS #213,"I-70, EXIT 94 (WILSON ROAD)",Columbus,OH,3.509,39.98394,-82.98488,gazetteer
63565,LOVES TRAVEL STOP #296,"I-8, EXIT 115 & SR-85",Gila Bend,AZ,3.889,32.96624,-112.71546,gazetteer
63568,FLYING J TRAVEL PLAZA #658,"I-35, EXIT 127",Emporia,KS,3.252,38.40186,-96.19165,gazetteer
63569,Flying J Dealer #893,"I-80, EXIT 40 (US-59)",Avoca,IA,3.659,41.48282,-95.33726,gazetteer
63571,Palace Truckstop,"I-10, EXIT 246 & I-510, EXIT 2C",New Orleans,LA,3.299,30.05342,-89.93450,gazetteer
63572,PILOT TRAVEL CENTER #211,"I-40, EXIT 9 & SR-95",Lake Havasu City,AZ,3.849,34.49981,-114.31094,gazetteer
63574,PILOT TRAVEL CENTERS #232,"I-84, EXIT 376A",Ontario,OR,3.699,44.02534,-116.97737,gazetteer
63575,OKEMAH TRAVEL CENTER,"I-40, EXIT 221 (ST 27)",Okemah,OK,2.879,35.42927,-96.30031,gazetteer
63579,301 PLAZA,US-301 & SR-299,Middletown,DE,3.239,39.44339,-75.71750,gazetteer
63580,FLYING J TRAVEL PLAZA #637,"I-380, EXIT 68",Evansdale,IA,3.779,42.46570,-92.26940,gazetteer
63581,CASEYS #4453,"I-75, EXIT 120",Lexington,KY,3.224,37.98869,-84.47772,gazetteer
63582,T BONE TRUCK STOP,US-30,Columbus,NE,3.099,41.43707,-97.35735,gazetteer
63583,CUBBYS #110,"I-80, EXIT 353",Columbus,NE,3.179,41.43707,-97.35735,gazetteer
63584,PILOT TRAVEL CENTERS #417,"I-20, EXIT 19",Temple,GA,3.389,33.73324,-85.02729,gazetteer
63586,LOVES TRAVEL STOP #295,US-412 & US-69,Chouteau,OK,3.291,36.18951,-95.33890,gazetteer
63587,24/7 TRAVEL PLAZA,"I-135, EXIT 92",Salina,KS,2.974,38.81309,-97.61448,gazetteer
63588,KWIK TRIP #686,"I-94, EXIT 333/US-41 & SR-20",Sturtevant,WI,3.769,42.69890,-87.90155,gazetteer
63594,PILOT TRAVEL CENTERS #49,"I-24, EXIT 89",Oak Grove,KY,3.152,36.67377,-87.42251,gazetteer
63596,PILOT TRAVEL CENTERS #442,"I-55, EXIT 19",Hayti,MO,3.256,36.23253,-89.74736,gazetteer
63597,PILOT TRAVEL CENTERS #163,"I-10, EXIT 24",Lordsburg,NM,3.439,32.34378,-108.70212,gazetteer
63599,PWI #978,"I-215, EXIT 21",Salt Lake City,UT,3.359,40.77693,-111.93099,gazetteer
63600,PILOT TRAVEL CENTERS #77,"I-55 /I-20, EXIT 45",Jackson,MS,3.149,32.31583,-90.21285,gazetteer
63602,LOVES TRAVEL STOP #285,I-40 EXIT 277,Santa Rosa,NM,3.474,34.93605,-104.67502,gazetteer
63603,LOVES TRAVEL STOP #290,US-59/US-69/S LOOP 287 & FM-841,Lufkin,TX,3.649,31.32290,-94.72903,gazetteer
63604,7-ELEVEN #40363,US-17/SR-15 & SR-100,Palatka,FL,3.364,29.64487,-81.67674,gazetteer
63606,FLYING J TRAVEL PLAZA #652,"I-65/US-52, EXIT 139 & SR-39",Lebanon,IN,3.641,40.03311,-86.44815,gazetteer
63607,ROAD RANGER #209,"I-90/94,  EXIT 48",Oakdale,WI,3.234,43.96217,-90.37912,gazetteer
63608,ROAD RANGER #206,US-20,Winnebago,IL,3.219,42.26709,-89.23397,gazetteer
63609,ROAD RANGER #203,US-20 & SR-2,Rockford,IL,3.219,42.25930,-89.06348,gazetteer
63612,FLYING J TRAVEL PLAZA #622,"I-95/SR-9, EXIT 131 & SR-68 & SR-713",Fort Pierce,FL,3.499,27.42611,-80.34249,gazetteer
63613,FLYING J TRAVEL PLAZA #690,"I-10/US-70, EXIT 24",Lordsburg,NM,3.439,32.34378,-108.70212,gazetteer
63614,PILOT TRAVEL CENTERS #446,"I-69, EXIT 234",Daleville,IN,3.514,40.11887,-85.55625,gazetteer
63615,One9 #1413,"I-81, EXIT 101",Dublin,VA,3.242,37.10550,-80.68970,gazetteer
63616,SPEEDWAY #8876,"US-23, EXIT 50",Whitmore Lake,MI,3.499,42.42028,-83.75213,gazetteer
63620,LOVES TRAVEL STOP #420,"I-20, EXIT 47",Flowood,MS,3.149,32.33610,-90.07287,gazetteer
63621,FUEL CITY FRIENDLYS,"I-35E, EXIT 435",Dallas,TX,2.966,32.79333,-96.76651,gazetteer
63623,PILOT TRAVEL CENTER #90,"I-95/SR-9, EXIT 129 & SR-91, EXIT 152 & SR-70",Fort Pierce,FL,3.459,27.42611,-80.34249,gazetteer
63624,FROG CITY TRAVEL PLAZA,"I-10, EXIT 87",Rayne,LA,3.366,30.24051,-92.26734,gazetteer
63625,FLYING J TRAVEL PLAZA #688,"I-295, DEEP WATER STREET",Penns Grove,NJ,3.989,39.72770,-75.46904,gazetteer
63627,PILOT TRAVEL CENTERS #174,I-78 & SR-15,New Albany,MS,3.859,34.49229,-89.02172,gazetteer
63628,PILOT TRAVEL CENTERS #75,"I-65, EXIT 19 & US-43/SR-13",Satsuma,AL,3.195,30.85787,-88.06338,gazetteer
63630,TA DENVER EAST TRAVEL CENTER,"I-70 & I-270, EXIT 278",Commerce City,CO,3.376,39.88279,-104.79491,gazetteer
63635,SAPP BROS TRAVEL CENTER,"I-70, EXIT 295",Junction City,KS,3.709,39.02722,-96.85227,gazetteer
63636,PILOT TRAVEL CENTER #279,"I-19, EXIT 12 & SR-289",Rio Rico,AZ,3.614,31.49817,-110.98780,gazetteer
63637,PILOT TRAVEL CENTERS #454,"I-70, EXIT 79",London,OH,3.509,39.89285,-83.43887,gazetteer
63640,SUPER EXPRESS STOP,"I-64, EXIT 113",Mount Sterling,KY,3.859,38.06547,-83.94882,gazetteer
63641,FLYING J TRAVEL PLAZA #625,"I-4/SR-400, EXIT 10 & SR-579",Seffner,FL,3.442,28.00164,-82.27408,gazetteer
63642,COLTS QUICK DRAW,"I-40, EXIT 125 & US-65/SR-25",Greenbrier,AR,3.307,35.22881,-92.38356,gazetteer
63648,CIRCLE K #2723333,"I-75, EXIT 216",Mcdonough,GA,3.209,33.44222,-84.15096,gazetteer
63649,ONE TRIP,US-84,Homerville,GA,3.442,31.03823,-82.74208,gazetteer
63651,CIRCLE K #2723346,US-29/S8,Athens,GA,3.399,33.94960,-83.37009,gazetteer
63652,CASEYS #3292,"I-380, EXIT 43 & US-20",Independence,IA,3.599,42.46219,-91.90315,gazetteer
63653,FLYING J TRAVEL PLAZA #760,US-30 & SR-232,Cokeville,WY,3.899,42.07924,-110.95190,gazetteer
63661,FLYING J TRAVEL PLAZA #677,"US-78, EXIT 6",Olive Branch,MS,3.286,34.95575,-89.84115,gazetteer
63662,PILOT TRAVEL CENTERS #267,"I-75, EXIT 146",Byron,GA,3.366,32.64950,-83.74795,gazetteer
63667,CIRCLE K #2723875,SR-41/SR-45,Jamestown,SC,2.974,33.28588,-79.69459,gazetteer
63668,PILOT #4579,"I-26, EXIT 139",Saint Matthews,SC,3.509,33.66464,-80.77875,gazetteer
63669,One9 #1248,"I-45, EXIT 271",Wilmer,TX,2.756,32.59902,-96.68158,gazetteer
63671,WESTERN TRAVEL TERMINAL,US-26 & US-85,Torrington,WY,3.399,42.06505,-104.17353,gazetteer
63676,CORNER EXPRESS,ST 55,Wellston,MI,3.499,44.22269,-85.96813,gazetteer
63680,ALLTOWN MARKETS-FLYING J #896,I-93 EXIT 11 & SR 3A,Bow,NH,4.099,43.13203,-71.54924,gazetteer
63685,RIVER HEIGHTS GROCERY,US-64/SR-69/SR-15,Crump,TN,3.099,35.22486,-88.33079,gazetteer
63690,LOVES TRAVEL STOP #277,"I-30, EXIT 46",Prescott,AR,3.476,33.80432,-93.39121,gazetteer
63691,JIMMIES AUTO TRUCK PLAZA,"I-10, EXIT 262",Lee,FL,3.847,30.41310,-83.30414,gazetteer
63694,PILOT TRAVEL CENTERS #261,"I-55, EXIT 186",Winona,MS,3.499,33.49026,-89.72929,gazetteer
63695,FLYING J TRAVEL PLAZA #634,"I-20/SR-402, EXIT 19 & SR-113",Temple,GA,3.419,33.73324,-85.02729,gazetteer
63697,MILLER MART #40,"I-64, EXIT 255B",Newport News,VA,3.306,37.07614,-76.52198,gazetteer
63699,DEWITT TRAVEL MART,"US-30, EXIT 313",De Witt,IA,3.599,41.82271,-90.54409,gazetteer
63700,WIXOM FUEL STOP,"I-96, EXIT 159",Wixom,MI,3.999,42.52278,-83.53019,gazetteer
63701,FLYING J TRAVEL PLAZA #742,"I-80, EXIT 98/99",Tooele,UT,3.759,40.53940,-112.30784,gazetteer
63702,QUICK FUEL #2501,"I-264, EXIT 14",Louisville,KY,3.082,38.16538,-85.64738,gazetteer
63703,QUICK FUEL #2303,"I-71, EXIT 104/FRANK RD EXIT",Columbus,OH,3.566,39.98394,-82.98488,gazetteer
63704,QUICK FUEL #2301,"I-275, EXIT 44",Cincinnati,OH,3.239,39.14018,-84.50583,gazetteer
63706,QUICK FUEL #1003,"I-41/US-45, EXIT 45 & CR-EE",Milwaukee,WI,3.426,43.06335,-87.96670,gazetteer
63715,FLYING J TRAVEL PLAZA #772,"I-215, EXIT 28",North Salt Lake,UT,3.732,40.84712,-111.91878,gazetteer
63716,EXPRESS LANE #34,"I-39, EXIT 115",Rockford,IL,3.549,42.25930,-89.06348,gazetteer
63718,ROAD RANGER #210,"I-39/US-51, EXIT 99 & SR-38",Rochelle,IL,3.699,41.91915,-89.06366,gazetteer
63720,FLYING J TRAVEL PLAZA #611,"I-10, EXIT 137",Phoenix,AZ,3.589,33.57215,-112.09013,gazetteer
63721,ROAD RUNNER TRAVEL CENTER,I-69E/US-77 & CR-892,Robstown,TX,3.349,27.79397,-97.66916,gazetteer
63724,LOVES TRAVEL STOP #244,"I-40, EXIT 87 & US-70/US-412",Jackson,TN,3.497,35.65417,-88.83534,gazetteer
63726,FLYING J TRAVEL PLAZA #706,"I-44 & I-244, EXIT 236",Tulsa,OK,3.366,36.12795,-95.90232,gazetteer
63727,LOVES TRAVEL STOP #403,"I-81, EXIT 3",Binghamton,NY,3.679,42.10133,-75.90937,gazetteer
63728,PILOT TRAVEL CENTERS #43,"I-80, EXIT 284",Walcott,IA,3.859,41.58732,-90.78052,gazetteer
63730,PILOT TRAVEL CENTERS #309,"I-77, EXIT 25",Caldwell,OH,3.652,39.74635,-81.51298,gazetteer
63731,LOVES TRAVEL STOP #243,"I-10, EXIT 43 & SR-383",Iowa,LA,3.587,30.24137,-93.01303,gazetteer
63732,LOVES TRAVEL STOP #265,"I-10, EXIT 200",Eloy,AZ,3.434,32.74126,-111.59401,gazetteer
63734,CIRCLE K #2723472,US-70 & SR-58,Kinston,NC,3.319,35.27510,-77.59337,gazetteer
63736,PLATEAU TRUCK AND AUTO CENTER,"I-10, EXIT 159",Van Horn,TX,3.099,31.04067,-104.83415,gazetteer
63737,I 10 DUSON TRUCK STOP,"I-10, AUSTRIA ROAD",Duson,LA,3.411,30.23836,-92.18907,gazetteer
63738,U STOP 33,US-77,Beatrice,NE,3.399,40.27328,-96.74595,gazetteer
63740,CIRCLE K #2723478,US-29,Blairs,VA,3.439,36.69927,-79.37891,gazetteer
63741,SHELL,"I-295, EXIT 15",Chester,VA,3.202,37.35204,-77.43370,gazetteer
63743,PILOT TRAVEL CENTERS #370,"I-81, EXIT 175",Pittston,PA,4.176,41.32792,-75.78568,gazetteer
63745,PILOT TRAVEL CENTER #447,"I-64, EXIT 25",Haubstadt,IN,3.959,38.20324,-87.57474,gazetteer
63746,PILOT TRAVEL CENTERS #453,"I-85, EXIT 90",Gaffney,SC,3.429,35.07356,-81.66153,gazetteer
63747,PILOT TRAVEL CENTERS #440,"I-71, EXIT 28",Pendleton,KY,3.759,38.46229,-85.30357,gazetteer
63751,PETRO STOPPING CENTER #328,"I-20 & I-55, EXIT 45",Jackson,MS,3.109,32.31583,-90.21285,gazetteer
63752,MR FUEL #732,"I-80, EXIT 226",Girard,OH,3.239,41.16565,-80.69609,gazetteer
63753,PILOT TRAVEL CENTER #4558,"I-75, EXIT 318",Calhoun,GA,3.286,34.49979,-84.93306,gazetteer
63754,U SAVE TRAVEL PLAZA,US-19 & SR-129,Mount Nebo,WV,3.599,38.20011,-80.85121,gazetteer
63755,PILOT TRAVEL CENTERS #196,"I-40, EXIT 325 & US-64",Roland,OK,3.739,35.41318,-94.50853,gazetteer
63756,PILOT TRAVEL CENTERS #144,"I-20, EXIT 200",Augusta,GA,3.859,33.36553,-82.07342,gazetteer
63759,BUFFALO RANCH,US/69/US-60 & US-59,Afton,OK,3.099,36.69653,-94.95746,gazetteer
63760,CASH MAGIC CITGO HOUMA,I-57,Houma,LA,3.566,29.57868,-90.70802,gazetteer
63761,7Fleet #46589,"I-94/US-52, EXIT 205 & SR-241",Saint Michael,MN,3.309,45.19924,-93.68953,gazetteer
63762,MINIT MART #600643,"I-57, EXIT 322",Manteno,IL,3.249,41.24785,-87.84431,gazetteer
63763,Flying J Travel Plaza #644,"I-80, EXIT 77 & SR-351",La Salle,IL,3.299,41.33518,-89.09725,gazetteer
63764,LOVES TRAVEL STOP #288,"I-45, EXIT 198 & US-84",Fairfield,TX,3.429,31.71744,-96.17048,gazetteer
63766,PILOT TRAVEL CENTERS #26,"US-23, EXIT 5 & US-223",Ottawa Lake,MI,3.579,41.76415,-83.74939,nominatim
63767,HOP-IN FOOD STORES,I-27 & FM-1729,New Deal,TX,2.926,33.73233,-101.84448,gazetteer
63768,PILOT TRAVEL CENTERS #443,"I-70, EXIT 49",Higginsville,MO,3.236,39.06572,-93.72681,gazetteer
63770,FLYING J TRAVEL PLAZA #694,"I-90, EXIT 223",Austinburg,OH,3.859,41.76917,-80.85560,gazetteer
63771,FLYING J FUEL STOP #572,"I-35, EXIT 144",Williams,IA,3.699,42.48919,-93.54125,gazetteer
63773,QUIKTRIP #179,ST 152,Liberty,MO,2.999,39.24127,-94.41944,gazetteer
63774,PILOT TRAVEL CENTERS #150,"I-70, EXIT 24 &SR-63",Hagerstown,MD,3.959,39.64018,-77.72269,gazetteer
63775,FLYING J #646,"I-90/39, EXIT 1 & US-51 & SR-75",South Beloit,IL,3.799,42.48484,-89.02743,gazetteer
63776,KWIK TRIP #334,US-169/SR-60,Mankato,MN,3.549,44.17112,-93.97638,gazetteer
63777,KWIK TRIP #403,"I-35, EXIT 45",Owatonna,MN,3.499,44.09190,-93.23171,gazetteer
63778,KWIK TRIP #662,SR-55/SR-149,Saint Paul,MN,3.629,44.94890,-93.10406,gazetteer
63781,Pilot Travel Centers #8,US-23 & PITTSBURG RD,Circleville,OH,3.799,39.60115,-82.93251,gazetteer
63782,FUEL EXPRESSO #11,"I-35, EXIT 155",Lebo,KS,3.172,38.41618,-95.86248,gazetteer
63789,PILOT TRAVEL CENTER #448,"I-65, EXIT 240",Hebron,IN,3.354,41.32509,-87.20192,gazetteer
63790,PILOT TRAVEL CENTERS #412,"I-81, EXIT 4",White Pine,TN,3.699,36.10126,-83.28566,gazetteer
63791,PILOT TRAVEL CENTERS #432,"I-35, EXIT 328",Waco,TX,3.221,31.55799,-97.18975,gazetteer
63793,HUTCH'S #113,US-183 & US-270/SR-15,Woodward,OK,2.999,36.42483,-99.40473,gazetteer
63794,PILOT TRAVEL CENTERS #157,"I-30, EXIT 122",Sulphur Springs,TX,3.309,33.14311,-95.61470,gazetteer
63795,LOVES COUNTRY STORE #022,US-412,Clayton,NM,3.414,36.44603,-103.14886,gazetteer
63796,PETRO STOPPING CENTER #329,"I-40/I-85, EXIT 157",Mebane,NC,3.999,36.08168,-79.27674,gazetteer
63798,PETRO GLADE SPRING #372,"I-81, EXIT 29",Glade Spring,VA,3.587,36.78994,-81.77225,gazetteer
63799,LOVES TRAVEL STOP #204,US-69 BUS & US-69,Eufaula,OK,3.689,35.29211,-95.58643,gazetteer
63801,PILOT #1126,"I-435, EXIT 55 & SR-210",Kansas City,MO,3.382,39.12515,-94.55031,gazetteer
63802,CARTERS TRAVEL CENTER,"I-40, EXIT 201N",Flagstaff,AZ,3.689,35.18521,-111.62070,gazetteer
63803,KOUNTRY XPRESS,"I-40, EXIT 20",Mulberry,AR,3.272,35.50850,-94.07475,gazetteer
63805,TEX-BEST #519,US-281 & US-281 BUS & CR-1930,Alice,TX,2.899,27.75562,-98.06581,gazetteer
63812,PETRO STOPPING CENTER #330,"I-65, EXIT 86",Glendale,KY,3.599,37.60173,-85.90552,gazetteer
63813,TA SAN ANTONIO TRAVELCENTER,"I-10 & FOSTER RD, EXIT 583",San Antonio,TX,3.207,29.46281,-98.52464,gazetteer
63828,CIRCLE K #2723654,US-431,Boaz,AL,3.519,34.19902,-86.15515,gazetteer
63829,CALERA CHEVRON,SR-25,Calera,AL,3.199,33.12232,-86.74564,gazetteer
63836,Double Bees #109,"I-40, EXIT 183",Carlisle,AR,3.139,34.79543,-91.74049,gazetteer
63841,MAGNOLIA TRAVEL CENTER,US-82 & US-371,Magnolia,AR,3.599,33.27670,-93.22625,gazetteer
63846,71 EXPRESS,US-71,Mansfield,AR,3.332,35.06392,-94.23427,gazetteer
63848,CIRCLE K #2706345,"I-30, EXIT 2",Texarkana,AR,3.479,33.43634,-93.98712,gazetteer
63850,PILOT TRAVEL CENTER #180,"I-40, EXIT 185",Bellemont,AZ,3.609,35.24249,-111.81379,gazetteer
63854,E-Z MART #4437,US-71,Boles,AR,3.299,34.78812,-94.04940,gazetteer
63855,LOVES TRAVEL STOP #460,"I-10, EXIT 302",Benson,AZ,3.279,31.91450,-110.32855,gazetteer
63870,CIRCLE K #2744074,"I-270/US-36, EXIT 4",Commerce City,CO,3.456,39.88279,-104.79491,gazetteer
63871,Alta Convenience Store #6317,"I-70, EXIT 19",Fruita,CO,3.399,39.15557,-108.72958,gazetteer
63876,Mobil,"FL TURNPIKE,  EXIT 244",Kissimmee,FL,3.449,28.30278,-81.41783,gazetteer
63887,QUIKTRIP #757,"I-79/SR-401, EXIT 306 & SR-140",Adairsville,GA,2.887,34.37085,-84.92119,gazetteer
63893,QUICK FUEL #2204,"I-285, EXIT 58/SR-407 & I-75, EXIT 237/SR-401",Atlanta,GA,3.276,33.76291,-84.42267,gazetteer
63894,CIRCLE K #2723653,"I-75, EXIT 124",Cartersville,GA,3.224,34.16458,-84.80170,gazetteer
63895,KWIK SERV #17,"I-75, EXIT 136",Chatsworth,GA,3.499,34.78109,-84.78247,gazetteer
63904,SUNOCO,"I-95, EXIT 19",Savannah,GA,3.632,32.01804,-81.19649,gazetteer
63907,QUIKTRIP #737,"I-85, EXIT 137",Jefferson,GA,3.119,34.13624,-83.60216,gazetteer
63910,OGMULGEE CHEVRON #419,"I-16, EXIT 6",Macon,GA,3.399,32.80899,-83.69406,gazetteer
63912,PILOT TRAVEL CENTER #4562,"I-95, EXIT 1",Kingsland,GA,3.559,30.84610,-81.79091,gazetteer
63914,CIRCLE M #12,US-23/SR-365 & SR-52,Lula,GA,3.539,34.39809,-83.66191,gazetteer
63915,HIGHWAY 80 CHEVRON,"I-185, EXIT 7",Midland,GA,3.399,32.57486,-84.82715,gazetteer
63922,THOMASVILLE TRAVEL CENTER,US-84 & SR-3,Thomasville,GA,3.181,30.83942,-83.97878,gazetteer
63925,PILOT #4561,"I-75, EXIT 11",Valdosta,GA,3.286,30.85013,-83.27883,gazetteer
63931,LOVES TRAVEL STOP #371,"I-95, EXIT 190",Dillon,SC,3.331,34.42441,-79.36756,gazetteer
63937,CUBBYS #305,"I-29, EXIT 10 & SR-2",Percival,IA,3.694,40.75127,-95.81327,gazetteer
63938,CUBBYS #301,US-34 & SR-48,Red Oak,IA,3.399,41.01413,-95.22437,gazetteer
63942,Discount Zone,"I-10, EXIT CLEARVIEW",New Orleans,LA,3.279,30.05342,-89.93450,gazetteer
63946,MINIT MART #600644,"I-80, EXIT 134",Joliet,IL,3.599,41.51687,-88.14796,gazetteer
63955,ROAD RANGER #266,"I-72, EXIT 82 & CR-10",New Berlin,IL,3.439,39.72606,-89.91435,gazetteer
63957,SUNMART FOOD STORE,SR-37,Bloomington,IN,3.499,39.16370,-86.52426,gazetteer
63959,SPEEDWAY #1429,SR-59 & SR-56,Warrenville,IL,3.499,41.82098,-88.18745,gazetteer
63960,BUTLER ONE STOP,"I-69, EXIT 329",Butler,IN,3.519,41.42715,-84.87227,gazetteer
63964,LOVES TRAVEL STOPS #242,"I-35 & FISHER RD, EXIT 144",Von Ormy,TX,3.167,29.27739,-98.65737,gazetteer
63965,GOOD TO GO #11,"I-65, EXIT 158",Frankfort,IN,3.549,40.28102,-86.52125,gazetteer
63966,PHILS ONE STOP,"I-69, EXIT 309B",Fort Wayne,IN,3.676,41.08819,-85.14279,gazetteer
63972,7-ELEVEN #40506,"I-80/I-90, MM 125 WB",Howe,IN,3.899,41.72282,-85.42549,gazetteer
63977,CAREFREE FOOD MART,"I-64, EXIT 92",Leavenworth,IN,3.499,38.20008,-86.35010,gazetteer
63978,Gallops,"I-80, EXIT 107",Middlebury,IN,3.549,41.67056,-85.70868,gazetteer
63979,Jaks Oil,US-90,Broussard,LA,3.049,30.13744,-91.95583,gazetteer
63988,Petes #47,US-400/SR-47,Fredonia,KS,3.299,37.53310,-95.82235,gazetteer
63990,TREX MART #4,"I-229/US-59, EXIT 4B & US-36",Wathena,KS,2.999,39.76106,-94.92752,gazetteer
63992,SANDRAS QUICK STOP,US-169 & US-59,Garnett,KS,3.319,38.28587,-95.24123,gazetteer
63994,U STOP #38,I-70 EXIT 298,Junction City,KS,3.356,39.02722,-96.85227,gazetteer
63997,LEON GROCERY,US-400,Leon,KS,3.399,37.68975,-96.78377,gazetteer
64001,PETES #53,US-400 & SR-99 & CR-939,Severy,KS,3.249,37.62195,-96.22752,gazetteer
64002,SPEEDWAY #9567,"I-65, EXIT 105",Lebanon Junction,KY,3.166,37.83524,-85.72235,gazetteer
64003,HUCKS Food & Fuel #305,SR-9001 & WKY PKWY SERVICE AREA,Beaver Dam,KY,3.599,37.40376,-86.87361,gazetteer
64016,SHELL,US-231 & SR-1468,Morgantown,KY,3.799,37.21741,-86.70015,gazetteer
64020,LEEBOS # 9,"I-49, EXIT 90",Alexandria,LA,3.216,31.29345,-92.47019,gazetteer
64021,CM AMITE,SR-16,Amite,LA,3.399,30.72657,-90.50898,gazetteer
64028,DELCAMBRE FUEL DEPOT,SR-14 & SR-89,Delcambre,LA,2.999,29.95111,-91.99171,gazetteer
64029,SUNSHINE SUPER STOP TRUCKS,"I-10, EXIT 182",Convent,LA,3.399,30.01521,-90.82023,gazetteer
64030,STATE OIL,SR-23,Belle Chasse,LA,3.432,29.85870,-90.00329,gazetteer
64034,BOONES CHEVRON,SR-317,Franklin,LA,3.899,29.78495,-91.50957,gazetteer
64036,CM PROSPECT STATION,SR-3087 & SR-660,Houma,LA,3.599,29.57868,-90.70802,gazetteer
64042,LA PLACE TRAVEL CENTER,"I-10, EXIT 209 & I-55, EXIT 1",La Place,LA,3.259,30.07216,-90.47701,gazetteer
64043,COUNTRY AUTO TRUCK STOP,"I-49, EXIT 177 & SR-509",Mansfield,LA,3.259,32.03534,-93.69966,gazetteer
64044,DISCOUNT ZONE,"I-510, EXIT 240",New Orleans,LA,3.149,30.05342,-89.93450,gazetteer
64047,LUCKY LOUIES TRUCK STOP,US-190,Port Allen,LA,3.066,30.44383,-91.20741,gazetteer
64049,Cash Magic CITGO LAROSE,SR-308,Larose,LA,3.399,29.56520,-90.37617,gazetteer
64050,WESTWOOD TRUCK PLAZA,US-90 BUS,Marrero,LA,3.279,29.88573,-90.11322,gazetteer
64058,DELTA TOWN TRUCK STOP,"I-10, EXIT 4",Vinton,LA,2.799,30.19543,-93.58225,gazetteer
64059,CM SPRINGHILL,"I-20, EXIT 44",Springhill,LA,3.399,33.00193,-93.46151,gazetteer
64060,CM VIVIAN,SR-1 & SR-2,Vivian,LA,3.266,32.87107,-93.98625,gazetteer
64062,XTRA MART #10098,SR-146A,Uxbridge,MA,3.649,42.07732,-71.62951,gazetteer
64063,Mobil,US-20 & SR-56,North Oxford,MA,3.582,42.15009,-71.86841,gazetteer
64069,301 BP,US-301/SR-5,Brandywine,MD,3.259,38.68208,-76.88531,gazetteer
64072,EZ MART #110,US-127 & US-127 BUS/SR-46,Alma,MI,3.649,43.38034,-84.65444,gazetteer
64082,SPEEDWAY #8797,SR-13,Lennon,MI,3.379,42.98544,-83.93253,gazetteer
64083,BIG DADDYS TRUCKSTOP,US-223 & US-23,Ottawa Lake,MI,3.499,41.76415,-83.74939,nominatim
64084,RPF OIL #92 PARMA TRAVEL CENTER,"I-94, EXIT 128",Parma,MI,3.499,42.26544,-84.54899,gazetteer
64085,MADCO TRUCK PLAZA,"I-94, EXIT 200",Romulus,MI,3.399,42.22365,-83.36604,gazetteer
64087,SAHARA PETRO,"I-696, EXIT 22",Warren,MI,3.699,42.49290,-83.02500,gazetteer
64091,Circle K 2746398,US-10 & SR-27,Little Falls,MN,3.399,45.98556,-94.35968,gazetteer
64092,ONE9 #4555,"I-20/I-59, EXIT 77",Cottondale,AL,2.932,33.19305,-87.45486,gazetteer
64097,KWIK TRIP #937,US-12,Willmar,MN,3.341,45.12103,-95.05873,gazetteer
64098,BLUE LINE TRAVEL CENTER,"I-90, EXIT 45",Worthington,MN,3.166,43.62873,-95.59970,gazetteer
64101,D DIAMOND TRAVEL PLAZA,"I-44, EXIT 82",Fair Grove,MO,3.132,37.38332,-93.15215,gazetteer
64106,RAPID ROBERTS #122,SR-43,Joplin,MO,2.899,37.07522,-94.50126,gazetteer
64112,RAPID ROBERTS #123,"I-44, EXIT 80",Springfield,MO,2.899,37.19416,-93.29264,gazetteer
64116,GRAND LEDGE,"I-96, EXIT 86",Grand Ledge,MI,3.789,42.75293,-84.74490,gazetteer
64120,HOLIDAY STATIONSTORE #2746185,US-2,Wakefield,MI,3.139,46.47690,-89.93343,gazetteer
64124,Shell,"I-94 & I-75, EXIT 171",Saint Cloud,MN,3.362,45.52666,-94.17101,gazetteer
64126,CASEYS #3471,US-2 & CR-87,Cohasset,MN,3.449,47.24245,-93.66423,gazetteer
64132,45 TRUCKSTOP,US-45,Corinth,MS,3.089,34.94835,-88.51362,gazetteer
64139,4 MILE TRUCKSTOP,US-98 & HOLT RD,Lucedale,MS,3.399,30.93121,-88.59590,gazetteer
64153,SPEEDWAY #6972,US-70,Durham,NC,3.799,35.97793,-78.89811,gazetteer
64155,SPEEDWAY #8228,"I-85, EXIT 191 & SR-56",Creedmoor,NC,3.999,36.12503,-78.67795,gazetteer
64156,SPEEDWAY #6985,"I-40, EXIT 312 & SR-42",Garner,NC,3.499,35.68948,-78.61460,gazetteer
64163,FILL GOOD BP #15,US-74,Monroe,NC,3.399,35.00159,-80.56128,gazetteer
64170,LUCKY 7,"I-95, EXIT 61",Wade,NC,2.999,35.16340,-78.73967,gazetteer
64171,CIRCLE K #2723130,"I-40, EXIT 364",Warsaw,NC,2.876,34.99958,-78.09273,gazetteer
64172,CUBBYS #108,"I-80, EXIT 420 & SR-63",Greenwood,NE,3.399,40.96169,-96.44304,gazetteer
64173,SAPP BROS TRAVEL CENTER,"I-80, EXIT 405",Lincoln,NE,3.366,40.81028,-96.67486,gazetteer
64181,SUNOCO- JOYCE KILMER PLAZA #7012,"NJTP,EXIT 8A",East Brunswick,NJ,3.899,40.42788,-74.41598,gazetteer
64182,SUNOCO- VINCE LOMBARDI SERVICE AREA #7017,"NJ TURNPIKE, EXIT 18",Ridgefield,NJ,3.899,40.83268,-74.01409,gazetteer
64183,SUNOCO- THOMAS EDISON PLAZA #7013,"NJTP, EXIT 11",Woodbridge,NJ,3.899,40.55286,-74.28694,gazetteer
64187,SPEEDWAY #9117,"I-25, EXIT 339",Las Vegas,NM,3.186,35.60482,-105.21702,gazetteer
64189,CIRCLE K #2708931,"I-10, EXIT 155",Tucumcari,NM,3.259,35.17029,-103.70505,gazetteer
64195,DANDY MINI MART #14,"I-86, EXIT 62",Nichols,NY,3.439,42.02002,-76.37040,gazetteer
64201,POCO SHOP #2,"I-95, EXIT 31",Saint Pauls,NC,3.799,34.80920,-78.97656,gazetteer
64206,SUNOCO WOODROW WILSON PLAZA #7010,"NJTP, EXIT 7",Trenton,NJ,3.899,40.22384,-74.76362,gazetteer
64211,PILOT #490/WESTERN PETROLEUM,US-180,Carlsbad,NM,3.729,32.40079,-104.24101,gazetteer
64215,STRIPES 7FLEET #42588,US-380 & SR-206,Tatum,NM,3.662,33.25539,-103.31082,gazetteer
64216,DANDY MINI MART #31,SR-13 & SR-224,Cayuta,NY,4.399,42.28174,-76.69689,gazetteer
64218,PILOT TRAVEL CENTERS #494,"I-88, EXIT 25",Schenectady,NY,3.999,42.80264,-73.92720,gazetteer
64221,BELL STORES #49,"I-76E, EXIT 25B",Akron,OH,3.499,41.08046,-81.52143,gazetteer
64223,7-ELEVEN #40295,"I-80, EXIT 170",Broadview Heights,OH,3.527,41.31816,-81.67926,gazetteer
64224,7-ELEVEN #40296,SR-176,Broadview Heights,OH,3.532,41.31816,-81.67926,gazetteer
64227,GO MART FOOD STORE #116,US-50 & SR-7,Coolville,OH,3.357,39.21624,-81.79965,gazetteer
64229,SPEEDWAY #9385,"I-70, EXIT 129",Hebron,OH,3.369,39.96525,-82.48651,gazetteer
64230,Certified Oil #400423,I-70 EXIT 126,Hebron,OH,3.396,39.96525,-82.48651,gazetteer
64231,7-ELEVEN #40293,"OHIO TURNPIKE EB MILEPOST 139/I-80, EXIT 139",Amherst,OH,3.532,41.40533,-82.23172,gazetteer
64233,74 FUEL STOP,"I-74, EXIT 3",Harrison,OH,3.859,39.25658,-84.78620,gazetteer
64235,PENNZMART FUEL EXPRESS,ST 100,Tiffin,OH,3.432,41.11491,-83.18047,gazetteer
64236,KFC TRAVELMART,SR-199,Upper Sandusky,OH,3.249,40.83067,-83.27071,gazetteer
64243,Caseys #4519,US-62,Altus,OK,3.006,34.65706,-99.30905,gazetteer
64244,CHOCTAW NATION DURANT WEST #632,US-69/US-75,Calera,OK,3.089,33.93083,-96.42906,gazetteer
64256,CHEROKEE TRAVEL PLAZA,"I-40, EXIT 325",Roland,OK,3.799,35.41318,-94.50853,gazetteer
64261,Phillips 66,US-75/SR-56,Okmulgee,OK,2.989,35.62516,-95.95403,gazetteer
64264,CASEYS #4594,US-81 & US-70,Waurika,OK,3.077,34.18375,-98.02629,gazetteer
64265,ASAP GENERAL STORE #101,"I-40, EXIT 84 & US-54",Weatherford,OK,3.132,35.53739,-98.68434,gazetteer
64270,PENN JERSEY DIESEL & TRAILER,"I-95, EXIT 37",Bensalem,PA,4.199,40.10455,-74.95128,gazetteer
64274,RUTTERS #53,"I-83, EXIT 32 & SR-382",Etters,PA,3.999,40.15241,-76.81890,gazetteer
64275,7-ELEVEN #40279,I-276 & US-202 (KING OF PRUSSIA SERVICE PLAZA WB),King Of Prussia,PA,3.884,40.09603,-75.37907,gazetteer
64282,ONVO TRAVEL PLAZA - HICKORY RUN,"I-80, EXIT 274",White Haven,PA,3.586,41.05970,-75.78695,gazetteer
64285,PILOT #4566,"I-85, EXIT 106",Blacksburg,SC,3.429,35.12209,-81.51812,gazetteer
64287,CIRCLE K #2703099,"I-20, EXIT 33",Batesburg,SC,3.086,33.90792,-81.54733,gazetteer
64288,PILOT #4581,"I-20, EXIT 116",Bishopville,SC,3.432,34.22007,-80.24737,gazetteer
64294,HOT SPOT #6004,"I-26, EXIT 28",Enoree,SC,3.099,34.66049,-81.96252,gazetteer
64298,CORNER MART #354,"I-26, EXIT 72",Newberry,SC,3.299,34.27988,-81.60033,gazetteer
64299,CIRCLE K #2720881,US-17 & SR-165,Ravenel,SC,3.439,32.77628,-80.23195,gazetteer
64300,CIRCLE K #2723416,"I-26, EXIT 28",Roebuck,SC,3.082,34.87899,-81.96444,gazetteer
64301,HILLVIEW TRUCK STOP,"I-20, EXIT 39",Leesville,SC,3.059,33.91653,-81.51344,gazetteer
64307,CIRCLE K #2723876,US-17 & SR-64,Round O,SC,3.372,32.93712,-80.54094,gazetteer
64309,CIRCLE K #2723272,"I-26, EXIT 119",West Columbia,SC,3.546,33.99013,-81.09935,gazetteer
64310,Palmetto Roads #308,"I-95, EXIT 77",Saint George,SC,3.009,33.18607,-80.57946,gazetteer
64313,CUBBYS #403,"I-29, EXIT 79",Sioux Falls,SD,3.066,43.54070,-96.73196,gazetteer
64314,JAKES CORNER,US-81 & SR-34,Winfred,SD,3.049,43.99880,-97.36161,gazetteer
64336,LOVES TRAVEL STOPS #345,I-90/I-94 EXIT 48,Tomah,WI,3.289,43.98801,-90.50138,gazetteer
64337,GRAVES TRUCK STOP,"I-20, EXIT 59",Carthage,TX,2.999,32.15205,-94.33711,gazetteer
64343,Allsup's Marketplace #2411,US-67,Hawley,TX,2.889,32.60670,-99.81016,gazetteer
64347,PILOT TRAVEL CENTERS #256,"US-58 & US-29, SE QUAD",Danville,VA,4.009,36.58333,-79.40807,gazetteer
64350,STRIPES #40811,"I-37, EXIT 55",George West,TX,3.016,28.33000,-98.11830,gazetteer
64352,CHEVRON #383461,"I-10, EXIT 259",Fort Stockton,TX,3.029,30.89257,-102.88421,gazetteer
64355,CEFCO #34,US-281 & SR-38,Hamilton,TX,3.029,31.70039,-98.11967,gazetteer
64360,CIRCLE K #2706983,"I-37, EXIT 36 & SR-359",Mathis,TX,3.019,28.09092,-97.81705,gazetteer
64374,CEFCO #2001,US-287 & FM-369,Iowa Park,TX,2.864,33.96277,-98.68087,gazetteer
64382,KOSSE COUNTRY STORE,SR-7 & SR-14,Kosse,TX,3.116,31.30738,-96.62936,gazetteer
64390,TXB #71 DBA KWIK CHEK FOOD STORES,"I-20, EXIT 136",Midland,TX,3.079,32.02464,-102.11347,gazetteer
64393,TEX-BEST #505,"I-35, EXIT 183",New Braunfels,TX,2.806,29.69931,-98.11513,gazetteer
64399,LOVES TRAVEL STOPS #247,US-287 & SR-256,Memphis,TX,3.789,34.72673,-100.54166,gazetteer
64406,Main Street Market,SR-84 & FM-73,Prairie Hill,TX,2.899,31.65517,-96.78888,gazetteer
64407,CIRCLE K #2741527,US-281,Premont,TX,2.999,27.35852,-98.12443,gazetteer
64408,QUIKTRIP #4058,"I-37, EXIT 125 & SR-1604",San Antonio,TX,2.966,29.46281,-98.52464,gazetteer
64409,LONE STAR TRAVEL CENTER,"I-35, EXIT 147",San Antonio,TX,3.059,29.46281,-98.52464,gazetteer
64420,Valero,US-59 & AT ST-87,Timpson,TX,3.059,31.90691,-94.39706,gazetteer
64421,TXB #17 DBA KWIK CHEK FOOD STORES,SR-121,Trenton,TX,3.299,33.42626,-96.34459,gazetteer
64422,Chevron,"I-10, EXIT 858",Vidor,TX,2.749,30.12814,-93.99173,gazetteer
64423,PILOT #568,"I-35, EXIT 140",Von Ormy,TX,3.211,29.27739,-98.65737,gazetteer
64430,GOLDEN SPIKE TRAVEL PLAZA,"I-15, EXIT 382",Tremonton,UT,3.599,41.71835,-112.18784,gazetteer
64431,RJS  FUEL STOP,"I-15, EXIT 40",Tremonton,UT,3.459,41.71835,-112.18784,gazetteer
64435,SPEEDWAY #4632,US-360/US-58 & SR-1224,Danville,VA,4.059,36.58333,-79.40807,gazetteer
64436,MS 58 PLAZA,"I-95, EXIT 11",Emporia,VA,3.182,36.69618,-77.53597,gazetteer
64438,PILOT TRAVEL CENTER #4622,US-58,South Boston,VA,4.009,36.71182,-78.91335,gazetteer
64441,MILLER MART #55,US-460 & US-58/US-13,Suffolk,VA,3.092,36.69716,-76.63478,gazetteer
64442,PILOT TRUCK STOP #583,"I-5, EXIT 262",Ferndale,WA,4.559,48.85337,-122.59023,gazetteer
64445,KWIK TRIP #413,SR-93 & SR-95,Arcadia,WI,3.316,44.24858,-91.49155,gazetteer
64446,SPEEDWAY #4293,"I-90 & I-43, EXIT 185A",Beloit,WI,3.799,42.52351,-89.01766,gazetteer
64447,KWIK TRIP #621,"SR-29/SR-55, EXIT 234 & SR-47/SR-117",Bonduel,WI,3.457,44.73799,-88.45135,gazetteer
64451,ROYAL FARMS #79,ST 13,New Church,VA,3.339,37.98325,-75.52907,gazetteer
64455,SPEEDWAY #4648,SR-254,Waynesboro,VA,3.959,38.06716,-78.90142,gazetteer
64463,KWIK TRIP #202,"I-39/US-51, EXIT 151 & SR-54",Plover,WI,3.266,44.46202,-89.53797,gazetteer
64474,SIGNAL FOOD STORE #108,US-60,Mountain View,MO,3.032,36.99372,-91.70186,gazetteer
64477,PILOT #1063,"I-40, EXIT 81",Marion,NC,3.759,35.67611,-82.00111,gazetteer
64478,PILOT TRAVEL CENTERS #141,"I-80, EXIT 6",Evanston,WY,3.699,41.26009,-110.96374,gazetteer
64479,YESWAY #1148,"US-30, EXIT 186",Marshalltown,IA,3.246,42.03430,-92.90627,gazetteer
64480,TA Garden City,US-83 & US-400,Garden City,KS,3.731,37.97588,-100.85088,gazetteer
64481,LOVES TRAVEL STOP #282,"I-44, EXIT 4 & SR-43",Joplin,MO,3.397,37.07522,-94.50126,gazetteer
64482,LOVES TRAVEL STOP #208,"I-55, EXIT 119 & SR-22",Canton,MS,3.489,32.59842,-90.03219,gazetteer
64484,LOVES TRAVEL STOP #206,"I-10, EXIT 44 & SR-59",Loxley,AL,3.339,30.68459,-87.73921,gazetteer
64486,GREENWAY STORE #614,"I-85/SR-403, EXIT 61 & SR-74",Fairburn,GA,3.199,33.54780,-84.58727,gazetteer
64487,PILOT TRAVEL CENTERS #165,"I-57 & I-70, EXIT 162",Effingham,IL,3.299,39.12066,-88.55086,gazetteer
64488,PILOT TRAVEL CENTERS #274,"I-10, EXIT 109",Breaux Bridge,LA,3.142,30.28310,-91.90592,gazetteer
64490,QUICK FUEL #2201,"I-85, EXIT 36",Atlanta,GA,3.352,33.76291,-84.42267,gazetteer
64491,QUICK FUEL #1803,I-80/I-294 & SR-1,South Holland,IL,3.829,41.59837,-87.60274,gazetteer
64492,QUICK FUEL #2103,"I-70, EXIT 89",Indianapolis,IN,3.309,39.76838,-86.15804,gazetteer
64493,QUICK FUEL #2801,"I-435, EXIT 1-A AT MILE 1",Lenexa,KS,3.369,38.96527,-94.80394,gazetteer
64494,QUICK FUEL #1704,I-75 EXIT 42 AT MILE 42,Lincoln Park,MI,3.619,42.24329,-83.18126,gazetteer
64495,QUICK FUEL #1702,"I-96, EXIT 173",Livonia,MI,3.799,42.39718,-83.37232,gazetteer
64496,QUICK FUEL #1703,"I-94, EXIT 199-A",Romulus,MI,3.519,42.22365,-83.36604,gazetteer
64498,QUICK FUEL #1705,SR-53,Warren,MI,3.749,42.49290,-83.02500,gazetteer
64499,QUICK FUEL #2401,"I-71, EXIT 234",Bridgeton,MO,3.094,38.77332,-90.41700,gazetteer
64502,QUICK FUEL #2305,"I-270, EXIT 10",Columbus,OH,3.631,39.98394,-82.98488,gazetteer
64503,QUICK FUEL #2304,"I-75, EXIT 210",Toledo,OH,3.601,41.66407,-83.58186,gazetteer
64508,QUICK FUEL #1150,US-51 & SR-30,Madison,WI,3.576,43.08781,-89.42986,gazetteer
64509,QUICK FUEL #1002,"I-94, EXIT 319",Milwaukee,WI,3.741,43.06335,-87.96670,gazetteer
64511,QUICK FUEL #1010,SR-100,Milwaukee,WI,3.779,43.06335,-87.96670,gazetteer
64512,QUICK FUEL #1001,"I-94, EXIT 301",New Berlin,WI,3.499,42.97200,-88.12917,gazetteer
64517,KWIK TRIP #696,"I-94, EXIT 19 & US-63",Baldwin,WI,3.574,44.95448,-92.37159,gazetteer
64519,BLUE RIDGE TRAVEL PLAZA,"I-81 SOUTHBOUND, EXIT 155",Mountain Top,PA,3.649,41.13530,-75.90443,gazetteer
64520,LOVES TRAVEL STOP #222,"I-70/US-35, EXIT 149B & US/35/SR-38",Richmond,IN,3.949,39.83209,-84.89092,gazetteer
64521,CHOCTAW TRAVEL PLAZA #635,US-259/SR-3,Broken Bow,OK,2.999,34.02886,-94.74136,gazetteer
64523,SKY CITY TRAVEL CENTER,"I-40, EXIT 102 NORTH",Pueblo Of Acoma,NM,3.281,34.89606,-107.58197,nominatim
64526,PILOT TRAVEL CENTERS #53,"I-40, EXIT 143",Hurricane Mills,TN,3.176,35.97117,-87.78197,gazetteer
64528,Raceway #7007,SR-74 & SR-180,Shelby,NC,3.249,35.29040,-81.54564,gazetteer
64530,PILOT TRAVEL CENTERS #420,"I-20, EXIT 114",Madison,GA,3.859,33.57904,-83.47597,gazetteer
64532,PILOT #4560,"I-75, EXIT 201",Jackson,GA,3.376,33.29236,-83.96785,gazetteer
64533,SHELL,US-287/US-81 & CR-718,Haslet,TX,2.891,32.96652,-97.33782,gazetteer
64534,CIRCLE K #4707045,"I-95, EXIT 32",Biddeford,ME,3.957,43.43873,-70.39294,gazetteer
64536,FLYING J TRAVEL PLAZA #640,"I-84, EXIT 173",Jerome,ID,3.902,42.71809,-114.51579,gazetteer
64537,FLYING J TRAVEL PLAZA #739,"I-35, EXIT 330B",Waco,TX,3.221,31.55799,-97.18975,gazetteer
64538,PILOT TRAVEL CENTER #445,"I-94, EXIT 22 & US-20",Chesterton,IN,3.799,41.59982,-87.05500,gazetteer
64545,HOBO PANTRY #24,US-231 & SR-10,Brundidge,AL,3.599,31.71764,-85.81755,gazetteer
64546,GRUB MART #13,"I-59, EXIT 205 & US-411/SR-25/SR-68",Centre,AL,3.349,34.15306,-85.67168,gazetteer
64554,FACKLER TEXACO TRUCK STOP,US-72 & CR-42,Fackler,AL,3.199,34.79258,-85.90998,gazetteer
64558,MR FUEL #1203,"I-20, EXIT 129",Meridian,MS,2.812,32.38417,-88.68945,gazetteer
64569,LOVES TRAVEL STOP #624,"I-65, EXIT 8B",Mobile,AL,3.206,30.66825,-88.10785,gazetteer
64571,PETRO STOPPING CENTER #331,"I-15, EXIT 54",Las Vegas,NV,3.734,36.23350,-115.26404,gazetteer
64572,CIRCLE K #2723730,US-43/SR-13/SR-69,Northport,AL,3.399,33.25756,-87.59640,gazetteer
64578,MARATHON,US-431/SR-1,Phenix City,AL,3.249,32.45371,-85.03102,gazetteer
64581,SNEAD SHELL,US-278 & SR-75,Altoona,AL,3.109,34.04001,-86.30518,gazetteer
64592,LOVES TRAVEL STOP #368,"I-65, EXIT 208 & CR-28",Clanton,AL,3.337,32.84557,-86.61949,gazetteer
64599,PONY EXPRESS TRAVEL PLAZA #6,"US-167/US-67, EXIT16 & SR-5",Cabot,AR,3.499,34.97511,-92.02829,gazetteer
64600,Caseys #4552,"I-40, EXIT 57",Clarksville,AR,3.244,35.45392,-93.48156,gazetteer
64610,KINGS RIVER COUNTRY STORE,US-412,Huntsville,AR,3.266,36.09866,-93.73324,gazetteer
64617,SHELL,"I-55, EXIT 48",Osceola,AR,2.999,35.69022,-89.98829,gazetteer
64647,HOOKS,I-16 EXIT 16,East Dublin,GA,3.399,32.54693,-82.86697,gazetteer
64648,QUICK FUEL #2203,"I-20, EXIT 14",Atlanta,GA,3.319,33.76291,-84.42267,gazetteer
64651,QUICK FUEL #2101,I-465,Indianapolis,IN,3.869,39.76838,-86.15804,gazetteer
64654,Fast Stop,"I-10, EXIT 177",Saint Gabriel,LA,3.699,30.25520,-91.10036,gazetteer
64655,ONE9 #7937,"I-85/I-40, EXIT 132",Mc Leansville,NC,3.399,36.09755,-79.65475,gazetteer
64656,QUICK FUEL #2601,SR-27,Charlotte,NC,3.512,35.20905,-80.83099,gazetteer
64660,QUICK FUEL #1005,SR-59 & SR-164,Waukesha,WI,3.623,43.00908,-88.24506,gazetteer
64662,QUICK FUEL #1011,"I-94, EXIT 100",Milwaukee,WI,3.521,43.06335,-87.96670,gazetteer
64664,CIRCLE K #4701424,"I-74, EXIT 102",Morton,IL,3.599,40.61373,-89.46680,gazetteer
64671,FLYING J TRAVEL PLAZA #756,"I-94, EXIT 116 & CR-A",Black River Falls,WI,3.382,44.29845,-90.84279,gazetteer
64673,WESTVILLE TRUCKSTOP,US-6/US-421,Westville,IN,3.586,41.53755,-86.90494,gazetteer
64674,ZANCO SHELL,"I-395, EXIT 87",Plainfield,CT,4.399,41.67649,-71.91507,gazetteer
64675,Petro Mart #45,"I-70/US-40, EXIT 148 & US-54",Kingdom City,MO,2.939,38.94731,-91.93542,gazetteer
64677,MOUNT VERNON FUEL CENTER,"I-75, EXIT 59 & US-25",Mount Vernon,KY,2.999,37.35707,-84.33287,gazetteer
64678,AINSWORTH FOUR CORNERS,US-218/SR-27 & SR-92,Ainsworth,IA,3.109,41.29005,-91.55427,gazetteer
64679,PILOT TRAVEL CENTER #118,I-30 EXIT 121,Benton,AR,3.199,34.57742,-92.57258,gazetteer
64681,PILOT TRAVEL CENTER #458,"I-10, EXIT 208",Eloy,AZ,3.439,32.74126,-111.59401,gazetteer
64682,FLYING J TRAVEL PLAZA #705,"I-40, EXIT 20 & US-283",Sayre,OK,3.182,35.29565,-99.62824,gazetteer
64683,QUIKTRIP #777,"I-20, EXIT 49",Atlanta,GA,2.972,33.76291,-84.42267,gazetteer
64684,MR FUEL #721,"I-465, EXIT 4 & SR 37",Indianapolis,IN,3.319,39.76838,-86.15804,gazetteer
64687,PILOT TRAVEL CENTERS #421,"I-75, EXIT 326",Dalton,GA,3.286,34.76790,-84.97281,gazetteer
64706,CIRCLE K #2721571,"I-65, EXIT 69",Brewton,AL,3.399,31.10918,-87.07658,gazetteer
64712,SUNSTOP #650,US-431 & SR-210,Dothan,AL,3.412,31.23370,-85.40682,gazetteer
64713,GOOD TO GO,"I-65, EXIT 200",Enterprise,AL,3.599,31.32553,-85.84607,gazetteer
64715,CIRCLE K #2709067,US-31/SR-6,Prattville,AL,3.499,32.44904,-86.44940,gazetteer
64718,CUZZS,US-43/SR-13,Thomasville,AL,3.532,31.91501,-87.73720,gazetteer
64719,CIRCLE K #2706697,"I-85, EXIT 77",Valley,AL,3.399,32.80143,-85.20444,gazetteer
64721,FLASH MARKET #17049,"I-40/US-63, EXIT 216 & US-49/SR-17",Brinkley,AR,3.179,34.88978,-91.18982,gazetteer
64723,CASHS #4470,US-65,Dumas,AR,3.209,33.88337,-91.48563,gazetteer
64724,TOBOS TRAVEL CENTER,"I-540, EXIT 58",Fayetteville,AR,3.349,36.07146,-94.16656,gazetteer
64755,PILOT TRAVEL CENTERS #44,"I-70, EXIT 101",Boonville,MO,3.519,38.96144,-92.74620,gazetteer
64764,CORNER MARKET #62,SR-13/SR-789 & SR-64,Meeker,CO,3.729,40.04995,-107.89458,gazetteer
64773,Sun Gas,US-301,Middletown,DE,2.999,39.44339,-75.71750,gazetteer
64775,SHORE STOP #287,US-13,New Castle,DE,3.289,39.67002,-75.56652,gazetteer
64777,4 POINTS MARKET,US-441/SR-7 & SR-804,Boynton Beach,FL,3.229,26.52833,-80.08072,gazetteer
64778,SUNSTOP #347,US-27,Branford,FL,3.699,29.96225,-82.92428,gazetteer
64779,SPEEDWAY #6530,US-50,Brooksville,FL,3.382,28.51658,-82.40466,gazetteer
64793,CIRCLE K #2721297,US-301,Middleburg,FL,3.399,30.05023,-81.90108,gazetteer
64795,QUICK FUEL #5101,"I-4, EXIT 79",Orlando,FL,3.362,28.40865,-81.25481,gazetteer
64798,RIVIERA TRUCKSTOP,SR-710,West Palm Beach,FL,3.779,26.74511,-80.12704,gazetteer
64803,MARATHON,"I-4, EXIT 3",Tampa,FL,3.422,27.97009,-82.47967,gazetteer
64804,SPEEDLANE,US-301 &SR-574,Tampa,FL,3.449,27.97009,-82.47967,gazetteer
64811,SUNSTOP #819,US-19,Americus,GA,3.699,32.07438,-84.22283,gazetteer
64815,BUENA VISTA GAS N GO,SR-26 & SR-41,Buena Vista,GA,3.299,32.31848,-84.51756,gazetteer
64819,CIRCLE K #4174,"I-285/SR-407, EXIT 53 & US-23/SR-42",Conley,GA,3.999,33.64227,-84.33433,gazetteer
64820,Mr Pips,US-84/SR-38,Donalsonville,GA,3.199,31.03969,-84.87842,gazetteer
64825,EXIT 10 AUTO AND TRUCK STOP,"I-185/SR-411, EXIT 19 & SR-315",Fortson,GA,3.399,32.60708,-84.93715,gazetteer
64831,CIRCLE K #2745072,US-341,Lumber City,GA,3.529,31.93305,-82.68320,gazetteer
64833,QWICKSERV,US-319 BUS & SR-133/SR-35/SR-33,Moultrie,GA,3.599,31.17943,-83.79079,gazetteer
64834,SUSIE Q #90,US-319 & SR-33,Moultrie,GA,3.799,31.17943,-83.79079,gazetteer
64840,BP,US-278/SR-6 & SR-101,Rockmart,GA,3.599,34.00831,-85.04498,gazetteer
64842,Circle K #2745128,US-301 & US-25,Statesboro,GA,3.199,32.43773,-81.77564,gazetteer
64843,A TO Z TRUCKSTOP,US-301/US-25/SR-73,Statesboro,GA,3.599,32.43773,-81.77564,gazetteer
64850,SHAKE RAG EXPRESS,US-1 & US-78,Wadley,GA,3.416,32.86479,-82.40280,gazetteer
64856,KUM & GO #1056,"I-35, EXIT 56",Bevington,IA,3.099,41.35995,-93.78424,gazetteer
64857,CHARITON FOOD SHOP,US-34,Chariton,IA,3.369,41.01745,-93.30963,gazetteer
64859,QUICK FUEL #2901,"I-35/I-80, EXIT 136",Des Moines,IA,3.137,41.57259,-93.61024,gazetteer
64860,BP TRUCK PLAZA,US-61/US-151,Dubuque,IA,3.489,42.49890,-90.70726,gazetteer
64862,218 FUEL EXPRESS,US-218 & US-18,Floyd,IA,3.489,43.12819,-92.73994,gazetteer
64863,FT MADISON FAST BREAK,US-61,Fort Madison,IA,3.399,40.62146,-91.34626,gazetteer
64868,MEDIAPOLIS FAST BREAK,US-61,Mediapolis,IA,3.349,41.00787,-91.16372,gazetteer
64871,STEWART ROAD FAST BREAK,CR-X61,Muscatine,IA,3.299,41.41906,-91.06795,gazetteer
64873,CUBBYS #2301,"I-29, EXIT 112",Onawa,IA,3.149,42.02648,-96.09092,gazetteer
64874,OSCEOLA TRAVEL PLAZA,"I-25, EXIT 33 & US-34",Osceola,IA,3.312,41.03495,-93.78660,gazetteer
64875,CASEYS #2598,"SR-163, EXIT 42",Pella,IA,3.199,41.40472,-92.91741,gazetteer
64876,PILOT #238,"I-29, EXIT 10",Percival,IA,3.799,40.75127,-95.81327,gazetteer
64877,CASEYS #3900,"US-218, EXIT 80 & SR-22",Riverside,IA,3.171,41.48324,-91.57219,gazetteer
64880,CASEYS #2487,US-71/SR-9,Spirit Lake,IA,3.382,43.41666,-95.11307,gazetteer
64881,SPARKYS ONE STOP #16,US-71 & SR-3,Storm Lake,IA,3.232,42.64295,-95.19646,gazetteer
64883,KUM & GO #1046,"I-80, EXIT 46 & CR-M47",Walnut,IA,3.109,41.48945,-95.21967,gazetteer
64884,SAPP BROS TRAVEL CENTER,US-61 & SR-78,Sioux City,IA,3.649,42.49538,-96.38949,gazetteer
64886,WEVER JUNCTION,US-61 & CR-X50,Wever,IA,3.399,40.70566,-91.22810,gazetteer
64887,COUNCIL FOOD AND FUEL,US-95,Council,ID,3.589,44.73320,-116.43684,gazetteer
64888,NOMNOM #21,US-95 & SR-13,Grangeville,ID,3.907,45.92583,-116.12192,gazetteer
64892,JACKSONS FOOD STORE #3,US-95,Wilder,ID,3.579,43.67749,-116.90758,gazetteer
64894,CIRCLE K #4701251,"I-55, EXIT 160B & SR-9",Bloomington,IL,3.399,40.47578,-88.96991,gazetteer
64902,DOWNS TRAVEL MART,"I-74, EXIT 142",Downs,IL,3.499,40.39878,-88.88920,gazetteer
64907,FREEDOM OIL #77,"I-74, EXIT 112 & SR-117",Goodfield,IL,3.659,40.63059,-89.25808,gazetteer
64913,Circle K #4701331,US-136 & US-67,Macomb,IL,3.499,40.47015,-90.68311,gazetteer
64914,Martinsville Food and Fuel,"I-70, EXIT 136",Martinsville,IL,3.489,39.33842,-87.88086,gazetteer
64920,KWIK STAR #1530,"I-88/SR-110, EXIT 76 & SR-251",Rochelle,IL,3.499,41.91915,-89.06366,gazetteer
64928,SPEEDWAY #1432,"I-294, EXIT 22",Willow Springs,IL,3.859,41.73414,-87.88401,gazetteer
64929,KARTAR TRUCK STOP,"I-74, EXIT 32 & SR-17",Woodhull,IL,3.599,41.17843,-90.32218,gazetteer
64930,THORNDALE SHELL,"I-290, EXIT 5",Wood Dale,IL,3.459,41.96631,-87.98085,gazetteer
64933,MCCLURE OIL #66,US-33/US-27,Decatur,IN,3.699,40.82885,-84.92781,gazetteer
64939,FAMILY EXPRESS #27 (DISCOUNT AVAILABLE),US-421,Medaryville,IN,3.649,41.08036,-86.89055,gazetteer
64946,MORNING STAR AUTO TRUCK PLAZA,"I-69, EXIT 334 & US-6",Waterloo,IN,3.699,41.43740,-85.05166,gazetteer
64949,PETES #36,US- 54 & US-169,Iola,KS,3.206,37.92743,-95.40067,gazetteer
64950,CASEYS #2957,US-73 & US-36,Hiawatha,KS,3.151,39.85166,-95.53779,gazetteer
64952,AMPRIDE,US-160,Johnson,KS,3.399,37.57057,-101.75100,gazetteer
64961,SAC AND FOX TRUCK STOP,US-75,Powhattan,KS,2.984,39.76173,-95.63401,gazetteer
64963,FLINT HILLS ONE STOP,US-50,Strong City,KS,2.919,38.39543,-96.53667,gazetteer
64964,U PUMP IT,US-83 & US-56,Sublette,KS,3.679,37.48218,-100.84656,gazetteer
64969,ALLSTAR FOOD MART,SR-55,Campbellsville,KY,3.159,37.34392,-85.35224,gazetteer
64980,DOUBLE KWIK MARKET #1044,SR-15/SR-7/SR-160,Isom,KY,3.749,37.18788,-82.89877,gazetteer
64982,FAS MART #5260,SR-9 & US-68/US-62/SR-10,Maysville,KY,3.364,38.65002,-83.79296,gazetteer
64984,DOUBLE KWIK MARKET #1062,"I-75, EXIT 104",Nicholasville,KY,3.499,37.89226,-84.56565,gazetteer
64990,LAKE COUNTRY OUTDOORS,SR-127,Russell Springs,KY,3.199,37.05070,-85.08048,gazetteer
64994,E Z STOP,SR-555 & SR-9002,Willisburg,KY,3.379,37.81032,-85.11958,gazetteer
64996,AVONDALE TRUCK STOP,SR-90,Westwego,LA,3.449,29.90536,-90.14355,gazetteer
64998,CM BAYOU VISTA,US-90,Morgan City,LA,3.399,29.71033,-91.19154,gazetteer
64999,I 220 TRAVEL PLAZA,"I-270, EXIT 17A & US-80/US-79",Bossier City,LA,2.992,32.52367,-93.65543,gazetteer
65002,FOOD N FUN #11,US-90 & SR-92-1,Broussard,LA,3.302,30.13744,-91.95583,gazetteer
65005,USA TRAVEL CENTER,"I-20, EXIT 103/US-80",Calhoun,LA,3.216,32.51531,-92.35393,gazetteer
65006,GOLDMINE TRUCKSTOP,US-190,Eunice,LA,3.199,30.49043,-92.41906,gazetteer
65007,GOLDEN GROVE TRUCK PLAZA,SR-641 & SR-3125,Gramercy,LA,3.419,30.06191,-90.69363,gazetteer
65008,BIG WHEELS TRAVEL CENTER,"US-90, EXIT 204 & SR-316",Gray,LA,3.499,29.67800,-90.78314,gazetteer
65011,PLANTATION TRUCK PLAZA,SR-311 & SR-664,Houma,LA,3.116,29.57868,-90.70802,gazetteer
65017,Y NOT STOP MANSURA,SR-1,Mansura,LA,3.399,31.06732,-92.05282,gazetteer
65019,Hwy 31 Truck Stop,SR 31,Saint Martinville,LA,3.329,30.12700,-91.83112,gazetteer
65021,OPELOUSAS 190 TRUCK STOP,US-190,Opelousas,LA,2.871,30.52490,-92.08165,gazetteer
65022,CM RACELAND,SR-1,Raceland,LA,3.299,29.72349,-90.62975,gazetteer
65023,SHOP RITE #85,"I-10, EXIT 87 AT MILE 87",Rayne,LA,3.149,30.24051,-92.26734,gazetteer
65025,ELSIE AUTO AND TRUCK PLAZA,SR-1,Shreveport,LA,2.949,32.46688,-93.79219,gazetteer
65026,TA ST Rose #06480,US-61,Saint Rose,LA,3.226,29.96347,-90.30789,gazetteer
65027,STARKS TRUCK STOP,SR-12,Starks,LA,3.599,30.31046,-93.66670,gazetteer
65030,CASH MAGIC THIBODAUX,SR-1,Thibodaux,LA,3.399,29.79487,-90.81458,gazetteer
65036,WAVERLY TRUCKSTOP,"I-20, EXIT 157 & SR-577",Delhi,LA,2.964,32.45284,-91.48998,gazetteer
65037,CIRCLE K #2707783,"I-20, EXIT 114 & SR-617",West Monroe,LA,2.957,32.51234,-92.15107,gazetteer
65048,Irving,SR-2,Westminster,MA,3.749,42.54592,-71.91063,gazetteer
65059,ROYAL FARMS #111,"I-95, EXIT 57",Baltimore,MD,3.209,39.30003,-76.61048,gazetteer
65062,AC & T BIG POOL,"I-70, EXIT 12 & SR-56",Big Pool,MD,3.659,39.62509,-78.01617,gazetteer
65064,A C AND T SHARPSBURG PIKE,"I-70, EXIT 29A & SR-65",Hagerstown,MD,3.799,39.64018,-77.72269,gazetteer
65066,HURLOCK CITGO,SR-392 & SR-331,Hurlock,MD,3.259,38.62571,-75.86719,gazetteer
65067,SUNOCO,US-301,Newburg,MD,3.379,38.37735,-76.95331,gazetteer
65069,CIRCLE K #4707056,"I-95, EXIT 75",Auburn,ME,3.899,44.08454,-70.24965,gazetteer
65074,CIRCLE K #4707004,"I-95, EXIT 244 & SR-157",Medway,ME,3.502,45.60894,-68.53086,gazetteer
65075,CIRCLE K #4707017,"I-95, EXIT 48",Portland,ME,3.742,43.63316,-70.18530,gazetteer
65083,SUNOCO,"I-75, EXIT 34B",Riverview,MI,3.639,42.17346,-83.19838,gazetteer
65084,BEACON & BRIDGE #19,US-131 & SR-115,Cadillac,MI,3.239,44.24594,-85.43112,gazetteer
65086,FRED MOORE BP,"I-94, EXIT 257",Casco,MI,4.099,42.75253,-82.67158,gazetteer
65088,Circle K #2746528,US-41/SR-28 & SR-95,Champion,MI,3.819,46.51382,-87.96347,gazetteer
65091,WYOMING FUEL PLAZA,"I-94, EXIT 210A",Dearborn,MI,3.599,42.31306,-83.21149,gazetteer
65092,BP,"I-94 & US-12, EXIT 210",Dearborn,MI,3.199,42.31306,-83.21149,gazetteer
65094,MARATHON,"I-75 & SR-32, EXIT 282",Gaylord,MI,3.799,45.01898,-84.68091,gazetteer
65108,PICKLEMANS ONE STOP-ZEPHYR,ST 28,Newberry,MI,3.699,46.35382,-85.50980,gazetteer
65113,NORTHWIND TRAVEL CENTER,"US-131, EXIT 153 & US-10",Reed City,MI,3.499,43.87275,-85.50701,gazetteer
65121,BP TRAVEL CENTER AND TRUCK PLAZA,"I-275, EXIT 20",Belleville,MI,4.199,42.20192,-83.48281,gazetteer
65127,PITSTOP MOBIL MART,"I-196, EXIT 72",Wyoming,MI,3.549,42.89032,-85.70673,gazetteer
65129,HOLIDAY STATIONSTORE #2746345,"I-94, EXIT 103/US-52 & SR-29",Alexandria,MN,3.499,45.87718,-95.37696,gazetteer
65132,PETES PLACE SOUTH,US-71 & US-2,Bemidji,MN,3.416,47.48703,-94.88269,gazetteer
65135,CIRCLE K #3819,SR-7,Clara City,MN,3.332,44.95744,-95.36767,gazetteer
65136,HOLIDAY STATIONSTORE #2746422,"I-35, EXIT 253B",Duluth,MN,3.499,46.77446,-92.13414,gazetteer
65141,KWIK TRIP #619,US-14 & ST-57,Kasson,MN,3.549,44.03317,-92.74858,gazetteer
65142,HOLIDAY STATIONSTORE #2746376,"I-35W, EXIT 36 & CR-23",Circle Pines,MN,3.549,45.14375,-93.14752,gazetteer
65153,7Fleet #46516,"I-75, EXIT 164",Waite Park,MN,3.459,45.52087,-94.24298,gazetteer
65165,AMERIMART # 11,US-61,Jackson,MO,3.299,37.37992,-89.65407,gazetteer
65171,SIGNAL FOOD STORE #110,US-60 & SR-5,Mansfield,MO,3.026,37.10984,-92.58096,gazetteer
65177,KUM & GO #0497,US-60/SR-413 & CR-M,Republic,MO,3.079,37.16855,-93.41306,gazetteer
65178,WILD BILLS TRAVEL CENTER,US-65 & SR-14,Ridgedale,MO,3.199,36.50395,-93.22379,gazetteer
65180,TREX MART #11,"I-29, EXIT 65 & US-59",Savannah,MO,2.999,39.93879,-94.82805,gazetteer
65188,GAS MART,"US-78, EXIT 14 & SR-309",Byhalia,MS,2.972,34.86919,-89.68999,gazetteer
65192,CIRCLE K #2723396,US-49,Collins,MS,3.879,31.64827,-89.56758,gazetteer
65194,CIRCLE K #2723401,US-98 BYP/SR-44 & SR-13,Columbia,MS,3.332,31.25859,-89.81867,gazetteer
65197,SINGH PETRO,US-11,Ellisville,MS,3.059,31.59728,-89.21027,gazetteer
65198,CIRCLE K #2723437,US-49,Florence,MS,2.896,32.15561,-90.12245,gazetteer
65204,SHELL GAS MART,US-82,Mathiston,MS,3.366,33.53888,-89.12589,gazetteer
65212,Taters #2,US-98 & SR-29,New Augusta,MS,3.316,31.20338,-89.02934,gazetteer
65213,CIRCLE K #2723390,US-98,New Augusta,MS,3.199,31.20338,-89.02934,gazetteer
65214,NEWTON CROSSING,"I-20, EXIT 109 & SR-15",Newton,MS,3.249,32.33011,-89.14753,gazetteer
65216,STUCKEYS EXPRESS,US-43S,Pelahatchie,MS,3.199,32.32090,-89.80795,gazetteer
65221,CEFCO #544,"I-55/US-51, EXIT 81",Terry,MS,2.899,32.10606,-90.29260,gazetteer
65223,SHELL EXPRESS MART,SR-7 & SR-315,Water Valley,MS,3.066,34.16199,-89.63012,gazetteer
65225,CIRCLE K #2723402,US-49,Wiggins,MS,3.509,30.85605,-89.13898,gazetteer
65234,COUNTRY MART,US-13/SR-11,Bethel,NC,3.007,35.80722,-77.37625,gazetteer
65241,CIRCLE K #2723474,US-70,Goldsboro,NC,3.541,35.37823,-77.97187,gazetteer
65246,DOBBS PLACE,"I-95, EXIT 17",Lumberton,NC,3.159,34.63061,-79.01860,gazetteer
65250,CIRCLE K #2723473,US-70,Morehead City,NC,3.649,34.72789,-76.73909,gazetteer
65251,SPEEDWAY #8277,US-17 & SR-43,New Bern,NC,3.266,35.09669,-77.07264,gazetteer
65252,SPEEDWAY #6964,SR-125 & SR-11/SR-42,Oak City,NC,3.197,35.96252,-77.30509,gazetteer
65267,CIRCLE K #2720939,"I-795/US-264, EXIT 43A & US-301",Wilson,NC,3.049,35.73149,-77.93075,gazetteer
65268,SPEEDWAY #6931,"I-40, EXIT 195 & SR-109",Winston Salem,NC,3.609,36.10286,-80.26083,gazetteer
65270,INTERSTATE CENEX,"I-94, EXIT 1 & SR-16",Beach,ND,3.499,46.91875,-104.00545,gazetteer
65274,CENEX C STORE,US-2 & SR-3,Rugby,ND,3.399,48.36542,-99.99022,gazetteer
65282,HEBRON SINCLAIR,US-81,Hebron,NE,3.284,40.16877,-97.58598,gazetteer
65283,CUBBYS #2107,US-20/SR-15,Laurel,NE,3.139,42.42861,-97.09636,gazetteer
65284,Caseys #4526,"I-80, EXIT 237",Lexington,NE,3.057,40.77745,-99.74675,gazetteer
65287,AM ENERGY,"I-80, EXIT 248",Overton,NE,2.899,40.74057,-99.53741,gazetteer
65289,SHOEMAKERS SOUTH,US-77,Roca,NE,3.349,40.65847,-96.66140,gazetteer
65290,ESSENTIAL FUEL #3,ST 71,Scottsbluff,NE,3.599,41.86809,-103.66204,gazetteer
65292,CUBBYS #117,SR-2 & SR-50,Syracuse,NE,3.319,40.66350,-96.18273,gazetteer
65293,TRAILS WEST SINCLAIR,US-34 & SR-25,Trenton,NE,3.499,40.17473,-101.01357,gazetteer
65294,PRIME STOP,ST 35,Wayne,NE,3.244,42.23748,-97.00886,gazetteer
65296,CIRCLE K #4707214,"I-93, EXIT 12S & I-89 & SR-3A",Bow,NH,4.199,43.13203,-71.54924,gazetteer
65299,EPPING FUELING CENTER,SR-27 & SR-125,Epping,NH,4.029,43.03490,-71.09841,gazetteer
65308,SUNOCO,SR-17,East Rutherford,NJ,3.192,40.81710,-74.08502,gazetteer
65310,Edison Fuel Stop,US-1,Edison,NJ,3.159,40.51872,-74.41210,gazetteer
65314,Union 76,"I-55, EXIT 50A",Richwood,NJ,3.399,39.71602,-75.17245,gazetteer
65315,SUNOCO- RICHARD STOCKTON PLAZA #7009,NJ TURNPIKE MILE POST 58.7,Trenton,NJ,3.899,40.22384,-74.76362,gazetteer
65319,PHILLIPS 66,US-30,Clementon,NJ,3.199,39.80268,-74.98376,gazetteer
65320,PILOT #891,"I-80, EXIT 27B",Ledgewood,NJ,4.099,40.88327,-74.66803,gazetteer
65328,THIND TRAVEL PLAZA,SR-20,North Bergen,NJ,3.259,40.80427,-74.01208,gazetteer
65329,UTE MOUNTAIN TRAVEL CENTER,US-160 & US-491,Towaoc,CO,3.457,37.21260,-108.72646,gazetteer
65332,BETTY ROSS TRUCK STOP /BP,US-130 & SR-73,Pennsauken,NJ,3.329,39.95622,-75.05795,gazetteer
65334,SUNOCO,US 22 WEST,Phillipsburg,NJ,3.329,40.69197,-75.17901,gazetteer
65335,CONOCO,US-22,Phillipsburg,NJ,3.359,40.69197,-75.17901,gazetteer
65338,SWIFT FUEL STOP,"I-78, EXIT 13",Newark,NJ,3.879,40.72422,-74.17257,gazetteer
65339,US GAS & DIESEL,US-46,Ridgefield,NJ,3.229,40.83268,-74.01409,gazetteer
65343,ENRITE,"I-287, EXIT 4",South Plainfield,NJ,3.999,40.57441,-74.41480,gazetteer
65345,SOUTH BRUNSWICK VALERO,US-130,North Brunswick,NJ,3.166,40.45400,-74.48200,gazetteer
65350,Phillips 66,"I-295, EXIT 1",Vineland,NJ,3.359,39.46501,-74.99711,gazetteer
65351,RIGGINS TRUCK PLAZA,"I-55, EXIT 26",Vineland,NJ,3.269,39.46501,-74.99711,gazetteer
65353,SUNOCO- GROVER CLEVELAND TRAVEL PLAZA #7014,"NORTH NJ TNPK, EXIT 11",Woodbridge,NJ,3.899,40.55286,-74.28694,gazetteer
65359,ROAD RUNNER TRAVEL CENTER,"I-25, EXIT 156",Lemitar,NM,3.299,34.15503,-106.91224,gazetteer
65361,BLACK MESA TRAVEL CENTER,"I-25, EXIT 252",Algodones,NM,3.269,35.37071,-106.48888,gazetteer
65365,CHEVRON #381125,US-95,Hawthorne,NV,4.079,38.52527,-118.62603,gazetteer
65373,CHAMPLAIN PETERBILT FUEL MART,"I-87, EXIT 43",Champlain,NY,3.799,44.98828,-73.43243,gazetteer
65377,PETROL 9 W,US-9W,Glenmont,NY,3.699,42.60480,-73.76957,gazetteer
65379,MIRABITO #74,"SR-79 N/I-88E, EXIT 6",Harpursville,NY,4.659,42.17841,-75.62463,gazetteer
65381,NATIVE PRIDE,"I-90, EXIT 58 & US-20",Irving,NY,2.899,42.56756,-79.11282,gazetteer
65383,M AND M ALLEGANY JUNCTION,"I-86/SR-17, EXIT 23 & US-219/US-219 BUS",Limestone,NY,3.129,42.01727,-78.63133,gazetteer
65386,MIRABITO #73,"I-88, EXIT 12",Otego,NY,3.999,42.39280,-75.18007,gazetteer
65387,MAPLEFIELDS,SR-22 & SR-442,Peru,NY,3.799,44.57933,-73.53329,gazetteer
65392,CIRCLE K #4707622,"I-90, EXIT 41",Seneca Falls,NY,3.999,42.91161,-76.79706,gazetteer
65395,BELLSTORES #132,US-30 & SR-60,Ashland,OH,3.499,40.86707,-82.31515,gazetteer
65398,QUICK FUEL #2306,"I-480, EXIT 12",Brookpark,OH,3.669,41.41979,-81.82382,nominatim
65400,NORTHSIDE FUEL STOP,US-30 & SR-19,Bucyrus,OH,3.507,40.80512,-82.97163,gazetteer
65406,MOBIL,"I-90/SR-2, EXIT 182B",Cleveland,OH,3.766,41.47846,-81.67943,gazetteer
65411,CLARKS PUMP N SHOP #10,SR- 32,Jackson,OH,3.699,39.04446,-82.64466,gazetteer
65415,SPEEDWAY #9314,US-20 & SR-21,Massillon,OH,3.482,40.78448,-81.52522,gazetteer
65423,BARNEYS CONVENIENCE MART #15,"I-75, EXIT 195 & I-90, EXIT 64 & SR-795",Rossford,OH,3.599,41.57757,-83.57218,gazetteer
65426,CIRCLE K #4705357,US-23 & SR-316,Ashville,OH,3.089,39.72434,-82.95747,gazetteer
65431,QUICK MART AND MORE,US-22 & SR-43,Steubenville,OH,3.639,40.36631,-80.65706,gazetteer
65441,HUTCH'S #103,SR-6 & SR-66,Elk City,OK,2.969,35.38961,-99.42875,gazetteer
65444,TXB #24 dba Kwik Chek Food Stores,US-70,Hugo,OK,2.969,34.01158,-95.51218,gazetteer
65445,QWIK CHEQUE,US-70 & SR-37,Idabel,OK,3.199,33.90741,-94.82217,gazetteer
65451,Petes #15,US-169 & SR-88,Oologah,OK,3.159,36.44378,-95.70891,gazetteer
65457,THACKERSVILLE TRAVEL PLAZA,"I-35, EXIT 1",Thackerville,OK,2.932,33.78753,-97.13918,gazetteer
65490,PILOT TRAVEL CENTER #422,"I-85, EXIT 41 & US-29",Newnan,GA,3.699,33.37583,-84.77732,gazetteer
65494,FLYING J TRAVEL PLAZA #633,"I-20, EXIT 138",Union Point,GA,3.859,33.61882,-83.07504,gazetteer
65513,GETGO #3602,"I-76, EXIT 146 & I-99, EXIT 1 & US-220",Bedford,PA,4.092,40.01512,-78.50302,gazetteer
65514,ONVO TRAVEL PLAZA,"I-78, EXIT 13 & SR- 501",Bethel,PA,3.347,40.47648,-76.28797,gazetteer
65518,KWIK FILL #239,ST 51,Crescent,PA,3.799,39.89625,-75.17516,nominatim
65521,RUTTERS #17,US-15 & SR-234,East Berlin,PA,4.294,39.93683,-76.97946,gazetteer
65522,TURKEY HILL #950324,US-322 & SR-23/SR-897,East Earl,PA,3.786,40.11017,-76.02595,gazetteer
65523,SAC SHOP #512,US-30,Everett,PA,4.099,40.01087,-78.35590,gazetteer
65524,SAC SHOP #514,I-76/I-70 & US-30,Everett,PA,4.099,40.01087,-78.35590,gazetteer
65525,SHELL,"I-95, EXIT 46A & US-1",Fairless Hills,PA,3.899,40.17767,-74.85096,gazetteer
65527,SUNOCO SERVICE STATION,"I-81, EXIT 5",Greencastle,PA,3.899,39.79067,-77.72667,gazetteer
65530,7-ELEVEN #40284,"I-76, EXIT 19/247",Hershey,PA,3.967,40.28001,-76.64433,gazetteer
65532,PILOT TRAVEL CENTERS #1,"I-80,  EXIT 173",Mill Hall,PA,4.016,41.10524,-77.48848,gazetteer
65533,LIBERTY EXXON,US-15 & SR-414,Liberty,PA,3.699,40.32170,-79.86316,gazetteer
65537,SHEETZ #048,US-22,Nanty Glo,PA,3.517,40.47056,-78.83401,gazetteer
65538,WELMART,"SR-28, EXIT 16",Natrona Heights,PA,4.192,40.62371,-79.72615,gazetteer
65549,T&C MINI MART,SR-33 & SR-191,Stockertown,PA,3.699,40.75492,-75.26293,gazetteer
65552,A PLUS MINI MARKET,US-1 & SR-132,Feasterville Trevose,PA,3.899,40.15242,-74.98655,gazetteer
65556,RUTTERS #60,US-30 & SR-116,York,PA,4.249,39.96480,-76.73184,gazetteer
65572,CIRCLE K #2705377,"I-20, EXIT 22 & US-1",Aiken,SC,3.129,33.53159,-81.72507,gazetteer
65573,SPEEDWAY/7fleet #4587,US-501,Aynor,SC,3.124,34.00023,-79.20712,gazetteer
65578,CIRCLE K #2723355,US-52,North Charleston,SC,3.399,32.91788,-80.06500,gazetteer
65587,HOT SPOT #2022,US-25/US-76,Honea Path,SC,2.909,34.44762,-82.39496,gazetteer
65588,SPEEDWAY #2836,US-17,Johns Island,SC,3.069,32.76900,-80.10200,gazetteer
65593,CIRCLE K #2723441,"I-82, EXIT 73 & SR-773",Prosperity,SC,3.116,34.21337,-81.52839,gazetteer
65594,PILOT #4567,I-77 EXIT 77,Rock Hill,SC,3.149,34.93822,-81.01918,gazetteer
65598,LEES QUICK STOP,US-52 & SR-45,Saint Stephen,SC,3.416,33.40263,-79.92519,gazetteer
65603,JET TRUCK PLAZA,"I-29, EXIT 47",Beresford,SD,3.159,43.07965,-96.78022,gazetteer
65604,SHELL,"I-29, EXIT 132",Huron,SD,3.359,44.36234,-98.20957,gazetteer
65608,ZIP TRIP #81,"I-29, EXIT 62 & US-18",Lennox,SD,3.204,43.34937,-96.89407,gazetteer
65614,281 TRAVEL CENTER,US-281,Wolsey,SD,3.089,44.41076,-98.47389,gazetteer
65622,QUICK STOP #34,US-11/SR-1,Bristol,TN,3.299,36.55855,-82.21700,gazetteer
65624,Sudden Service #61,SR-149 & SR-46,Cumberland City,TN,3.564,36.37974,-87.63987,gazetteer
65625,Chevron,US-64,Fayetteville,TN,3.754,35.15018,-86.56230,gazetteer
65629,CASEYS GOODSTOP #4036,"I-40, EXIT 355",Kingston,TN,3.164,35.87267,-84.50449,gazetteer
65639,SPEEDWAY #7138,"I-24, EXIT 70 & SR-102",Smyrna,TN,3.049,35.96902,-86.52862,gazetteer
65641,ALLSUPS CONVENIENCE STORE #2331,I-20 & FM 600,Abilene,TX,2.876,32.45451,-99.73815,gazetteer
65652,CIRCLE K #2706343,"I-20, EXIT 428",Fort Worth,TX,2.969,32.78195,-97.34857,gazetteer
65659,ALLSUPS CONVENIENCE STORE #2169,US-287,Chillicothe,TX,2.896,34.25574,-99.51414,gazetteer
65666,FUEL CITY #2,"I-30, EXIT 45B/I-35E",Dallas,TX,2.966,32.79333,-96.76651,gazetteer
65667,ALLSUPS CONVENIENCE STORE #2103,US-287/US-81,Decatur,TX,2.899,33.22592,-97.58699,gazetteer
65671,SUPER STOP #22,SR-87 & SR-12,Orange,TX,3.439,30.12353,-93.75455,gazetteer
65673,PILOT #894,US-57 & US-277,Eagle Pass,TX,3.899,28.71280,-100.48481,gazetteer
65674,VALLEY MART #09,US-277,Eagle Pass,TX,3.199,28.71280,-100.48481,gazetteer
65678,ONE9 #1300,US-287 & SR-34,Ennis,TX,2.869,32.32507,-96.63380,gazetteer
65686,CEFCO #2004,"I-35 , EXIT 499",Vernon,TX,2.861,34.14766,-99.30043,gazetteer
65690,CIRCLE G TRUCK STOP,US-183 & SR-97,Gonzales,TX,2.799,29.51255,-97.44720,gazetteer
65691,CIRCLE K #2704037,US-90/SR-97 & US-183,Gonzales,TX,2.904,29.51255,-97.44720,gazetteer
65721,Paradise RV & Truck Park,US-287/US-81,Alvord,TX,2.816,33.35697,-97.69603,gazetteer
65724,STRIPES 7FLEET #42427,US-385 & SR-191,Odessa,TX,3.289,31.88046,-102.34531,gazetteer
65728,RIVER MART,US-281/SR-241,Pharr,TX,3.349,26.16344,-98.19389,gazetteer
65738,CIRCLE K #2741499,SR-35 & FM-1069,Rockport,TX,2.806,28.04765,-97.04997,gazetteer
65755,CIRCLE K #2723373,US-11 & SR-622,Atkins,VA,3.349,36.86698,-81.39858,gazetteer
65759,XPRESS STOP,US-522 & SR-694,Cross Junction,VA,3.332,39.32038,-78.29334,gazetteer
65761,NEW DIXIE MART #15,US-58 & SR-671,Franklin,VA,3.099,36.68401,-76.94140,gazetteer
65762,7-ELEVEN #34516,"I-66, EXIT 6",Front Royal,VA,3.526,38.92495,-78.18343,gazetteer
65764,LEESBURG CITGO,US-15,Leesburg,VA,3.499,39.10640,-77.55920,gazetteer
65765,FOSTERS CONVENIENCE STORE,US-29 & SR-685,Rustburg,VA,3.599,37.27219,-79.10010,gazetteer
65767,STATELINE FOOD MART #69,US-23,Pound,VA,3.599,37.12609,-82.60734,gazetteer
65770,JOLLEY #136,"I-89, EXIT 21",Alburgh,VT,3.539,44.97673,-73.30257,gazetteer
65771,CITGO,"I-91, EXIT 3 & US-5",Brattleboro,VT,3.672,42.86162,-72.55922,gazetteer
65789,BEAR CREEK CITGO,US-45 & SR-76/SR-22,Bear Creek,WI,3.439,44.53132,-88.72754,gazetteer
65791,EDGAR TRAVEL CENTER,SR-29 & CR-H,Edgar,WI,3.559,44.92285,-89.96261,gazetteer
65793,KWIK TRIP #921,SR-13 & SR-21,Friendship,WI,3.274,43.97175,-89.82002,gazetteer
65794,BP,"I-43, EXIT 180",Green Bay,WI,3.349,44.52154,-87.98657,gazetteer
65796,ADDISON STATION,"I-41/US-41, EXIT 68 & CR-K",Hartford,WI,3.149,43.32247,-88.37774,gazetteer
65800,BP,US-45,Kewaskum,WI,3.219,43.51803,-88.23153,gazetteer
65804,KWIK TRIP #628,US-45,Larsen,WI,3.432,44.19165,-88.62400,gazetteer
65805,HI WAY HOP BP,"I-42/US-41, EXIT 85 & SR-67",Lomira,WI,3.099,43.59425,-88.44322,gazetteer
65806,SHELL,US-41 & SR-67,Lomira,WI,3.389,43.59425,-88.44322,gazetteer
65809,KWIK TRIP #399,SR-21 & SR-80,Necedah,WI,3.249,44.02209,-90.07505,gazetteer
65810,HIGHWAY HARRY'S,I-90/I-94 EXIT 61 & SR-80,New Lisbon,WI,3.172,43.87529,-90.16238,gazetteer
65812,PLAINFIELD PLAZA,SR-73 & I-39,Plainfield,WI,3.291,44.21750,-89.49693,gazetteer
65813,KWIK TRIP #683,"I-39, EXIT 92 & US-51",Portage,WI,3.249,43.54895,-89.46587,gazetteer
65814,Kracheys BP Truck Stop,US-18 & SR-35,Prairie Du Chien,WI,3.574,43.04162,-91.13541,gazetteer
65817,TREGO TRAVEL CENTER,US-53 & CR-E,Trego,WI,3.582,45.90580,-91.83106,gazetteer
65818,KWIK TRIP #1048,"I-90, EXIT 12",West Salem,WI,3.317,43.89853,-91.08745,gazetteer
65820,KWIK TRIP #673,"I-90 & SR-19, EXIT 131",Windsor,WI,3.254,43.24570,-89.28152,gazetteer
65822,RSTORE #4499,US-45 & SR-29,Wittenberg,WI,3.156,44.82688,-89.16658,gazetteer
65824,CHANEYS SERVICE STATION,US-30 & SR-2,Chester,WV,3.799,40.61292,-80.56273,gazetteer
65828,PAR MAR FOOD STORE #52,US-50 & CR-50/16,West Union,WV,4.099,39.29678,-80.77602,gazetteer
65831,Hat Six Travel Center,"I-25/US-87, EXIT 182 & SR-253/SR-256",Evansville,WY,3.999,42.87599,-106.26775,gazetteer
65835,SOUTHSIDE TRAVEL CENTER,US-20/SR-789,Thermopolis,WY,3.799,43.64762,-108.21454,gazetteer
65836,PILOT TRAVEL CENTERS #434,"I-35W, EXIT 65",Fort Worth,TX,3.264,32.78195,-97.34857,gazetteer
65837,PILOT TRAVEL CENTERS #455,"I-71, EXIT 140",Marengo,OH,3.719,40.40082,-82.81099,gazetteer
65842,AM PM TRAVEL CENTER,US-1/SR-4,Blythe,GA,3.599,33.30307,-82.20736,gazetteer
65847,ROAD RANGER #132,"I-57, EXIT 240",Champaign,IL,3.409,40.11410,-88.27462,gazetteer
65848,Mobil,I-475,Flint,MI,3.199,43.02442,-83.69197,gazetteer
65849,PS FOOD MART #1034,"I-94, EXIT 110 & US-27",Marshall,MI,3.429,42.26268,-84.96745,gazetteer
65857,PILOT TRAVEL CENTERS #199,"I-20, EXIT 33",Haughton,LA,3.146,32.52761,-93.50417,gazetteer
65858,SPEEDWAY #6661,"I-94, EXIT 40  & US-20 & US-35",La Porte,IN,3.599,41.60607,-86.71368,gazetteer
65859,SPEEDWAY #6662,US-20 & SR-15,Bristol,IN,3.549,41.71659,-85.82514,gazetteer
65860,LOVES TRAVEL STOPS #283,"E I-30 & FM 549, EXIT 70",Rockwall,TX,3.049,32.91806,-96.43805,gazetteer
65862,PILOT TRAVEL CENTERS #396,"I-81, EXIT 213",Staunton,VA,3.659,38.15798,-79.06188,gazetteer
65863,VALERO,SR-31,Clinton,NJ,3.359,40.63679,-74.91521,gazetteer
65866,FLYING J TRAVEL PLAZA #710,"I-81, EXIT 219",New Milford,PA,4.176,41.87614,-75.72656,gazetteer
65868,7-ELEVEN #36073,"I-77, EXIT 54 & US-21",Statesville,NC,2.879,35.78549,-80.87296,gazetteer
65880,MR FUEL DBA ONE9 #1245,"I-55, EXIT 52 & SR-16",Litchfield,IL,3.199,39.17596,-89.66548,gazetteer
65883,FLYING J TRAVEL PLAZA #647,"I-64, EXIT 25 & US-41",Haubstadt,IN,3.959,38.20324,-87.57474,gazetteer
65885,LOVES TRAVEL STOP #299,"US-75, EXIT 48 & SR-455",Anna,TX,3.197,33.34817,-96.55345,gazetteer
65909,7-Eleven/7FLEET #40496,"I-81, EXIT 47 & SR-12",Watertown,NY,4.149,43.97329,-75.91004,gazetteer
65912,ATOKA FUEL,US-75/US-69/SR-3,Atoka,OK,3.179,34.38635,-96.13110,gazetteer
65914,CASEYS #2732,US-30 & US-284/SR-2,Grand Island,NE,3.149,40.92135,-98.35856,gazetteer
65915,Marathon,"I-94/US-52, EXIT 346 & CR-17",West Fargo,ND,3.029,46.85638,-96.90481,gazetteer
65917,CUMBERLAND CORNER MART,SR-90 & US-127,Albany,KY,3.574,36.69055,-85.13549,gazetteer
65919,QUICK FUEL #5001,US-78/SR-4,Memphis,TN,3.026,35.10916,-89.96851,gazetteer
65935,MAIN ST JUNCTION,SR-14 & SR-15,Louisville,MS,3.099,33.12293,-89.05488,gazetteer
65962,CIRCLE K #2705937,US-301/SR-35 & SR-50,Dade City,FL,3.332,28.35263,-82.19416,gazetteer
65969,PILOT  #1105,SR-29 & SR-182,Bunkie,LA,3.212,30.95366,-92.18811,gazetteer
65974,BEACON & BRIDGE #13,"US-127, EXIT 117",Ithaca,MI,3.649,43.29109,-84.59567,gazetteer
65978,KWIK TRIP #623,US-61,Minnesota City,MN,3.399,44.09230,-91.74999,gazetteer
65983,SPEEDWAY #6967,"US-17, EXIT 227 & SR-32",Edenton,NC,3.287,36.05857,-76.59898,gazetteer
65989,DANCING EAGLE,"I-40, EXIT 108",Casa Blanca,NM,3.359,35.04560,-107.47144,gazetteer
66014,BIG D TRAVEL CENTER,SR-12 & SR-183,Irving,TX,2.956,32.85775,-96.97002,gazetteer
66016,FLYING J TRAVEL PLAZA #660,"I-64, EXIT 185 & SR-180",Catlettsburg,KY,3.766,38.41704,-82.60302,gazetteer
66017,FLYING J TRAVEL PLAZA #626,"I-95/SR-9, EXIT 305 & SR-206",Saint Augustine,FL,3.449,29.89615,-81.31113,gazetteer
66020,LOVES TRAVEL STOP #221,I-70 EXIT 160,Zanesville,OH,3.482,39.95599,-82.01347,gazetteer
66021,LOVES TRAVEL STOP #238,"I-65, EXIT 116 & SR-480",Shepherdsville,KY,3.599,37.98143,-85.70201,gazetteer
66022,PILOT TRAVEL CENTERS #459,"I-10, EXIT 133",Avondale,AZ,3.587,33.31324,-112.32893,gazetteer
66024,LOVES TRAVEL STOPS #239,"I-81/US-11, EXIT 84 & SR-619",Max Meadows,VA,3.545,36.97894,-80.96180,gazetteer
66025,SPACE AGE TRAVEL CENTER,"I-84, EXIT 183 & SR-207",Hermiston,OR,3.332,45.83295,-119.28521,gazetteer
66026,FLYING J TRAVEL PLAZA #643,"I-70 & I-57, EXIT 160",Effingham,IL,3.299,39.12066,-88.55086,gazetteer
66030,Colfax Travel Center,"I-80, EXIT 159 & SR-117",Colfax,IA,3.149,41.67979,-93.23628,gazetteer
66031,WILCO FAST BREAK,US-61/US-24,Palmyra,MO,3.119,39.79778,-91.52652,gazetteer
66034,FAS MART #5134,"I-72, EXIT 144 S",Decatur,IL,3.459,39.85598,-88.93375,gazetteer
66035,ROAD RANGER #136,"I-90, EXIT 147",Cottage Grove,WI,3.544,43.09222,-89.20534,gazetteer
66036,FLYING J TRAVEL PLAZA #602,"I-65, EXIT 264",Birmingham,AL,3.559,33.52717,-86.79704,gazetteer
66037,TA PRESCOTT TRAVEL CENTER,"I-30, EXIT 44",Prescott,AR,3.502,33.80432,-93.39121,gazetteer
66040,LOVES TRAVEL STOP #272,"I-40 & DW (RANCH RD), EXIT 59",Kingman,AZ,3.856,35.21699,-114.01053,gazetteer
66042,FLYING J TRAVEL PLAZA #707,"I-80, EXIT 78",Brookville,PA,4.034,41.16168,-79.08265,gazetteer
66043,LOVES TRAVEL STOP #216,US-67 & US-287,Midlothian,TX,3.199,32.46944,-96.99067,gazetteer
66044,TA TAMPA TRAVEL CENTER,"I-4, EXIT 10",Seffner,FL,3.396,28.00164,-82.27408,gazetteer
66045,FLYING J TRAVEL PLAZA #698,"I-71, EXIT 69",Jeffersonville,OH,3.399,39.65344,-83.55156,gazetteer
66046,PETRO STOPPING CENTER #345,I-69 EXIT357,Fremont,IN,3.899,41.72762,-84.93886,gazetteer
66050,PILOT TRAVEL CENTERS #130,"I-77, EXIT 145",Richfield,OH,3.799,41.23313,-81.64394,gazetteer
66051,Caseys #4419,I-165 EXIT 5,Bowling Green,KY,3.026,36.97683,-86.43366,gazetteer
66054,LOVES TRAVEL STOP #220,"I-25/US-87, EXIT 7 & SR-212",Cheyenne,WY,3.709,41.12870,-104.79078,gazetteer
66055,WINDMILL BP,"US-20, EXIT 208 & SR-14",Holland,IA,3.599,42.40013,-92.79883,gazetteer
66056,PILOT TRAVEL CENTERS #114,"I-40, EXIT 320",Crossville,TN,3.246,35.95342,-85.03025,gazetteer
66057,ROAD RANGER #205,"I-90, EXIT 1",South Beloit,IL,3.469,42.48484,-89.02743,gazetteer
66059,TIME OUT TRAVEL CENTER,"I-40, EXIT 432-B",Newport,TN,2.966,35.96162,-83.19762,gazetteer
66062,FLYING J TRAVEL PLAZA #716,"I-29, EXIT 83",Sioux Falls,SD,3.899,43.54070,-96.73196,gazetteer
66065,LOVES TRAVEL STOP #321,"SR 770 & I-75 , EXIT 29",Corbin,KY,3.599,36.93158,-84.10079,gazetteer
66068,HOLIDAY STATIONSTORE #2746262,I-175 EXIT 394,Sault Sainte Marie,MI,3.799,46.47617,-84.37054,gazetteer
66069,128 NEWTON GAS,"I-95, EXIT 20A/SR-128 & SR-9",Newton Lower Falls,MA,4.299,42.32926,-71.25367,gazetteer
66070,TAURO,"SR-78, EXIT 3",Phillipsburg,NJ,3.342,40.69197,-75.17901,gazetteer
66073,EXXON,"I-24 & HUSBAND ROAD, EXIT 11",Paducah,KY,3.157,37.07089,-88.64448,gazetteer
66074,HEARTLAND XPRESS,US-67 & SR-M,Poplar Bluff,MO,3.199,36.76326,-90.41395,gazetteer
66075,CORNER MART #349,"I-26, EXIT 54 & SR-72",Clinton,SC,3.099,34.47389,-81.86090,gazetteer
66078,Amoco,I-40 EXIT 447,Hartford,TN,3.099,35.81676,-83.14321,gazetteer
66083,KANGAROO CROSSING,SR-35,Kosciusko,MS,3.199,33.05817,-89.58936,gazetteer
66091,KEYSVILLE SAV U TIME,US-360,Keysville,VA,3.399,37.03899,-78.48044,gazetteer
66093,KWIK TRIP #414,"I-90, EXIT 209A & US-63/SR-30",Stewartville,MN,3.557,43.86079,-92.48999,gazetteer
66099,NEW JERSEY TRUCK STOP DIESEL ONLY,"I-95, EXIT 15E & US-9/US-1",Kearny,NJ,3.759,40.75233,-74.12309,gazetteer
66100,CIRCLE K #2723692,"I-26, EXIT 213",North Charleston,SC,3.399,32.91788,-80.06500,gazetteer
66103,TERRIBLE HERBST #243,I-95 & SR-164,Searchlight,NV,3.832,35.45543,-114.92043,gazetteer
66109,QUARTERS TRAVEL PLAZA,"I-49, EXIT 23 & US-167 /SR-744",Opelousas,LA,3.184,30.52490,-92.08165,gazetteer
66110,LOVES TRAVEL STOP #479,"I-29, EXIT143",Sioux City,IA,3.642,42.49538,-96.38949,gazetteer
66111,CROSSROADS EXPRESS,US-36 & US-83,Oberlin,KS,3.089,39.82304,-100.53074,gazetteer
66113,7-ELEVEN #39467,"I-95, EXIT 16E",Jersey City,NJ,3.259,40.71142,-74.06476,gazetteer
66114,LOVES TRAVEL STOP #235,"I-29 & US-169, EXIT 44",Saint Joseph,MO,3.332,39.75946,-94.82114,gazetteer
66115,FLYING J TRAVEL PLAZA #697,"I-80, EXIT 234B",Hubbard,OH,3.459,41.15812,-80.56465,gazetteer
66116,ONVO TRAVEL PLAZA - HARFORD,"I-81, EXIT 217 & SR-547",Harford,PA,3.589,41.78200,-75.70622,gazetteer
66117,ONVO TRAVEL PLAZA PINE GROVE,"I-81, EXIT 32",Pine Grove,PA,3.539,40.55341,-76.38602,gazetteer
66119,FLYING J TRAVEL PLAZA #645,"I-270 & SR-11, EXIT 6",Granite City,IL,3.559,38.72928,-90.12547,gazetteer
66121,ROAD RANGER #226,"I-65, EXIT 99",Greenwood,IN,3.601,39.60337,-86.10523,gazetteer
66122,ROAD RANGER #139,"I-57, EXIT 212",Tuscola,IL,3.229,39.79591,-88.27548,gazetteer
66123,ROAD RANGER #225,"I-80, EXIT 56",Princeton,IL,3.289,41.38056,-89.46410,gazetteer
66126,LOVES TRAVEL STOP #209,"I-20, EXIT 3 & US-80 & SR-169",Greenwood,LA,3.134,32.43147,-93.95989,gazetteer
66131,SPEEDWAY #3446,"I-95, EXIT 10 & SR-440",Edison,NJ,3.586,40.51872,-74.41210,gazetteer
66133,LOVES TRAVEL STOPS #228,"I-4, EXIT 44",Polk City,FL,3.389,28.18047,-81.83003,gazetteer
66134,CIRCLE K #2721591,"I-10, EXIT 10 & US-29/SR-95",Pensacola,FL,3.222,30.44099,-87.19124,gazetteer
66135,CIRCLE K #2721592,"I-10, EXIT 5 & US-90 ALT",Pensacola,FL,3.222,30.44099,-87.19124,gazetteer
66136,CHOCTAW TRAVEL PLAZA #638,US-270 & US-59 & US-112,Poteau,OK,3.299,35.06665,-94.61027,gazetteer
66137,CIRCLE K #2721594,"I-10, EXIT 263",Slidell,LA,3.171,30.28891,-89.78293,gazetteer
66139,LOVES TRAVEL STOPS #305,"I-81, EXIT 291 & SR-651",Toms Brook,VA,3.649,38.94654,-78.44005,gazetteer
66141,QUICK FUEL #5102,"SR-826, EXIT NW 58TH ST",Miami,FL,3.389,25.77516,-80.20861,gazetteer
66142,QUICK FUEL #5106,SR-589 & SR-580,Tampa,FL,3.492,27.97009,-82.47967,gazetteer
66149,QUICK FUEL #5105,"I-75, EXIT W BRANDON BLVD",Tampa,FL,3.501,27.97009,-82.47967,gazetteer
66155,7-ELEVEN #36575,"I-35, EXIT 248",Pflugerville,TX,2.899,30.44777,-97.60212,gazetteer
66156,7-ELEVEN #36567,SR-6 & SR-21,Bryan,TX,3.144,30.66602,-96.38105,gazetteer
66173,TIMEWISE FOOD STORE #160,"I-10, EXIT 661",Flatonia,TX,3.199,29.68971,-97.10520,gazetteer
66174,TIMEWISE FOOD STORE #162,"I-10, EXIT 456",Junction,TX,3.099,30.49076,-99.77322,gazetteer
66177,PILOT #6978,"I-74/I-73/US-220, EXIT 44 & SR-211",Candor,NC,3.999,35.29639,-79.73252,gazetteer
66182,CIRCLE K #2706708,"I-185, EXIT 10",Midland,GA,3.339,32.57486,-84.82715,gazetteer
66183,CHEVRON CURB STORE,SR-35 & SR-21,Forest,MS,3.569,32.35984,-89.47591,gazetteer
66184,HENRIETTA TRUCK STOP,"I-390, EXIT 12 & I-90, EXIT 46",Henrietta,NY,3.899,43.05923,-77.61222,gazetteer
66185,TIGERMART OF BUFFALO,"I-45, EXIT 178 & US-79",Buffalo,TX,3.599,31.45891,-96.06616,gazetteer
66186,STRIPES #40813,US-281 & SR-285,Falfurrias,TX,3.087,27.22441,-98.14519,gazetteer
66195,MOBIL,"I-495, EXIT 26 & SR-62",Berlin,MA,3.699,42.38120,-71.63701,gazetteer
66196,EXXON TIGER MART,"I-35, EXIT 386",Italy,TX,3.122,32.18646,-96.88579,gazetteer
66198,CIRCLE K #2703117,"I-20, EXIT 11",Graniteville,SC,3.159,33.56468,-81.80923,gazetteer
66221,ROAD RANGER #236,"I-43, EXIT 38",East Troy,WI,3.082,42.78518,-88.39557,gazetteer
66223,7-ELEVEN #36548,SR-83,Laredo,TX,2.999,27.56038,-99.48918,gazetteer
66224,ROAD RANGER #235,"I-90, EXIT 36",Hampshire,IL,3.369,42.11561,-88.50517,gazetteer
66225,ROAD RANGER #140,"I-39, EXIT 72",Mendota,IL,3.269,41.55665,-89.10051,gazetteer
66227,Pilot Travel Centers #482,"I-57, EXIT 95",Mount Vernon,IL,3.359,38.31421,-88.91747,gazetteer
66229,LOVES TRAVEL STOP #308,"I-40, EXIT 86 & SR-226",Marion,NC,3.739,35.67611,-82.00111,gazetteer
66235,LOVES TRAVEL STOP #291,"I-75, EXIT 95 & SR-627",Richmond,KY,3.599,37.72915,-84.29936,gazetteer
66236,LOVES TRAVEL STOP #309,"I-80, EXIT 332 & SR-14",Aurora,NE,3.289,40.86466,-98.00807,gazetteer
66237,ROUTE 66 TRAVEL CENTER,"I-40, EXIT 140",Albuquerque,NM,3.359,35.10478,-106.64681,gazetteer
66238,BETTY BEAVERS TRUCKSTOP,"I- 90, EXIT 29",Canajoharie,NY,3.599,42.89908,-74.56787,gazetteer
66239,Hola,US-27/SR-80/SR-25,South Bay,FL,3.419,26.68838,-80.73553,gazetteer
66241,PUMP & PANTRY #29,US-30,Central City,NE,3.337,41.11304,-98.00034,gazetteer
66242,PUMP & PANTRY #23,"US-34, EXIT 4TH AVE",Holdrege,NE,3.449,40.43944,-99.37704,gazetteer
66243,CIRCLE K #4707000,SR-9,Baileyville,ME,3.899,45.15495,-67.40501,nominatim
66244,STRIPES #40809,"I-37, EXIT 56",George West,TX,3.044,28.33000,-98.11830,gazetteer
66247,GULF OIL #5045,I-90 EXIT 83,Charlton,MA,3.909,42.13565,-71.97007,gazetteer
66248,CIRCLE K #4707046,"I-95, EXIT 6",Scarborough,ME,3.909,43.57814,-70.32172,gazetteer
66249,CIRCLE K #4707206,SR-125,Epping,NH,3.767,43.03490,-71.09841,gazetteer
66250,SPEEDWAY #6973,US-1,Wake Forest,NC,2.949,35.96441,-78.51332,gazetteer
66252,CIRCLE K #4707023,US-1A,Holden,ME,3.732,44.75285,-68.67892,gazetteer
66255,CIRCLE K #4707217,US-2 & SR-16,Gorham,NH,3.751,44.39345,-71.19850,gazetteer
66257,LOVES TRAVEL STOP #310,"I-80/US-30, EXIT 173",Wamsutter,WY,3.723,41.66798,-107.97914,gazetteer
66258,CIRCLE K #4707208,"I-93, EXIT 23",New Hampton,NH,3.659,43.61063,-71.65275,gazetteer
66259,CEFCO #48,"I-35, EXIT 304",Temple,TX,2.966,31.10494,-97.38851,gazetteer
66261,CIRCLE K #2723123,"I-95, EXIT 71",Dunn,NC,3.142,35.31164,-78.61296,gazetteer
66263,One9 SPEEDWAY #6753,"I-78, EXIT 1",Fleetwood,PA,3.832,40.45650,-75.82158,gazetteer
66266,7-ELEVEN #40508,"I-80, EXIT 90",Elkhart,IN,3.999,41.69154,-85.96225,gazetteer
66272,MOOSETRACKS #752,"I-85, EXIT 113",High Point,NC,3.114,35.99080,-79.99271,gazetteer
66273,PETRO STOPPING CENTER,"I-59, EXIT 181 & US-77",Gadsden,AL,3.999,34.00660,-86.01608,gazetteer
66274,FLYING J TRAVEL PLAZA #692,"I-80, EXIT 352 & US-93",Wells,NV,3.709,41.11315,-114.95354,gazetteer
66278,PILOT TRAVEL CENTERS #394,"I-84, EXIT 6",Newburgh,NY,4.359,41.50325,-74.01964,gazetteer
66284,JOLLEY #150,"I-89, EXIT 19",Saint Albans,VT,3.539,44.81154,-73.08446,gazetteer
66285,QUIKTRIP #787,"I-675, EXIT 5",Ellenwood,GA,3.109,33.61011,-84.28798,gazetteer
66286,CASEYS #4205,"I-40/75, EXIT 374",Knoxville,TN,3.099,35.97068,-83.94927,gazetteer
66290,ABBYLAND TRUCK STOP,"SR-29, EXIT 127",Curtiss,WI,3.462,44.95277,-90.43958,gazetteer
66292,LOVES TRAVEL STOP #311,"I-20, EXIT 9",Waco,GA,3.391,33.70260,-85.18924,gazetteer
66293,One9 #254,"I-24, EXIT 169",Wildwood,GA,3.099,34.96694,-85.42150,gazetteer
66294,FLYING J TRAVEL PLAZA #667,"I-69, EXIT 81SB / I-96, EXIT 9",Grand Ledge,MI,3.959,42.75293,-84.74490,gazetteer
66295,LOVES TRAVEL STOP #432,"I-94/I-41,  EXIT 322 & SR-100",Oak Creek,WI,3.867,42.87869,-87.89868,gazetteer
66299,XTRA MART #10093,SR-146,Millbury,MA,3.649,42.19398,-71.76007,gazetteer
66300,PILOT TRAVEL CENTERS #149,"I-40, EXIT 42 & SR-222",Stanton,TN,3.509,35.46133,-89.40137,gazetteer
66301,KWIK TRIP #743,US-10 & SR-114,Menasha,WI,3.507,44.21234,-88.42736,gazetteer
66303,KWIK TRIP #787,US-51 & CR-JJ,Schofield,WI,3.416,44.91335,-89.62148,gazetteer
66314,PS FOOD MART #1042,"US-23, EXIT 17",Dundee,MI,3.429,41.96648,-83.66942,gazetteer
66315,SPEEDWAY #6748,"I-94, EXIT 34 & US-421",Michigan City,IN,3.682,41.70878,-86.86687,gazetteer
66316,CASEYS #4204,SR-168,Knoxville,TN,3.259,35.97068,-83.94927,gazetteer
66317,LOVES TRAVEL STOP #314,I-24 EXIT 89,Christiana,TN,3.462,35.71927,-86.41292,gazetteer
66318,ROAD RANGER #242,"I-44, EXIT 163",Saint Robert,MO,3.264,37.82533,-92.15198,gazetteer
66319,ROAD RANGER #211,I-90 & RIVERSIDE BLVD,Loves Park,IL,3.469,42.33784,-88.99865,gazetteer
66320,SPEEDWAY #8772,"I-69, EXIT 168 & SR-53",Imlay City,MI,3.779,43.01705,-83.07710,gazetteer
66322,LOVES TRAVEL STOP #318,"I-57, EXIT 83 & CR-42",Ina,IL,3.389,38.14990,-88.90402,gazetteer
66323,PILOT TRAVEL CENTERS #905- TOWN PUMP,"I-90, EXIT 109",Milltown,MT,3.609,46.87131,-113.88177,gazetteer
66328,LOVES TRAVEL STOP #320,"I-16/SR-404, EXIT 49 & SR-257",Dublin,GA,3.332,32.53547,-82.92881,gazetteer
66329,CIRCLE K #2723438,"I-85, EXIT 96",Gaffney,SC,3.199,35.07356,-81.66153,gazetteer
66332,PWI #172,"I-45, EXIT 258",Palmer,TX,2.776,32.42514,-96.66711,gazetteer
66334,Hucks Travel Center #052,"I-24/I-69, EXIT 40 & US-641/US-62/SR-93",Kuttawa,KY,3.699,37.06047,-88.11439,gazetteer
66337,ZIP TRIP #60,"I-25, EXIT 299 & US-16/SR-196",Buffalo,WY,3.581,44.33855,-106.71534,gazetteer
66338,SHELL,"I-30, EXIT 160 & US-271/SR-49 & US-67",Mount Pleasant,TX,3.899,33.15824,-94.97447,gazetteer
66339,PILOT DEALER #873,US-27,Miami,FL,3.699,25.77516,-80.20861,gazetteer
66341,7-ELEVEN #218,"I-44, EXIT 4",Harrold,TX,2.687,34.06757,-99.03309,gazetteer
66342,ONE9 #398,"I-75, EXIT 109",Vienna,GA,3.109,32.09275,-83.78684,gazetteer
66346,PILOT TRAVEL CENTERS #247,"I-74, EXIT 39 & SR-32",Crawfordsville,IN,3.899,40.04129,-86.89758,gazetteer
66348,PIT STOP,I-40 EXIT 221,Wheatley,AR,2.999,34.92119,-91.10626,gazetteer
66349,CIRCLE K #2741796,"I-40, EXIT 5",Little Rock,AR,3.366,34.72539,-92.35856,gazetteer
66352,KWIK TRIP #871,"US-41, EXIT 124 & SR-76",Oshkosh,WI,3.291,44.02317,-88.56226,gazetteer
66353,MOTOMART #3361,"I-55, EXIT 129",Perryville,MO,2.989,37.72633,-89.87649,gazetteer
66355,CIRCLE K #2723439,"I-26, EXIT 5",Campobello,SC,3.132,35.12575,-82.14936,gazetteer
66357,LOVES TRAVEL STOP #351,"I-80 & E 8TH RD, EXIT 81",Utica,IL,3.289,41.34059,-89.01008,gazetteer
66361,SHADY NOOK,US-61/US-49,Lyon,MS,3.999,34.21693,-90.54319,gazetteer
66362,TA FLORENCE TRAVEL CENTER,"I-95, EXIT 164 & US-52",Florence,SC,3.326,34.17892,-79.79222,gazetteer
66363,LOVES TRAVEL STOP #178,"US-35/KS TPKE, MM 26",Belle Plaine,KS,3.329,37.39343,-97.27955,gazetteer
66364,SHELL,"I-4, EXIT 64",Plant City,FL,3.447,28.01535,-82.11781,gazetteer
66365,LIBERTY,US-202,Ringoes,NJ,3.399,40.43088,-74.87180,gazetteer
66368,PETRO STOPPING CENTER #371,"I-90, EXIT 41",Waterloo,NY,4.196,42.90459,-76.85902,gazetteer
66369,LOVES TRAVEL STOP #319,"I-74, EXIT 61",Pittsboro,IN,3.889,39.87114,-86.46550,gazetteer
66370,SPEEDWAY #6979,US-301,Wilson,NC,3.129,35.73149,-77.93075,gazetteer
66371,RAPIDES STATION TRUCK STOP,"I-49, EXIT 94",Boyce,LA,3.099,31.38989,-92.67037,gazetteer
66372,CEFCO #54,"I-35, EXIT 292",Belton,TX,2.952,31.05234,-97.47954,gazetteer
66374,BROOKSHIRE BROS #6111,US-259,Nacogdoches,TX,3.369,31.61236,-94.65205,gazetteer
66376,SUBS AND GRUBS,"I-63, EXIT 39",Jonesboro,AR,3.389,35.81976,-90.67903,gazetteer
66377,QUIKTRIP #873,"I-35W, EXIT 42",Fort Worth,TX,2.976,32.78195,-97.34857,gazetteer
66382,STATELINE CONOCO,"I-35, EXIT 114",Eagleville,MO,3.549,40.46872,-93.98596,gazetteer
66383,TENAHA EXPRESS MART,US-96 & US-84,Tenaha,TX,3.299,31.94371,-94.24571,gazetteer
66385,TA EXPRESS MINDEN,"I-20, EXIT 52",Minden,LA,3.114,32.61915,-93.27275,gazetteer
66386,SPEEDWAY #4631,US-220,Bassett,VA,3.416,36.76152,-79.98655,gazetteer
66388,Gas n Go,"I-75, EXIT 117 AT MILE 117",Pinehurst,GA,3.099,32.19621,-83.75952,gazetteer
66392,MISSILE MART #10,"I-40, EXIT 161",El Dorado,AR,3.499,33.21898,-92.66407,gazetteer
66393,VILLAGE PANTRY #5210,"I-74, EXIT 206",Oakwood,IL,3.179,40.11013,-87.77693,gazetteer
66396,CIRCLE K #2723988,"I-55, EXIT 61 & SR-38",Kentwood,LA,3.299,30.93376,-90.51516,gazetteer
66399,CIRCLE K #2723672,"I-59/I-20, EXIT 128",Birmingham,AL,3.699,33.52717,-86.79704,gazetteer
66400,PWI #640,"I-10/US-95, EXIT 5",Ehrenberg,AZ,3.359,33.61421,-114.48301,gazetteer
66404,QUICK FUEL #5302,"I-635, EXIT 14",Garland,TX,3.087,32.90983,-96.63033,gazetteer
66405,FLYING J FUEL STOP #668,"I-75, EXIT 151",Saginaw,MI,3.289,43.41994,-83.95017,gazetteer
66406,LOVES TRAVEL STOP #317,"I-95, EXIT 4 & SR-629",Skippers,VA,3.789,36.61182,-77.54665,gazetteer
66407,CIRCLE K #2723668,SR-35,Fort Payne,AL,3.649,34.45733,-85.68945,gazetteer
66410,SIBLEY FOOD FUEL,US-72/SR-20 & CR-150,Courtland,AL,3.399,34.66995,-87.32789,gazetteer
66416,DUCK THRU FOOD STORE #18,US-13,Winton,NC,3.562,36.38945,-76.93473,gazetteer
66420,PILOT TRAVEL CENTER #911,I-90 EXIT 47,Superior,MT,3.559,47.19512,-114.90136,gazetteer
66422,PLAQUEMINE TRUCK STOP,ST 1,Plaquemine,LA,3.999,30.28316,-91.24381,gazetteer
66425,CLARK OIL #31,"I-10, EXIT 44",Biloxi,MS,2.849,30.42666,-88.93576,gazetteer
66428,SHELL,US-167,Hensley,AR,3.589,34.51041,-92.20952,gazetteer
66439,JACK FLASH,I-55,Farmersville,IL,3.199,39.44065,-89.65251,gazetteer
66440,BP CONNECT #4701,I-55,Chicago,IL,3.569,41.83705,-87.68494,gazetteer
66447,CIRCLE K #4701207,"U-55, EXIT 220",Dwight,IL,3.349,41.09871,-88.42208,gazetteer
66448,HAMMOND TRAVEL CENTER,"I-55, EXIT 31B & US-190/SR-3260",Hammond,LA,3.099,30.50565,-90.45649,gazetteer
66449,CITGO,"I-55, EXIT 67",Blytheville,AR,3.389,35.93407,-89.90513,gazetteer
66451,EZ MART #304,M-57,Middleton,MI,3.699,43.18337,-84.70889,gazetteer
66454,Fast Stop Shell,I-10,Reserve,LA,3.799,30.07296,-90.55502,gazetteer
66456,TEXACO #383124,SR-70,Saint James,LA,2.969,30.01864,-90.85088,gazetteer
66460,CASH MAGIC BROUSSARD NORTH,"I-49, EXIT 103",Broussard,LA,3.399,30.13744,-91.95583,gazetteer
66461,YESWAY #1167,US-62 & CR-41/CR-168,Ropesville,TX,3.041,33.41334,-102.15510,gazetteer
66470,CIRCLE K #9068,"I-65, EXIT 181",Millbrook,AL,3.216,32.50147,-86.37391,gazetteer
66474,FAMCO EXPRESS,"I-690, EXIT 8",Syracuse,NY,3.299,43.04100,-76.14355,gazetteer
66475,SPEEDWAY #4346,SR-7,Calexico,CA,4.799,32.68486,-115.49474,gazetteer
66478,LOVES TRAVEL STOP #175,"I-70, EXIT 187",Tecumseh,KS,3.289,39.03495,-95.57965,gazetteer
66480,LOVES TRAVEL STOP #360,"I-65, EXIT 58 & SR-218 & SR-335",Horse Cave,KY,3.429,37.16989,-85.91719,gazetteer
66487,COMPASS,"I-55, EXIT 282",La Grange,IL,3.549,41.80721,-87.87415,gazetteer
66488,HUCKS FOOD & FUEL #54,I-74,Farmer City,IL,3.269,40.24812,-88.64181,gazetteer
66495,SUPER SAVER EXPRESS,"I-10, EXIT 21",Sulphur,LA,2.999,30.22979,-93.35634,gazetteer
66496,EXXON FUEL EXPRESS,"I-10/SR-8, EXIT 31 & SR-87",Milton,FL,3.999,30.62964,-87.05141,gazetteer
66502,SHOP RITE #82,"I-10, EXIT 64",Jennings,LA,3.589,30.22398,-92.65829,gazetteer
66504,COUNTRY BOYS COUNTRY STORE,"I-10, EXIT 813",Hankamer,TX,2.866,29.85828,-94.62686,gazetteer
66507,ST IGNACE TRUCKSTOP,I-75,Saint Ignace,MI,3.799,45.88716,-84.73171,gazetteer
66508,SAMS SUNOCO,I-75,Toledo,OH,3.399,41.66407,-83.58186,gazetteer
66509,FOUR STAR FOOD MART,"I-75, EXIT 122",Lima,OH,3.144,40.74068,-84.11209,gazetteer
66512,MARATHON #1554,"I-75, EXIT 21",Newport,MI,3.299,42.00227,-83.30854,gazetteer
66513,SUNRISE STORE,"I-75, EXIT 212",West Branch,MI,3.199,44.27379,-84.23659,gazetteer
66514,BIGFOOT TRAVEL CENTER,"I-75, EXIT 29",Hahira,GA,3.099,30.99216,-83.37726,gazetteer
66516,ADEL TRUCK PLAZA,"I-75, EXIT 39",Adel,GA,2.999,31.12480,-83.42548,gazetteer
66517,ADMIRAL PETROLEUM #5796,"I-75, EXIT 392",Sault Sainte Marie,MI,3.799,46.47617,-84.37054,gazetteer
66518,Racetrac #2622,"I-75, EXIT 60",Valdosta,GA,3.032,30.85013,-83.27883,gazetteer
66523,LOVES TRAVEL STOP #325,"I-75, EXIT 59 & SOUTHWELL BLVD",Tifton,GA,3.609,31.46210,-83.52050,gazetteer
66525,BP,"I-76, EXIT 6",Luna Pier,MI,3.399,41.80326,-83.44248,gazetteer
66527,TA EXPRESS #648,"I-76, EXIT 90A",Brush,CO,4.099,40.25926,-103.63633,gazetteer
66529,7-ELEVEN #36076,"I-77, EXIT 73 & US-421",Hamptonville,NC,2.899,36.09847,-80.76035,gazetteer
66531,MIDWAY EXXON TRAVEL CENTER,"I-78, EXIT 16",Bethel,PA,3.359,40.47648,-76.28797,gazetteer
66532,PETRO PLAZA,"I-78, EXIT 17",Hampton,NJ,3.266,40.70457,-74.97152,gazetteer
66534,LOVES TRAVEL STOP #347,"I-70, EXIT 101 & SR-5",Boonville,MO,3.509,38.96144,-92.74620,gazetteer
66537,BECKS EXPRESS MART #26,"I-80, EXIT 19",Geneseo,IL,3.269,41.45125,-90.15484,gazetteer
66538,KUM & GO #0023,"I-80, EXIT 23",Neola,IA,3.157,41.45190,-95.61891,gazetteer
66539,SOUTH RIDGE FARM MARKET,"I-80, EXIT 6",Clyde,OH,3.399,41.30358,-82.97943,gazetteer
66547,OLD STONE JIFFY MART,"I-81, EXIT 321",Clear Brook,VA,3.599,39.25649,-78.09611,gazetteer
66548,YESWAY #1156,US-84 & SR-289,Lubbock,TX,2.951,33.56190,-101.88888,gazetteer
66550,CIRCLE K #2709663,"I-82, EXIT 730",Umatilla,OR,3.639,45.91761,-119.33198,gazetteer
66552,GEM STOP,I-84,Marsing,ID,3.586,43.54636,-116.81042,gazetteer
66556,PILOT TRAVEL CENTER #899- SLIP IN,I-85,South Hill,VA,3.959,36.72566,-78.12889,gazetteer
66560,Sunoco,"I-85, EXIT 11",Townville,SC,3.199,34.56371,-82.89848,gazetteer
66562,TA EXPRESS FAIR PLAY,"I-85, EXIT 4",Fair Play,SC,3.209,34.50809,-82.98684,gazetteer
66564,SPEEDWAY #6954,US-70,High Point,NC,3.049,35.99080,-79.99271,gazetteer
66565,KWIK FILL #395,"I-86, EXIT 12",Jamestown,NY,4.469,42.09760,-79.23614,gazetteer
66571,LEXINGTON GULF,"I-128, NORTH MASS PIKE",Lexington,MA,4.299,42.44522,-71.23001,gazetteer
66573,Brake Time Corner Market,"I-135, EXIT 14",Wichita,KS,3.299,37.69064,-97.34584,gazetteer
66579,GULF OIL LP #5010,"I-90, EXIT 2",Lee,MA,3.914,42.30684,-73.25074,gazetteer
66582,PWI #807,"I-15, EXIT 163 & SR-99",Fillmore,UT,3.374,38.96426,-112.33868,gazetteer
66584,MOAPA PAIUTE TRAVEL CENTER,"I-15, EXIT 75",Moapa,NV,3.332,36.67580,-114.62082,gazetteer
66586,CIRCLE K #4707609,US-20 & SR-12,Sangerfield,NY,4.099,42.91396,-75.37906,gazetteer
66588,CUBBYS #402,"I-90, EXIT 330",Mitchell,SD,3.149,43.72707,-98.04219,gazetteer
66594,FRIENDLY GUS STORE #23,I-16/SR-19,Dublin,GA,3.399,32.53547,-82.92881,gazetteer
66595,GULF OIL LP #5040,"I-90, EXIT 9",Charlton,MA,3.909,42.13565,-71.97007,gazetteer
66597,BP,"I-16, EXIT 90 & US-1",Twin City,GA,3.782,32.58223,-82.15938,gazetteer
66598,WOODSHED LL,I-166 & I-169,S Coffeyville,OK,3.099,36.99452,-95.62026,nominatim
66601,LOVES TRAVEL STOP #323,"I-69, EXIT 264 & SR-18",Marion,IN,3.576,40.54999,-85.66042,gazetteer
66603,COFFEE CUP FUEL STOP #7,"I-90, EXIT 406 & SR-11",Brandon,SD,2.977,43.59291,-96.58377,gazetteer
66604,GALLOPS,"I-90, I-80, EXIT 40",La Porte,IN,3.549,41.60607,-86.71368,gazetteer
66606,BART INDUSTRIES,"I-91, EXIT 6",Bellows Falls,VT,3.709,43.13455,-72.45909,gazetteer
66607,7-ELEVEN #37392,"I-93, EXIT 5",Londonderry,NH,3.799,42.85340,-71.36243,gazetteer
66608,CASEYS #2650,I-94/US-52 EXIT 135 & CR-173,Melrose,MN,3.179,45.67701,-94.81477,gazetteer
66612,STOP N GO #1709,"I-94, EXIT 105",Hixton,WI,3.237,44.38308,-91.01480,gazetteer
66613,LOVES TRAVEL STOP #362,"I-10, EXIT 7 & SR-3063",Vinton,LA,3.306,30.19543,-93.58225,gazetteer
66614,MARATHON,"I-94, EXIT 212A",Detroit,MI,3.699,42.38304,-83.10224,gazetteer
66615,KWIK TRIP #396,"I-94, EXIT 295",Waukesha,WI,3.399,43.00908,-88.24506,gazetteer
66618,CIRCLE K #2723378,I-95,Sumter,SC,3.159,33.94085,-80.39554,gazetteer
66620,Shell,"I-95, EXIT 130",Ashland,VA,3.264,37.76042,-77.47241,gazetteer
66622,DUNCAN TRUCK STOP,"I-95, EXIT 15",Jersey City,NJ,3.409,40.71142,-74.06476,gazetteer
66624,Sunoco,"I-95, EXIT 25",Croydon,PA,3.659,40.09035,-74.89668,gazetteer
66625,EXIT 43 QUICK STOP,"I-95, EXIT 43",Richmond,ME,3.766,44.09904,-69.80957,gazetteer
66628,Chevron,"I-95, EXIT 5 & US-17",Hardeeville,SC,3.007,32.29531,-81.04098,gazetteer
66631,SPEEDWAY #3589,I-96,Lake Odessa,MI,3.599,42.78292,-85.13754,gazetteer
66632,SHELL FOOD MART AND TRUCKSTOP,I-985,Gainesville,GA,3.399,34.29010,-83.82911,gazetteer
66635,C  BARN,US-67,Park Hills,MO,3.049,37.81698,-90.49989,gazetteer
66637,BERKLYS TRAVEL CENTER,US-281,Round Mountain,TX,3.316,30.39435,-98.36117,gazetteer
66640,Kent Kwik #928,US-82/SR-6 & SR-5/SR-25,Brent,AL,3.099,32.94489,-87.17209,gazetteer
66643,DEERFIELD TRAVEL CENTER,"I-55, EXIT 8",Steele,MO,2.976,36.09479,-89.86210,gazetteer
66645,ALLSUPS #2390,"I-20/US-84, EXIT 270",Merkel,TX,2.876,32.46973,-100.01110,gazetteer
66648,CHEVRON,"I-20, EXIT 113",Bessemer,AL,3.099,33.37086,-86.97152,gazetteer
66649,CHOCTAW TRAVEL PLAZA #637,US-59 & CR-E1452,Heavener,OK,3.299,34.89196,-94.60779,gazetteer
66659,MARATHON,SR-37,Mitchell,IN,3.599,38.73709,-86.47522,gazetteer
66664,CASEYS #3294,"I-380/SR-27, EXIT 43 & SR-150",Urbana,IA,3.449,42.22984,-91.88551,gazetteer
66667,CIRCLE K #4701408,"I-36, EXIT 99",Rochelle,IL,3.499,41.91915,-89.06366,gazetteer
66668,ACME TRUCK STOP,"I-4, EXIT 96",Orlando,FL,3.399,28.40865,-81.25481,gazetteer
66669,CIRCLE K #2726032,I-40,Jacksonville,FL,3.429,30.33686,-81.66160,gazetteer
66670,SPEEDWAY #7930,"I-40, 1126 N MAIN ST",Lillington,NC,3.759,35.41308,-78.81170,gazetteer
66671,CIRCLE K #2723686,US-72,Scottsboro,AL,3.266,34.64462,-86.04815,gazetteer
66673,MARATHON,SR-72,Huntsville,AL,2.979,34.69772,-86.67667,gazetteer
66676,HUTCH'S #118,"I-40, EXIT 108",Watonga,OK,3.099,35.84750,-98.40273,gazetteer
66678,NKS ROYAL TRUCKSTOP,"I-40, EXIT 16",Gallup,NM,3.119,35.51375,-108.74373,gazetteer
66680,BIG TOP TRAVEL CENTER,"I-20, EXIT 157",Delhi,LA,2.969,32.45284,-91.48998,gazetteer
66683,SUPERSTOP Shell,"I-40, EXIT 192",Stuttgart,AR,3.416,34.49523,-91.54864,gazetteer
66689,ROSCOE TRAVEL PLAZA,"I-20, EXIT 235",Roscoe,TX,2.759,32.44193,-100.53223,gazetteer
66693,Allsup Marketplace #2400,"I-40, EXIT 356",San Jon,NM,3.059,35.11130,-103.33630,gazetteer
66705,7-ELEVEN,"I-44, EXIT 1/US-287",Wichita Falls,TX,2.761,33.90665,-98.52585,gazetteer
66715,7-Eleven #34210,"I-25/US-87, EXIT 240 & SR-119",Longmont,CO,3.189,40.16820,-105.10052,gazetteer
66717,Fast Stop Travel Centers #1131,"I-25/US-87, EXIT 80",Wheatland,WY,3.499,42.05171,-104.95947,gazetteer
66718,Bartonville SHELL,"I-474, EXIT 6",Peoria,IL,4.299,40.75164,-89.61720,gazetteer
66720,MOUNTAIN ENERGY #126,"I-26, EXIT 13",Hendersonville,NC,2.846,35.32335,-82.45584,gazetteer
66721,USA SPEEDTRAC,"I-49US-167, EXIT 11",Grand Coteau,LA,3.399,30.42024,-92.04379,gazetteer
66725,SPEEDWAY #9662,I-264,Louisville,KY,3.029,38.16538,-85.64738,gazetteer
66728,CIRCLE K #2723706,"I-81/US-52, EXIT 72 & I-77, EXIT 41",Wytheville,VA,3.349,36.95338,-81.08844,gazetteer
66734,Marathon,"I-675, Exit 7",Ellenwood,GA,3.009,33.61011,-84.28798,gazetteer
66737,THE JUNCTION,US-59 & US-73,Atchison,KS,3.279,39.56255,-95.13661,gazetteer
66738,TREX MART #9,I-29,Dearborn,MO,2.999,39.52514,-94.77197,gazetteer
66739,ZIP TRIP #64,I-29,Brookings,SD,3.399,44.30336,-96.78734,gazetteer
66741,DEANS LANE VALERO,I-295,Monmouth Junction,NJ,3.146,40.37607,-74.55792,gazetteer
66742,DEEP WATER TRUCK STOP,"I-295, EXIT 2C",Penns Grove,NJ,3.279,39.72770,-75.46904,gazetteer
66746,CASEYS #4246,"I-30, EXIT 123",Bryant,AR,3.032,34.61506,-92.49134,gazetteer
66747,LOVES TRAVEL STOP #322,"I-90, EXIT 3",Roscoe,IL,3.789,42.42556,-89.00946,gazetteer
66749,BIG RIVER #18,"I-310 EXIT 2, & US-61",Saint Rose,LA,3.099,29.96347,-90.30789,gazetteer
66750,LOVES TRAVEL STOP #177,I-35,El Dorado,KS,3.256,37.82162,-96.86220,gazetteer
66751,FAST N FRIENDLY,"I-35, EXIT 132",Emporia,KS,3.657,38.40186,-96.19165,gazetteer
66756,CASEYS #2550,"I-35, EXIT 33 & US-34",Osceola,IA,3.339,41.03495,-93.78660,gazetteer
66760,LOVES TRAVEL STOP #326,I-26 EXIT 154A,Orangeburg,SC,3.389,33.49360,-80.86688,gazetteer
66761,SPEEDWAY #4589,US-501 & SR-90,Conway,SC,3.064,33.83453,-79.04917,gazetteer
66762,EXXON TIGER MART #44,"US-45,  EXIT 249",Ennis,TX,3.099,32.32507,-96.63380,gazetteer
66763,SPEEDWAY #7998,US-52 & US-74,Wadesboro,NC,3.646,34.96383,-80.07469,gazetteer
66765,STRIPES #40736,US-77/US-83,Olmito,TX,2.999,26.02759,-97.54006,gazetteer
66767,SPRINT MART #49,"I-22/US-78, EXIT 87 & SR-811",Tupelo,MS,2.992,34.27060,-88.73246,gazetteer
66769,PETRO STOPPING CENTER #344,"I-95, EXIT 3",Kingsland,GA,3.649,30.84610,-81.79091,gazetteer
66771,FLYING J TRAVEL PLAZA #727,"I-69C/US-281, EXIT 8 & FM-1925",Edinburg,TX,3.084,26.31828,-98.15345,gazetteer
66773,STRIPES 7FLEET #42475,US-62,Hobbs,NM,3.459,32.72909,-103.16059,gazetteer
66774,Clark #4667,"I-80/I-90, EXIT 39 & SR-109",Delta,OH,3.699,41.57928,-84.02086,gazetteer
66775,GO MART,US-33 & CR-116,Rockbridge,OH,3.499,39.58623,-82.52623,gazetteer
66776,S&G #77,US-224 & US-23,Alvada,OH,3.259,41.05033,-83.40187,gazetteer
66778,LOVES TRAVEL STOP #169,"I-44, EXIT 179 & US-377/SR-99",Stroud,OK,3.144,35.76888,-96.65007,gazetteer
66780,DIAMOND #20,"I-65, EXIT 93 & SR-84",Evergreen,AL,3.399,31.43322,-86.97608,gazetteer
66784,Texaco #384529,US-80/SR-8 & SR-14,Selma,AL,3.299,32.41698,-87.03570,gazetteer
66785,WINFIELD TRUCK STOP,SR-129,Winfield,AL,3.659,33.93472,-87.79131,gazetteer
66786,Circle K #2741791,"I-40, EXIT 175 & SR-31",Lonoke,AR,3.139,34.79050,-91.90736,gazetteer
66787,TEXACO,"I-59, EXIT 67B",Hattiesburg,MS,3.066,31.30730,-89.31743,gazetteer
66788,CIRCLE K #4703626,"I-75, EXIT 60 & SR-68",Sweetwater,TN,3.289,35.60262,-84.47338,gazetteer
66793,CIRCLE K #2723693,"I-526, EXIT 19 & SR-10-60",Charleston,SC,2.976,32.82802,-79.97290,gazetteer
66795,FUEL MART #645,"I-90, EXIT 353",Spencer,SD,3.499,43.72747,-97.59111,gazetteer
66796,ROYAL FARMS #109,US-13 & SR-404,Bridgeville,DE,3.259,38.72515,-75.60281,gazetteer
66799,ONE9 #1403,"I-75/SR-93, EXIT 451 & US-129",Jasper,FL,3.244,30.45594,-82.93421,gazetteer
66800,CIRCLE K #2743950,I-35,San Antonio,TX,2.804,29.46281,-98.52464,gazetteer
66801,SUNSTOP #330,"I-75, EXIT 460 & SR-6",Jennings,FL,3.299,30.59682,-83.10699,gazetteer
66802,MOBIL,US-27 & SR-66,Sebring,FL,3.459,27.47140,-81.45157,gazetteer
66803,Stripes,FM-2061 & FM-3072,Pharr,TX,3.166,26.16344,-98.19389,gazetteer
66804,PWI #586,"I-80, EXIT 104  & US-191",Rock Springs,WY,3.199,41.59470,-109.22092,gazetteer
66805,CIRCLE K #2723553,US-27,Ringgold,GA,3.076,34.91366,-85.12151,gazetteer
66807,QUICK FUEL #5303,"I-35E, EXIT 436A",Dallas,TX,3.046,32.79333,-96.76651,gazetteer
66809,CASEYS #3449,SR-78,Wapello,IA,3.349,41.17722,-91.18899,gazetteer
66812,FAMILY EXPRESS #47 (DISCOUNT AVAILABLE),"I-65, EXIT 201 & US-24/US-231",Remington,IN,3.552,40.76940,-87.12972,gazetteer
66813,MCCLURE OIL #59,I-69 EXIT 259,Gas City,IN,3.639,40.48865,-85.59434,gazetteer
66815,MAXS #132,US-641 N,Murray,KY,3.399,36.61420,-88.32207,gazetteer
66816,CIRCLE K #4707082,"I-95, EXIT 132 & SR-139",Fairfield,ME,3.899,44.59034,-69.60522,gazetteer
66817,JOLLY TRUCK STOP,US-82/US-287,Wichita Falls,TX,2.899,33.90665,-98.52585,gazetteer
66819,ROAD RANGER #265,"I-88, EXIT 54",Dixon,IL,3.479,41.84329,-89.47755,gazetteer
66821,DENTON GOOSE CREEK,SR-404/SR-619,Denton,MD,3.259,38.87942,-75.82445,gazetteer
66822,WILD BILL'S,I-78,Sherman,MS,2.919,34.36117,-88.83874,gazetteer
66824,STRIPES #42435,US-87/US-277,San Angelo,TX,2.799,31.44108,-100.45050,gazetteer
66833,STRIPES #5148,US-281,Pharr,TX,3.399,26.16344,-98.19389,gazetteer
66834,ROAD RANGER #186,"I-39/US-51, EXIT 27 & SR-2/CR-2200",Minonk,IL,3.339,40.91037,-89.03815,gazetteer
66838,RUTTERS #96,US-322 & SR-655,Milroy,PA,4.051,40.71936,-77.58999,gazetteer
66844,CIRCLE K #2706984,US-77 & CR-1356,Kingsville,TX,2.822,27.50920,-97.86103,gazetteer
66845,CIRCLE K #2723643,SR-431,Dothan,AL,3.582,31.23370,-85.40682,gazetteer
66846,CIRCLE K #2723664,US-280,Childersburg,AL,3.899,33.29256,-86.34086,gazetteer
66847,CIRCLE K #2723667,"I-20, EXIT 185 & SR-21",Oxford,AL,2.999,33.59641,-85.86822,gazetteer
66848,CIRCLE K #2723695,"I-55, EXIT 265",Senatobia,MS,3.199,34.60865,-89.98099,gazetteer
66850,Stripes,ST 77,Riviera,TX,3.126,27.29953,-97.79809,gazetteer
66853,LOVES TRAVEL STOP #327,US-77 & FM-1898,Kingsville,TX,3.156,27.50920,-97.86103,gazetteer
66854,TA WAPAKONETA TRAVEL CENTER,"I-75, EXIT 111",Wapakoneta,OH,3.282,40.56523,-84.19070,gazetteer
66856,Speedway #4800,"I-94, EXIT 183",Clearwater,MN,3.199,45.40988,-94.04456,gazetteer
66858,LOVES TRAVEL STOP #328,"I-10, EXIT 162",Chandler,AZ,3.469,33.28276,-111.85182,gazetteer
66863,101 TRAVEL PLAZA,"I-40, EXIT 101 & SR-104",Cedar Grove,TN,2.999,35.64424,-86.62611,gazetteer
66865,FLYING J FUEL STOP #741,US-287/US-281/US-82 & SR-473,Wichita Falls,TX,3.126,33.90665,-98.52585,gazetteer
66867,KWIK STAR #212,"US-61, EXIT 156",Maquoketa,IA,3.624,42.06053,-90.66386,gazetteer
66868,STRIPES #40604,US-83,Mission,TX,2.882,26.20406,-98.32522,gazetteer
66869,SPEEDWAY #4630,US-220 BUS & CR-782,Ridgeway,VA,3.409,36.57817,-79.85829,gazetteer
66870,PETRO STOPPING CENTER NAPOLEON,"US-24/US-6/CR-3, EXIT 41",Napoleon,OH,3.706,41.39797,-84.12498,gazetteer
66874,FLYING J TRAVEL PLAZA #733,"I-27, EXIT 4 & US-82",Lubbock,TX,3.332,33.56190,-101.88888,gazetteer
66876,PILOT TRAVEL CENTERS #156,SR-1633 & SR-813 & SR-9004,Mortons Gap,KY,3.629,37.24220,-87.46754,gazetteer
66877,PILOT TRAVEL CENTER #916- TOWN PUMP,US-93 & US-12,Lolo,MT,3.609,46.77186,-114.10845,gazetteer
66879,TA EXPRESS,"I-40, EXIT 101",Atkins,AR,3.341,35.24086,-92.94964,gazetteer
66880,LOVES TRAVEL STOP #324,I-80 EXIT 242 & SR 339,Mifflinville,PA,3.966,41.03071,-76.30278,gazetteer
66881,PLAZAGO TRUCKSTOP,US-50/SR-61 & SR-96/SR-14,South Hutchinson,KS,3.269,38.02308,-97.94485,gazetteer
66888,LOVES TRAVEL STOP #334,"I-84, EXIT 211 & US-30/SR-24",Heyburn,ID,3.892,42.55998,-113.76207,gazetteer
66890,CASEYS #4223,US-25E,Middlesboro,KY,3.489,36.60842,-83.71658,gazetteer
66892,LOVES TRAVEL STOP #336,"I-94, EXIT 112",Marshall,MI,3.489,42.26268,-84.96745,gazetteer
66893,ONE9 #1291,US-287 & CR-174,Bowie,TX,2.912,33.55696,-97.84610,gazetteer
66895,TA Express Tonkawa,"I-35, EXIT 40 & US-60",Tonkawa,OK,3.294,36.67059,-97.31503,gazetteer
66899,LOVES TRAVEL STOP #333,"I-77, EXIT 83",Fort Mill,SC,3.381,35.00600,-80.94000,gazetteer
66900,DODGE CITY PETRO #397,"I-65, EXIT 299 & SR-69",Hanceville,AL,3.919,34.06401,-86.76444,gazetteer
66902,CIRCLE K #4707239,SR-103,Warner,NH,3.932,43.28426,-71.82406,gazetteer
66905,CIRCLE K #4707212,SR-27,Raymond,NH,3.759,43.03558,-71.17545,gazetteer
66908,CIRCLE K #2723708,"I-81, EXIT 77",Wytheville,VA,3.366,36.95338,-81.08844,gazetteer
66911,LOVES TRAVEL STOP #343,"I-20 & I-59, EXIT 165",Toomsuba,MS,3.009,32.43028,-88.50709,gazetteer
66912,LOVES TRAVEL STOP #335,"I-15, EXIT 62 & SR-130",Cedar City,UT,3.649,37.68382,-113.09554,gazetteer
66915,CIRCLE K #2723716,"I-81, EXIT 84",Max Meadows,VA,3.462,36.97894,-80.96180,gazetteer
66918,MINIT MART #647,"I-39, EXIT 35 & SR-17",Wenona,IL,3.499,41.04865,-89.05226,gazetteer
66920,7-ELEVEN #35562,"I-85, EXIT 32",Charlotte,NC,3.379,35.20905,-80.83099,gazetteer
66921,LOVES TRAVEL STOP #338,"I-95/SR-405, EXIT 90 & SR-144",Richmond Hill,GA,3.364,31.90019,-81.31008,gazetteer
66922,LOVES TRAVEL STOPS #339,"I-20, EXIT 115 & FM-1882",Odessa,TX,3.549,31.88046,-102.34531,gazetteer
66923,LOVES TRAVEL STOP #765,"I-85, EXIT 147",Commerce,GA,3.211,34.21430,-83.47571,gazetteer
66925,FLYING J TRAVEL PLAZA #714,"I-77, EXIT 73",Rock Hill,SC,3.399,34.93822,-81.01918,gazetteer
66927,PILOT TRAVEL CENTER #41,I-64 EXIT 113 SE QUAD,Mount Sterling,KY,3.759,38.06547,-83.94882,gazetteer
66928,FLYING J TRAVEL PLAZA #730,"I-35/US-83, EXIT 13",Laredo,TX,3.599,27.56038,-99.48918,gazetteer
66929,FLYING J TRAVEL PLAZA #642,"I-255,  EXIT 17",East Saint Louis,IL,3.389,38.61636,-90.13053,gazetteer
66931,CASEYS #3896,"I-380, EXIT 35",Center Point,IA,3.449,42.18381,-91.78048,gazetteer
66932,CIRCLE K #4701444,US-34 & SR-164,Monmouth,IL,3.399,40.91423,-90.64307,gazetteer
66935,FRANCIS CREEK TRAVEL PLAZA,SR-41,Francis Creek,WI,3.384,44.20053,-87.72091,gazetteer
66939,KWIK TRIP #416,SR-172 & CR-GV,De Pere,WI,3.391,44.43099,-88.07994,gazetteer
66941,PILOT TRAVEL CENTERS #367,"I-30, EXIT 87 & 88",Caddo Mills,TX,3.169,33.07454,-96.22692,gazetteer
66942,MAVERIK COUNTRY STORE #612,"I-15, EXIT 362",Brigham City,UT,3.449,41.50590,-112.05142,gazetteer
66944,LOVES TRAVEL STOPS #316,"I-95, EXIT 273 & US-1",Ormond Beach,FL,3.477,29.29328,-81.10145,gazetteer
66945,PILOT TRAVEL CENTERS #159,"I-64, EXIT 211",Providence Forge,VA,3.899,37.44181,-77.04358,gazetteer
66948,CIRCLE K #4707618,"I-481, EXIT 8 & CR-82",East Syracuse,NY,3.799,43.06382,-76.06979,gazetteer
66951,BERKLYS TRAVEL CENTER #3,US-377/US-87,Brady,TX,3.616,31.11538,-99.34593,gazetteer
66953,LOVES TRAVEL STOP #355,"I-65, EXIT 16",Memphis,IN,3.949,38.49482,-85.76704,gazetteer
66954,LOVES TRAVEL STOP #344,I-240 EXIT 21 & US-78/SR-4,Memphis,TN,3.249,35.10916,-89.96851,gazetteer
66956,LOVES TRAVEL STOP #348,"I-69/I-24, EXIT 27 & US-62",Calvert City,KY,3.689,37.04642,-88.39554,gazetteer
66957,LOVES TRAVEL STOP #346,I-65 EXIT 46 & SR-99,Columbia,TN,3.789,35.62562,-87.04423,gazetteer
66959,PILOT TRAVEL CENTERS #388,"I-20 & I-59, EXIT 151",Meridian,MS,2.979,32.38417,-88.68945,gazetteer
66961,CIRCLE K #2707020,"I-4, EXIT 32 & US-98/SR-700/SR-35",Lakeland,FL,3.414,28.05550,-81.95477,gazetteer
66962,PILOT TRAVEL CENTERS #242,"I-74, EXIT 109",Shelbyville,IN,3.999,39.54528,-85.77950,gazetteer
66963,SPARTA TRAVEL CENTER,"I-90, EXIT 28",Sparta,WI,3.179,43.93825,-90.81270,gazetteer
66964,PILOT TRAVEL CENTERS #239,US-30/US-23,Upper Sandusky,OH,3.899,40.83067,-83.27071,gazetteer
66965,EATONTON TRAVEL CENTER,US-441/US/129/SR-24,Eatonton,GA,3.249,33.32582,-83.38886,gazetteer
66966,LOVES TRAVEL STOP #352,I-71 EXIT 65,Jeffersonville,OH,3.422,39.65344,-83.55156,gazetteer
66968,FLYING J TRAVEL PLAZA #675,US-136 & SR-27,Wayland,MO,3.306,40.39630,-91.57544,gazetteer
66972,PETRO STOPPING CENTER #339,"I-90, EXIT 272",Spokane,WA,3.959,47.66694,-117.43332,gazetteer
66987,LOVES TRAVEL STOP #354,"US-78 & I-20, EXIT 172",Thomson,GA,3.849,33.46927,-82.49512,gazetteer
66993,PILOT TRAVEL CENTERS #198,US-30 & US-31,Plymouth,IN,3.859,41.34877,-86.31934,gazetteer
66994,PILOT TRAVEL CENTERS #303,US-24/US-6 & SR-108,Napoleon,OH,3.711,41.39797,-84.12498,gazetteer
66995,PILOT TRAVEL CENTERS #322,"I-86, EXIT 37",Bath,NY,4.499,42.33609,-77.31686,gazetteer
67008,TA ST LOUIS EAST TRAVEL CENTER,"I-55, EXIT 18",Troy,IL,3.379,38.72622,-89.89347,gazetteer
67009,PILOT TRAVEL CENTERS #407,"I-35, EXIT 194",Clear Lake,IA,3.659,43.13509,-93.37365,gazetteer
67030,LOVES TRAVEL STOP #337,"I-90 & I-35, EXIT 11",Albert Lea,MN,4.089,43.65429,-93.36415,gazetteer
67037,LOVES TRAVEL STOP #332,I-71 EXIT 204,Burbank,OH,3.689,40.98623,-81.99484,gazetteer
67038,PILOT TRAVEL CENTERS #260,US-82/SR-520 & SR-300,Albany,GA,3.799,31.57812,-84.17622,gazetteer
67039,ROAD RANGER #145,"I-44, EXIT 275",Fenton,MO,3.359,38.52855,-90.45067,gazetteer
67040,FLYING J TRAVEL PLAZA #603,US-431/SR-210 & US-231/SR-1,Dothan,AL,3.999,31.23370,-85.40682,gazetteer
67041,CIRCLE K #4707040,"I-95, EXIT 133 & US-201",Skowhegan,ME,3.726,44.77815,-69.71220,gazetteer
67047,Circle K #2746490,"I-90, EXIT 332",Mitchell,SD,3.064,43.72707,-98.04219,gazetteer
67051,PILOT TRAVEL CENTERS #208,"I-44, EXIT 257",Pacific,MO,3.324,38.47972,-90.74945,gazetteer
67054,LOVES TRAVEL STOPS #436,"I-80, EXIT 118",Salt Lake City,UT,3.649,40.77693,-111.93099,gazetteer
67055,FLYING J TRAVEL PLAZA #641,I-15,Mccammon,ID,3.749,42.64824,-112.18939,gazetteer
67056,Arco,US-2 & US-59,Erskine,MN,3.399,47.66316,-96.01668,gazetteer
67057,PILOT TRAVEL CENTERS #146,"I-90, EXIT 12",Castleton On Hudson,NY,3.999,42.53657,-73.74792,gazetteer
67058,PILOT TRAVEL CENTERS #368,"I-72, EXIT 144",Decatur,IL,3.459,39.85598,-88.93375,gazetteer
67060,PILOT TRAVEL CENTERS #151,"I-5, EXIT 99NE",Olympia,WA,4.599,47.04060,-122.89500,gazetteer
67063,PILOT TRAVEL CENTERS #330,"I-35, EXIT 184 SW",New Braunfels,TX,3.399,29.69931,-98.11513,gazetteer
67064,LOVES TRAVEL STOP #385,"I-40, EXIT 101 & US-281",Hinton,OK,3.386,35.49323,-98.35472,gazetteer
67065,TA GREENWOOD TRAVEL CENTER,"I-20, EXIT 5 & US-79",Greenwood,LA,3.166,32.43147,-93.95989,gazetteer
67067,LOVES TRAVEL STOP #377,"I-76/US-6, EXIT 31 & SR-52",Hudson,CO,3.459,40.09175,-104.59374,gazetteer
67069,FLYING J FUEL STOP #621,"I-70, EXIT 359 & US-24",Limon,CO,3.874,39.26507,-103.68591,gazetteer
67070,CASEYS #4225,"SR-155N, EXIT 26-A",Nashville,TN,3.062,36.16589,-86.78444,gazetteer
67071,FAS MART #5154,"I-270, EXIT 3 & SR-3",Hartford,IL,3.279,38.81309,-90.09207,gazetteer
67073,PILOT TRAVEL CENTERS #81,"I-79, EXIT 99",Portersville,PA,4.259,40.92433,-80.14688,gazetteer
67076,CASH MAGIC LUCKY MAGNOLIA,SR-63/SR-16,Denham Springs,LA,3.399,30.47433,-90.95903,gazetteer
67081,LOVES TRAVEL STOP #376,"I-85/SR-403, EXIT 28 & SR-54/SR-100",Hogansville,GA,3.689,33.16699,-84.90279,gazetteer
67082,PILOT TRAVEL CENTERS #179,"I-81, EXIT 5-B",Hagerstown,MD,3.959,39.64018,-77.72269,gazetteer
67085,PILOT TRAVEL CENTERS #210,"I-287, EXIT 66 & SR-17",Mahwah,NJ,3.899,41.08871,-74.14376,gazetteer
67086,SPEEDWAY #7945,SR-24,Swansboro,NC,3.699,34.69358,-77.13427,gazetteer
67087,SPEEDWAY #8189,"I-40, EXIT 408 & SR-210 & US-117",Rocky Point,NC,3.606,34.44405,-77.89091,gazetteer
67088,PILOT #4580,"I-26, EXIT 82",Prosperity,SC,3.426,34.21337,-81.52839,gazetteer
67090,LOVES TRAVEL STOP #373,US-69 & PLATTER RD,Calera,OK,3.229,33.93083,-96.42906,gazetteer
67091,SPEEDWAY #7903,SR-211,Raeford,NC,3.699,34.98130,-79.22957,gazetteer
67092,SPEEDWAY #8288,US-64 & SR-149,Plymouth,NC,3.207,35.85854,-76.74820,gazetteer
67094,SPEEDWAY #7943,US-64/SR-49 & US-220,Asheboro,NC,3.542,35.71377,-79.81325,gazetteer
67095,SPEEDWAY #8297,US-17 & US-17 BYP,Chocowinity,NC,3.132,35.51464,-77.10147,gazetteer
67096,SPEEDWAY #6997,I-95/US-301,Fayetteville,NC,3.396,35.08277,-78.97352,gazetteer
67097,SPEEDWAY #8298,SR-11/SR-55,Kinston,NC,3.353,35.27510,-77.59337,gazetteer
67101,SPEEDWAY #7974,US-601 & SR-24/SR-27,Midland,NC,3.429,35.24917,-80.53007,gazetteer
67103,SPEEDWAY #8225,US-13/US-17 & US-64,Williamston,NC,3.849,35.84654,-77.06608,gazetteer
67106,PILOT TRAVEL CENTER #4656,"I-295, EXIT 3-A & US-460",Disputanta,VA,3.572,37.12355,-77.22486,gazetteer
67107,SPEEDWAY/7fleet #4595,US-501 & SR-544,Conway,SC,3.089,33.83453,-79.04917,gazetteer
67108,SPEEDWAY/7fleet #4594,SR-90,Longs,SC,3.309,33.93851,-78.73307,gazetteer
67109,SPEEDWAY #4676,US-13/SR-32,Suffolk,VA,3.799,36.69716,-76.63478,gazetteer
67113,COLUMBUS WEST TRAVEL CENTER,"US-151, EXIT 118",Columbus,WI,3.119,43.33680,-89.02999,gazetteer
67114,SPEEDWAY #1415,"I-57, EXIT 306 & US-45/US-52",Kankakee,IL,3.339,41.10165,-87.86369,gazetteer
67115,CIRCLE K #3912,"I-24/SR-27, EXIT 155 & SR-28",Jasper,TN,2.889,35.06826,-85.62116,gazetteer
67117,MCCLURE OIL #65,US-31 & SR-38,Cicero,IN,3.889,40.12193,-86.03404,gazetteer
67118,ABELS QUIK SHOP #20,US-36 & CR-437,Hannibal,MO,3.066,39.71021,-91.39404,gazetteer
67119,EASTWAY TRUCKSTOP,SR-80,Somerset,KY,3.599,37.08647,-84.60535,gazetteer
67120,LOVES TRAVEL STOP #379,"I-10 & CR 255, EXIT 262 SW",Lee,FL,3.789,30.41310,-83.30414,gazetteer
67121,BETTY BEAVERS TRUCKSTOP,"I-88, EXIT 12 & CR-48",Otego,NY,3.819,42.39280,-75.18007,gazetteer
67122,WORKMANS TRAVEL CENTER,"I-540, EXIT 24 & SR-282",Alma,AR,3.372,35.49238,-94.21395,gazetteer
67126,PILOT TRAVEL CENTERS #366,"I-40, EXIT 85 CHRISTMASVILLE RD",Jackson,TN,3.509,35.65417,-88.83534,gazetteer
67127,LOVES TRAVEL STOP #381,"I-65, EXIT 322 & CR-55",Falkville,AL,3.849,34.37702,-86.90955,gazetteer
67129,PILOT TRAVEL CENTER #920,"I-70, EXIT 54",Colby,KS,3.634,39.38456,-101.04498,gazetteer
67133,LOVES TRAVEL STOP #365,I-80 EXIT 352,Wells,NV,3.716,41.11315,-114.95354,gazetteer
67137,PILOT TRAVEL CENTERS #485,"I-80, EXIT 173",Winnemucca,NV,3.771,40.96443,-117.72458,gazetteer
67138,Kum N Go #0561,US-65 & SR-744,Springfield,MO,2.899,37.19416,-93.29264,gazetteer
67139,LOVES TRAVEL STOP #383,I-71 EXIT 55 & SR-1039,Sparta,KY,3.749,38.69544,-84.90614,gazetteer
67140,Maverik Country Store #5069,I-35 EXIT 133,Ellsworth,IA,3.096,42.31024,-93.58188,gazetteer
67141,KUM & GO #0022,"I-80, EXIT 182 & SR-146",Grinnell,IA,3.197,41.73524,-92.72490,gazetteer
67143,ALL AMERICAN STORES #7,US-30,Fort Wayne,IN,3.559,41.08819,-85.14279,gazetteer
67149,HOOPS TRAVEL CENTER,I-39 & SR-21,Coloma,WI,3.182,44.03865,-89.53115,gazetteer
67150,Maverik Country Store #5119,"US-30, EXIT 150",Ames,IA,3.082,42.02633,-93.62126,gazetteer
67151,CASEYS #2523,"SR-163, EXIT 29 & SR-14",Monroe,IA,3.199,41.51895,-93.10374,gazetteer
67155,PILOT TRAVEL CENTER #1219,"I-70, EXIT 61",Vandalia,IL,3.699,38.97456,-89.11070,gazetteer
67158,GOLDEN GATE AUTO TRUCK PLAZA,"I-80 , EXIT 32",Sparks,NV,3.539,39.57434,-119.71515,gazetteer
67162,PILOT TRAVEL CENTERS #495,"I-80 , EXIT 201",Brooklyn,IA,3.699,41.73205,-92.44498,gazetteer
67163,LOVES TRAVEL STOP #358,"I-78, EXIT 23",Hamburg,PA,3.857,40.55622,-75.98236,gazetteer
67164,FLYING J TRAVEL PLAZA #510,"I-15 , EXIT 188",Scipio,UT,3.689,39.24908,-112.10441,gazetteer
67165,SOMERSET TRAVEL CENTER,"I-76 , EXIT 110",Somerset,PA,4.219,40.00503,-79.07785,gazetteer
67166,Circle K #4705726,US-33,Carroll,OH,3.246,39.80259,-82.70618,gazetteer
67167,LOVES TRAVEL STOP #372,"I-84, EXIT 374",Ontario,OR,3.689,44.02534,-116.97737,gazetteer
67168,LOVES TRAVEL STOP #455,"I-70, EXIT 145",Ellis,KS,3.623,38.93465,-99.55679,gazetteer
67169,JD ORANGEBURG,US-301/US-601/SR-4,Orangeburg,SC,3.342,33.49360,-80.86688,gazetteer
67170,FAST TRACK #410,"I-10, EXIT 258",Madison,FL,3.749,30.47149,-83.41345,gazetteer
67174,KWIK STAR #419,"US-218, EXIT 218",Charles City,IA,3.539,43.06476,-92.67446,gazetteer
67175,KWIK STAR #428,SR-9,Cresco,IA,3.524,43.37175,-92.11629,gazetteer
67178,KWIK STAR #701,US-63,Denver,IA,3.499,42.66822,-92.33394,gazetteer
67182,KWIK STAR #817,US-52 & SR-24,Calmar,IA,3.579,43.18110,-91.86796,gazetteer
67185,KWIK TRIP #385,SR-19/SR-3,Northfield,MN,3.499,44.45564,-93.17031,gazetteer
67186,KWIK TRIP #424,SR-15 & CR-26,Fairmont,MN,3.399,43.64479,-94.46402,gazetteer
67192,KWIK TRIP #464,US-63,Rochester,MN,3.541,44.01430,-92.47859,gazetteer
67193,KWIK TRIP #609,SR-16 & SR-43,Rushford,MN,3.499,43.81344,-91.75383,gazetteer
67195,KWIK TRIP #646,US-169 & CR-53,Blue Earth,MN,3.324,43.64099,-94.10034,gazetteer
67196,KWIK TRIP #753,US-14 & SR-42,Eyota,MN,3.616,43.98831,-92.23212,gazetteer
67200,KWIK TRIP #319,SR-13,Spencer,WI,3.476,44.75362,-90.29846,gazetteer
67202,KWIK TRIP #328,US-53 & SR-95,Blair,WI,3.237,44.32713,-91.29940,gazetteer
67204,KWIK TRIP #337,SR-65,New Richmond,WI,3.499,45.12498,-92.54794,gazetteer
67206,KWIK TRIP #352,US-53,Chippewa Falls,WI,3.407,44.93465,-91.38917,gazetteer
67207,KWIK TRIP #354,SR-26,Watertown,WI,3.372,43.18941,-88.72891,gazetteer
67208,KWIK TRIP #363,US-14 & CR-O,Richland Center,WI,3.389,43.34048,-90.38342,gazetteer
67209,KWIK TRIP #386,SR-64,Merrill,WI,3.499,45.18064,-89.70034,gazetteer
67211,KWIK TRIP #392,SR-49/SR-23,Ripon,WI,3.391,43.84356,-88.83794,gazetteer
67219,KWIK TRIP #455,US-8 & SR-27,Ladysmith,WI,3.272,45.46097,-91.09757,gazetteer
67220,KWIK TRIP #456,"US-18/151, EXIT 79 & CR-PB",Verona,WI,3.579,42.99126,-89.53925,gazetteer
67221,KWIK TRIP #457,"I-41/US-41, EXIT 116 & SR-44/SR-91",Oshkosh,WI,3.291,44.02317,-88.56226,gazetteer
67223,KWIK TRIP #476,"US-53, EXIT 140",Rice Lake,WI,3.432,45.48199,-91.74576,gazetteer
67226,KWIK TRIP #494,US-53 & SR-35,Onalaska,WI,3.336,43.88966,-91.20436,gazetteer
67229,KWIK TRIP #740,SR-15,Hortonville,WI,3.509,44.33577,-88.63660,gazetteer
67230,KWIK TRIP #750,US-14/US-61/SR-35,La Crosse,WI,3.299,43.82469,-91.22462,gazetteer
67233,KWIK TRIP #807,US-10,Brillion,WI,3.366,44.17351,-88.06782,gazetteer
67234,KWIK TRIP #847,SR-33 & SR-82/SR-80,Wonewoc,WI,3.499,43.65348,-90.22424,gazetteer
67235,FLYING J TRAVEL PLAZA #507,I-35,Jarrell,TX,3.221,30.81026,-97.61512,gazetteer
67237,OUTPOST TRAVEL CENTER,US-79 & CR-111,Minden,LA,3.132,32.61915,-93.27275,gazetteer
67241,RELAY STATION 3,SR-175,Frierson,LA,3.259,32.24695,-93.68686,gazetteer
67242,SPEEDWAY #6940,"I-77, EXIT 85 & SR-268",Elkin,NC,2.859,36.26337,-80.84711,gazetteer
67245,SPEEDWAY #4582,US-378,Conway,SC,3.089,33.83453,-79.04917,gazetteer
67246,SPEEDWAY #7941,US-17 & SR-24,Jacksonville,NC,3.326,34.72973,-77.39366,gazetteer
67247,CIRCLE K #4707512,"I-93, EXIT 47",Methuen,MA,3.799,42.74264,-71.17865,gazetteer
67255,LOVES TRAVEL STOP #393,"I-55, EXIT 13",Mccomb,MS,3.239,31.24447,-90.47159,gazetteer
67264,CIRCLE K #4707016,US-1,Princeton,ME,3.882,45.22341,-67.57222,gazetteer
67265,CIRCLE K #4707048,US-2,Lincoln,ME,3.732,45.36268,-68.50173,gazetteer
67269,ONVO TRAVEL PLAZA - GOULDSBORO,"I-380, EXIT 13 & SR-507",Gouldsboro,PA,3.586,41.24567,-75.44170,gazetteer
67271,KWIK TRIP #330,US-169 & SR-25,Belle Plaine,MN,3.379,44.61978,-93.76459,gazetteer
67272,PILOT TRAVEL CENTER #922- TOWN PUMP,US-2 & SR-40,Columbia Falls,MT,3.649,48.37148,-114.19183,gazetteer
67273,LOVES TRAVEL STOP #396,I-26 EXIT 76,Newberry,SC,3.416,34.27988,-81.60033,gazetteer
67275,KWIK TRIP #481,US-61,Red Wing,MN,3.324,44.58127,-92.60501,gazetteer
67279,LOVES TRAVEL STOP #391,"I-74, EXIT 123",Saint Paul,IN,3.989,39.42815,-85.62871,gazetteer
67281,PARKERS SURRENCY #208,US-341/SR-27 & SR-121,Surrency,GA,3.586,31.72192,-82.19782,gazetteer
67282,RUTTERS #65,"I-81, EXIT 14 & US-11",Chambersburg,PA,4.399,39.93143,-77.65564,gazetteer
67283,PILOT #4597,"I-40, EXIT 258/SR-53",Gordonsville,TN,3.246,36.18613,-85.93149,gazetteer
67285,CASEY'S #4504,"I-35, EXIT 159 & CR-C47",Dows,IA,3.299,42.65836,-93.50204,gazetteer
67293,KWIK TRIP #367,SR-33/CR-A,Fox Lake,WI,3.246,43.56157,-88.91475,gazetteer
67294,MAPLEFIELDS,"I-87, EXIT 42/SR-11",Champlain,NY,3.799,44.98828,-73.43243,gazetteer
67296,LOVES TRAVEL STOP #340,"I-15, EXIT 64 & US-93",Las Vegas,NV,3.689,36.23350,-115.26404,gazetteer
67297,BAR-B,I-20 EXIT 370 & FM-919,Gordon,TX,2.932,32.54555,-98.36718,gazetteer
67298,SPEEDWAY #5360,US-42,London,OH,3.099,39.89285,-83.43887,gazetteer
67302,KUM & GO #0187,"I-90, EXIT 87",Sherburn,MN,3.187,43.65490,-94.72749,gazetteer
67303,KUM & GO #0615,"I-29, EXIT 15",Elk Point,SD,3.072,42.68122,-96.68048,gazetteer
67304,JACKRABBIT JUNCTION,"SR-60, EXIT 51 & CR-A22",Sibley,IA,3.266,43.40148,-95.74303,gazetteer
67305,RELAY STATION,"I-20, EXIT 3",Bethany,LA,3.122,32.37321,-94.04269,gazetteer
67306,150 QUICK STOP,US-150/SR-605,Bardstown,KY,3.172,37.81766,-85.45534,gazetteer
67307,CMS FUELING CENTER,I-69 EXIT 153 AT MILE 153,Lapeer,MI,3.899,43.04513,-83.32675,gazetteer
67308,FUEL STAR,SR-48,New Orleans,LA,3.279,30.05342,-89.93450,gazetteer
67311,HOLIDAY STATIONSTORE #2746409,US-53 & CR-13,Duluth,MN,3.499,46.77446,-92.13414,gazetteer
67312,RHODES 101 STOP #790,"I-55, EXIT 91",Scott City,MO,3.424,37.22453,-89.53765,gazetteer
67313,Majors 660 Diboll Truck Plaza,US-59,Diboll,TX,2.832,31.18831,-94.78288,gazetteer
67316,LOVES TRAVEL STOP #302,US-287 & US-412,Boise City,OK,3.402,36.73134,-102.50952,gazetteer
67321,LOVES TRAVEL STOP #388,"I-55, EXIT 246 & SR-35",Batesville,MS,3.461,34.32098,-89.92488,gazetteer
67322,LOVES TRAVEL STOP #398,"US-78, EXIT 81 & SR-178",Tupelo,MS,3.882,34.27060,-88.73246,gazetteer
67323,PUMP & PANTRY #13,US-281/SR-92,Saint Paul,NE,3.307,41.21367,-98.45945,gazetteer
67325,LOVES TRAVEL STOP #225,"I-65, EXIT 93 & US-84",Evergreen,AL,3.339,31.43322,-86.97608,gazetteer
67331,LOVES TRAVEL STOP #227,"I-20 /I-59, EXIT 100 & SR-216",Mc Calla,AL,3.159,33.30311,-87.02666,gazetteer
67334,KWIK TRIP #338,US-51,Plover,WI,3.299,44.46202,-89.53797,gazetteer
67335,TOP STOP MARKET,"I-24, EXIT 111",Manchester,TN,3.016,35.46413,-86.07290,gazetteer
67336,LOVES TRAVEL STOPS #342,"I-37, EXIT 72 & US-281",Three Rivers,TX,3.089,28.46685,-98.17795,gazetteer
67337,KWIK TRIP #422,"I-94, EXIT 322",Oak Creek,WI,3.744,42.87869,-87.89868,gazetteer
67338,HUTCH'S #114,US-81,Enid,OK,2.999,36.40670,-97.86986,gazetteer
67340,MCCLURE,I-74 EXIT  34,Crawfordsville,IN,3.616,40.04129,-86.89758,gazetteer
67341,CASEYS #3898,"US-151, EXIT 49 & CR-E34",Anamosa,IA,3.359,42.10883,-91.27520,gazetteer
67342,One9 #1414,"I-81, EXIT 128",Elliston,VA,3.242,37.22301,-80.21572,gazetteer
67343,EAGLE EXPRESS,US-41,Peshtigo,WI,3.399,45.05692,-87.74408,gazetteer
67344,DODGE CITY SHELL,"I-65, EXIT 299",Hanceville,AL,3.952,34.06401,-86.76444,gazetteer
67345,STEELE SERVICE STATION,"I-59, EXIT 174",Steele,AL,3.889,33.94138,-86.19211,gazetteer
67348,LOVES TRAVEL STOP #389,I-90 EXIT 241,Conneaut,OH,3.849,41.92730,-80.56838,gazetteer
67350,DE PERE SUPER STORE,US-41,De Pere,WI,3.256,44.43099,-88.07994,gazetteer
67356,PRIDE CONVENIENCE STORE,"I-91, EXIT 8 & US-20",Springfield,MA,3.559,42.11545,-72.53998,gazetteer
67357,LOVES TRAVEL STOP #353,"I-29, EXIT 62",Fargo,ND,3.526,46.86470,-96.82908,gazetteer
67358,KWIK TRIP #453,SR-35/SR-65,River Falls,WI,3.447,44.86085,-92.62571,gazetteer
67359,SAGE HILL TRAVEL CENTER,"I-15, EXIT 89 & US-91",Blackfoot,ID,3.569,43.19459,-112.34681,gazetteer
67360,BP,"I-95/SR-405, EXIT 49 & SR-251",Darien,GA,3.539,31.34349,-81.42410,gazetteer
67361,SUMNER TRUCK STOP,SR-167,Sumner,WA,4.299,47.22722,-122.23626,gazetteer
67362,TA Glenrio,"I-40, Exit 369 & SR-392",San Jon,NM,3.899,35.11130,-103.33630,gazetteer
67365,KWIK TRIP #491,US-151,Manitowoc,WI,3.382,44.09798,-87.67894,gazetteer
67366,KWIK TRIP #499,"I-43, EXIT 57",New Berlin,WI,3.491,42.97200,-88.12917,gazetteer
67367,KWIK TRIP #757,US-14/US-61/SR-27,Viroqua,WI,3.359,43.56062,-90.88616,gazetteer
67368,KWIK TRIP #653,"I-39, EXIT 87 & US-51/SR-16",Portage,WI,3.274,43.54895,-89.46587,gazetteer
67369,KENOSHA TRAVEL PLAZA,"I-94, EXIT 340/US-41 & SR-142",Kenosha,WI,3.719,42.58753,-87.88000,gazetteer
67370,CIRCLE M #43,US-441/US-23/SR-15,Rabun Gap,GA,3.549,34.96049,-83.39318,gazetteer
67371,PARAMOUNT TRAVEL PLAZA,"I-30, EXIT 46 & SR-19",Prescott,AR,3.379,33.80432,-93.39121,gazetteer
67380,MILLERS TRAVEL CENTER,"I-80, EXIT 1",Wendover,UT,3.599,40.72402,-114.02510,gazetteer
67381,ENMARKET #875,US-78 & US-21,Branchville,SC,3.266,33.25171,-80.81608,gazetteer
67382,CORNER PANTRY TRAVEL PLAZA,SR-79 & SR-40,Hermosa,SD,3.299,43.84043,-103.18971,gazetteer
67383,FRIENDSHIP FOOD MART #96,SR-101/SR- 2,Sandusky,OH,3.529,41.45589,-82.71444,gazetteer
67391,SHOEMAKERS SHELL TRAVEL CENTER,I-80 EXIT 395 AT MILE 395,Lincoln,NE,3.349,40.81028,-96.67486,gazetteer
67394,Circle K #2745133,US-23 & SR-38,Waycross,GA,3.399,31.21101,-82.35766,gazetteer
67395,KUM & GO #0267,"I-80, EXIT 267 & SR 38",Tipton,IA,2.982,41.77012,-91.12828,gazetteer
67396,Q C MART,US-61 & CR-E63,Welton,IA,3.699,41.90550,-90.59561,gazetteer
67397,EXPRESS LANE #51,I-80 EXIT 93 ROUTE 71,Ottawa,IL,3.599,41.35405,-88.82341,gazetteer
67398,CASEYS #3998,SR-13 & HWY-C,Lowry City,MO,3.249,38.14002,-93.72677,gazetteer
67400,SPEEDWAY #3547,I-75 & 696,Lima,OH,3.499,40.74068,-84.11209,gazetteer
67401,QUIKTRIP #973,"I-45, EXIT 272",Hutchins,TX,2.882,32.64339,-96.70983,gazetteer
67402,TA EXPRESS HOT SPRINGS,US-395/US-18 & SR-79,Hot Springs,SD,3.299,43.41953,-103.46509,gazetteer
67404,Meskwaki Travel Plaza,HIGHWAY 30 E,Tama,IA,3.234,41.96512,-92.57380,gazetteer
67405,ANTELOPE TRUCK STOP,"I-80, EXIT 386",Burns,WY,3.199,41.19087,-104.35904,gazetteer
67406,GETGO #3701,"I-99, EXIT 23",East Freedom,PA,4.099,40.35524,-78.43047,gazetteer
67408,STOCKTON TRAVEL CENTER,US-20/SR-78,Stockton,IL,3.599,42.35252,-90.00202,gazetteer
67409,XTRA MART #7025,SR-146,Sutton,MA,3.649,42.15010,-71.76285,gazetteer
67410,STRIPES #40532,US-83 & US-277,Carrizo Springs,TX,3.349,28.52584,-99.85926,gazetteer
67411,LOVES TRAVEL STOP #226,"I-25, EXIT 104",Pueblo,CO,3.619,38.26923,-104.61082,gazetteer
67414,PILOT TRAVEL CENTERS #590,"I-94, EXIT 100",Alexandria,MN,3.466,45.87718,-95.37696,gazetteer
67416,CASEYS #4025,US-61/SR-92,Muscatine,IA,3.299,41.41906,-91.06795,gazetteer
67418,KUM & GO #0080,"US-218/SR-27, EXIT 80 & SR-22",Riverside,IA,3.097,41.48324,-91.57219,gazetteer
67419,LOVES TRAVEL STOP #359,"I-75, EXIT 283",Cartersville,GA,3.556,34.16458,-84.80170,gazetteer
67420,LOVES TRAVEL STOP #369,I-40 EXIT 163 & SR-48,Dickson,TN,3.176,36.06332,-87.36884,gazetteer
67421,LOVES TRAVEL STOP #375,US-79/SR-6 & FM-485,Hearne,TX,3.489,30.87706,-96.59522,gazetteer
67422,KUM & GO #0137,"I-80, EXIT 237",Tiffin,IA,3.099,41.70518,-91.65359,gazetteer
67423,FIRELAKE GRAND TRAVEL PLAZA,"I-40, EXIT 178 & SR-102",Shawnee,OK,2.899,35.36941,-96.95641,gazetteer
67424,FLORIDA 595 TRUCK STOP,"I-595/SR-84, EXIT 9 & US-441",Fort Lauderdale,FL,3.769,26.14123,-80.14673,gazetteer
67425,LITTLEFIELD EXPRESS #15,"US-67, EXIT 55 & SR-258",Bald Knob,AR,3.309,35.31254,-91.57125,gazetteer
67426,Spearville Truck Stop,"I-56, 126 RD",Spearville,KS,3.466,37.84807,-99.75471,gazetteer
67427,CASEYS #2907,I-57 & I-62,Charleston,MO,3.044,36.91693,-89.33391,gazetteer
67428,CONOCO,"I-95, EXIT 12",Carteret,NJ,3.499,40.58379,-74.22746,gazetteer
67429,7-ELEVEN #40396,"NJTP, EXIT 8A",Monroe Township,NJ,3.559,40.31789,-74.41182,gazetteer
67431,SPARKYS ONE STOP #32,I-30 & CR 33,Carroll,IA,3.232,42.07032,-94.86460,gazetteer
67432,PILOT TRAVEL CENTERS #471,US-27 & US-17,Haines City,FL,3.559,28.11282,-81.61654,gazetteer
67434,SHELL FOOD MART,"I-35, EXIT 54",Cameron,MO,2.991,39.74450,-94.23232,gazetteer
67435,7 ELEVEN #40122,I-95 MM2,Newark,DE,3.459,39.67765,-75.75748,gazetteer
67436,7-ELEVEN #40069,"I-81, EXIT 29",Shippensburg,PA,3.422,40.04873,-77.52319,gazetteer
67437,CANDIA FIRST STOP,"SR-101, EXIT 3",Candia,NH,3.899,43.07786,-71.27673,gazetteer
67438,LOVES TRAVEL STOP #363,"I-75, EXIT 358 & SR-326",Ocala,FL,3.329,29.17751,-82.15103,gazetteer
67439,LOVES TRAVEL STOPS #380,US-287/SR-114,Rhome,TX,3.089,33.07890,-97.49320,gazetteer
67440,PILOT TRAVEL CENTERS #503,"I-79, EXIT 146 & CR-77",Morgantown,WV,4.059,39.63749,-79.94686,gazetteer
67442,PILOT #4598,I-75 EXIT 56,Niota,TN,3.599,35.51717,-84.54985,gazetteer
67443,PILOT #4599,"I-24, EXIT 135",Monteagle,TN,3.336,35.23584,-85.85024,gazetteer
67613,KWIK STAR #490,"US-20, EXIT 225 & SR-27/SR-58",Cedar Falls,IA,3.524,42.51907,-92.45401,gazetteer
67614,KWIK TRIP #622,US-14 & CR-5,Byron,MN,3.574,44.03811,-92.64107,gazetteer
67615,KWIK TRIP #844,US-63,Lake City,MN,3.549,44.44570,-92.28092,gazetteer
67616,KWIK TRIP #887,"US-41, EXIT 139 & SR-15",Appleton,WI,3.302,44.27887,-88.38828,gazetteer
67617,Twice Daily Convenience Store #8046,"I-24, EXIT 31 & SR-249",Joelton,TN,3.349,36.31311,-86.86528,gazetteer
67618,7-ELEVEN #40441,I-80 MM 21E,West Unity,OH,3.662,41.58898,-84.43030,gazetteer
67619,7-ELEVEN #40442,"I-80, MM 21W",West Unity,OH,3.662,41.58898,-84.43030,gazetteer
67620,LOVES TRAVEL STOP #452,"I-35, EXIT 70",Pauls Valley,OK,3.649,34.71021,-97.22403,gazetteer
67621,FLYING J TRAVEL PLAZA #925- TOWN PUMP,"I-15, EXIT 277",Great Falls,MT,3.636,47.50252,-111.29997,gazetteer
67623,LOVES TRAVEL STOP #301,"I-90, EXIT 2",Post Falls,ID,3.746,47.72556,-116.94417,gazetteer
67624,LOVES TRAVEL STOP #300,I-70 EXIT 304,Bennett,CO,3.326,39.74173,-104.42872,gazetteer
67625,LOVES TRAVEL STOP #453,"I-10, EXIT 130 & US-231",Cottondale,FL,3.553,30.78973,-85.36604,gazetteer
67626,KWIK TRIP #316,SR-15 N/SR-22 E,Hutchinson,MN,3.279,44.88536,-94.37688,gazetteer
67627,PILOT #4556,"I-75, EXIT 329",Wildwood,FL,3.226,28.80581,-82.00732,gazetteer
67628,LOVES TRAVEL STOP #394,"I-65,EXIT 230",Demotte,IN,3.512,41.19927,-87.19545,gazetteer
67629,KWIK TRIP #681,"I-94, EXIT 205",Saint Michael,MN,3.297,45.19924,-93.68953,gazetteer
67630,KWIK TRIP #630,US-151/SR-32/SR-57,Chilton,WI,3.366,44.03019,-88.16167,gazetteer
67634,54 TRUCK STOP,US-54,Mullinville,KS,3.466,37.58857,-99.47556,gazetteer
67635,LOVES TRAVEL STOP #456,I-280 EXIT 1B,Perrysburg,OH,3.761,41.53899,-83.64413,gazetteer
67636,LOVES TRAVEL STOPS #258,"I-35, EXIT 183",Ottawa,KS,3.239,38.60008,-95.26278,gazetteer
67637,Power Gas & Truck Stop,US-1/US-9/US-46 & SR-5,Palisades Park,NJ,3.219,40.84702,-73.99706,gazetteer
67641,DANIEL BOONE TRAVEL CENTER,US-23 /US-421/US-58 & SR-871,Duffield,VA,3.557,36.71963,-82.79597,gazetteer
67642,GO MART FOOD STORE #103,SR-16 & CR 50/39,Ellenboro,WV,3.699,39.27001,-81.05566,gazetteer
67643,QUALITY MART #62,I-77 EXIT 82,Jonesville,NC,2.859,36.23528,-80.83368,gazetteer
67644,PARKERS #31 (DISCOUNT AVAILABLE),US-80/SR-26 & US-280,Ellabell,GA,3.032,32.12354,-81.48567,gazetteer
67645,CIRCLE K #2721416,US-441 & SR-20,Gainesville,FL,3.899,29.67954,-82.34679,gazetteer
67650,VIRGINIA FAST STOP,SR-78 & SR-125,Virginia,IL,3.759,39.95294,-90.21045,gazetteer
67651,SIMMONS,US-60/SR-21,Ellsinore,MO,3.424,36.93284,-90.74767,gazetteer
67652,ON THE GO TRAVEL CENTER,"I-435, EXIT 8",Kansas City,KS,3.999,39.12254,-94.74178,gazetteer
67655,CIRCLE K #2706627,"I-10, EXIT 261",Slidell,LA,3.189,30.28891,-89.78293,gazetteer
67656,KWIK TRIP #888,US-10/US-49 & SR-54,Waupaca,WI,3.457,44.35005,-89.07000,gazetteer
67657,KWIK TRIP #463,US-52/SR-60,Zumbrota,MN,3.524,44.29516,-92.67287,gazetteer
67658,MIRABITO #41,I-81 EXIT 13,Tully,NY,4.299,42.79819,-76.11024,gazetteer
67664,CEFCO #16,SR-171,Godley,TX,2.982,32.45888,-97.53291,gazetteer
67665,ALL STAR,US-75 N,Sabetha,KS,3.499,39.91023,-95.79283,gazetteer
67666,5 STAR TRUCK STOP,"I-44, EXIT 137",Oklahoma City,OK,2.879,35.46708,-97.51366,gazetteer
67668,ADVENTURE TRUCK PLAZA,SR-3185 & SR-3107,Thibodaux,LA,3.399,29.79487,-90.81458,gazetteer
67669,ONE9 #1271,SR-86,Thermal,CA,4.259,33.62620,-116.13083,gazetteer
67676,VALERO,"I-530/US-65, EXIT 34 & SR-365",White Hall,AR,3.166,34.27518,-92.10065,gazetteer
67677,BIGGAS TRUCK STOP,US-190/SR-6 & FM-2818,Bryan,TX,3.199,30.66602,-96.38105,gazetteer
67678,7-ELEVEN #40301,I-90/I-80,Genoa,OH,3.662,41.51863,-83.36453,gazetteer
67682,CASEYS #2739,1323 E MAIN ST,Beloit,KS,3.359,39.46470,-98.10834,gazetteer
67683,CASEYS #2734,"I-80, EXIT 222",Cozad,NE,3.032,40.86130,-99.98637,gazetteer
67684,CASEYS #2490,"I-35, EXIT 124 & US-69",Story City,IA,3.062,42.18574,-93.58688,gazetteer
67685,CASEYS #2792,"I-380/US-218, EXIT 13",Cedar Rapids,IA,3.499,41.96419,-91.67917,gazetteer
67686,CASEYS #2956,"I-315/US-81, EXIT 40",Hesston,KS,3.199,38.14006,-97.42700,gazetteer
67690,CEFCO #64,ST RT 14,Mexia,TX,3.099,31.68069,-96.48320,gazetteer
67695,MOREHEAD TRUCKSTOP,"I-64, EXIT 133 & SR- 801",Morehead,KY,3.599,38.19003,-83.44907,gazetteer
67697,FLORENCE TRAVEL PLAZA,"I-95, EXIT 150",Timmonsville,SC,3.999,34.13313,-79.94096,gazetteer
67698,FRONTIER TRAVEL CENTER,US-12 & US-85,Bowman,ND,3.532,46.18432,-103.40295,gazetteer
67699,GAP FARMS TRAVEL CENTER,"I-20, EXIT 69 & SR-151",Arcadia,LA,3.249,32.55085,-92.92137,gazetteer
67701,MARATHON,"I-94, EXIT 331",Casselton,ND,3.316,46.89637,-97.21260,gazetteer
67702,SPEEDWAY #6539,US-41/SR-45 & SR-52,Land O Lakes,FL,3.496,28.20831,-82.44584,gazetteer
67703,SPEEDWAY #6880,CR-611,Clearwater,FL,3.377,27.97942,-82.77126,gazetteer
67706,SPEEDWAY #3495,US-1/9,Elizabeth,NJ,3.599,40.66637,-74.19350,gazetteer
67707,SPEEDWAY #3503,"I-95, EXIT 13 & I-278/US-1/US-9",Linden,NJ,3.429,40.62734,-74.23631,gazetteer
67711,HOUMA COTEAU TRAVEL PLAZA,I-90/SR-20,Houma,LA,3.062,29.57868,-90.70802,gazetteer
67712,CASEYS #3810,"I-29, EXIT 132 & US-14",Volga,SD,3.279,44.32183,-96.92221,gazetteer
67715,HUTCH'S #109,"I-40, EXIT 38",Elk City,OK,2.969,35.38961,-99.42875,gazetteer
67716,HWY 19 SCALE,"SR-19/I-35, EXIT 66",Gaylord,MN,3.466,44.55577,-94.21322,gazetteer
67718,SUNSTOP #622,SR-52 & SR-167,Hartford,AL,3.599,31.10535,-85.69123,gazetteer
67720,REFUEL #1046,"I-20, EXIT 116 & US-15",Bishopville,SC,3.309,34.22007,-80.24737,gazetteer
67721,J AND D COUNTRYSIDE MARTHON,SR-76 & SR-173,Poplar Grove,IL,3.499,42.35110,-88.84378,gazetteer
67723,JET FOOD STORE #80,US-221/SR-135 & SR-206,Douglas,GA,3.457,31.50611,-82.85434,gazetteer
67726,SPEEDWAY #7909,"US-264, EXIT 73",Greenville,NC,3.132,35.59643,-77.37526,gazetteer
67727,SPEEDWAY #7907,US-264 & SR-33,Greenville,NC,2.944,35.59643,-77.37526,gazetteer
67728,SPEEDWAY #7905,SR-43 & SR-118,Vanceboro,NC,3.376,35.30306,-77.15670,gazetteer
67729,SPEEDWAY #6981,US-301 BYP,Rocky Mount,NC,3.432,35.96851,-77.80829,gazetteer
67732,Quik Pik,US-275 & SR-9,West Point,NE,3.216,41.83774,-96.70592,gazetteer
67734,TROTTER TRUCK PLAZA,ST 11,Ord,NE,3.299,41.60278,-98.91926,gazetteer
67735,Fast Fuel,US-81/SR-3,Kingfisher,OK,3.191,35.84473,-97.93931,gazetteer
67736,SPEEDWAY #9855,I-10 EXIT 49,Fabens,TX,3.236,31.51397,-106.14526,gazetteer
67738,SUPER JACK TRUCK STOP,US-84,Brookhaven,MS,3.116,31.58057,-90.44339,gazetteer
67739,STRIPES #40819,SR-359,Orange Grove,TX,3.066,27.95620,-97.93855,gazetteer
67742,STRIPES 7FLEET #42514,"I-20, EXIT 138",Midland,TX,3.459,32.02464,-102.11347,gazetteer
67743,STRIPES 7FLEET #42506,US-380 & US-277,Haskell,TX,3.539,33.15978,-99.73203,gazetteer
67744,STRIPES #40715,SR-107,La Villa,TX,3.169,26.29631,-97.92691,gazetteer
67745,STRIPES #40628,"I-2, EXIT 134 & US-83",Mission,TX,3.259,26.20406,-98.32522,gazetteer
67746,STRIPES #40598,I-2/US-83,Mission,TX,2.869,26.20406,-98.32522,gazetteer
67747,STRIPES 7FLEET #42424,US-87/US-190,Brady,TX,3.599,31.11538,-99.34593,gazetteer
67748,STRIPES 7FLEET #42428,"I-20 EXIT, 115",Odessa,TX,3.069,31.88046,-102.34531,gazetteer
67749,STRIPES 7FLEET #42436,I-20 EXIT 134,Midland,TX,3.066,32.02464,-102.11347,gazetteer
67750,STRIPES #40729,FM-511 & FM-802,Brownsville,TX,2.999,25.99569,-97.45085,gazetteer
67753,STRIPES #40892,SR-359 & SR-16,Hebbronville,TX,3.286,27.32498,-98.68567,gazetteer
67754,Refuel #185,US-220,Stokesdale,NC,3.699,36.22807,-79.97741,gazetteer
67755,BLUE WATER #12,"I-526, EXIT 23",Charleston,SC,3.232,32.82802,-79.97290,gazetteer
67757,KEITH'S SUPERSTORE,"I-59, I-20, EXIT 160",Meridian,MS,3.049,32.38417,-88.68945,gazetteer
67758,CLARKS PUMP N SHOP #47,SR-10/SR-9,Vanceburg,KY,3.599,38.59453,-83.32361,gazetteer
67762,CEFCO #2008,US-83/US-62 & US-287,Childress,TX,2.916,34.43545,-100.28238,gazetteer
67763,SHELL,US-72,Mount Pleasant,MS,3.399,34.95398,-89.52560,gazetteer
67764,NINNEKAH TRUCK STOP,US-277/US-81 & SR-19,Ninnekah,OK,3.229,34.96401,-97.94471,gazetteer
67766,STOP IN Food Store #8143,US-221/US-460 & SR-607,Montvale,VA,3.366,37.38517,-79.72550,gazetteer
67768,SHELL,US-60 & SR-657,Lewisport,KY,3.499,37.93067,-86.90282,gazetteer
67771,DUCK THRU FOOD STORE #26,"I-95, EXIT 154 & SR-308 & SR-11/SR-42",Lewiston Woodville,NC,3.399,36.11489,-77.17955,gazetteer
67772,STEVES SHELL,"I-55, EXIT 42",Brookhaven,MS,3.199,31.58057,-90.44339,gazetteer
67774,7-ELEVEN #39329,I-278/US-1,Linden,NJ,3.376,40.62734,-74.23631,gazetteer
67777,CIRCLE K #2721270,"I-95, EXIT 358B, SR-105",Jacksonville,FL,3.342,30.33686,-81.66160,gazetteer
67779,REATA PETROLEUM,I-76 & BARLOW RD,Fort Morgan,CO,3.439,40.25300,-103.78865,gazetteer
67782,SAMS MART #45,"I-40, EXIT 24 & SR-209",Waynesville,NC,3.599,35.48566,-82.99921,gazetteer
67783,RUTTERS #4,US-30 & SR-1016/2011,Wrightsville,PA,3.989,40.02387,-76.53121,gazetteer
67784,HAVANA CONVENIENCE,US-136,Havana,IL,3.799,40.29511,-90.05781,gazetteer
67787,PWI #109,"I-20, EXIT 126",Midland,TX,2.999,32.02464,-102.11347,gazetteer
67789,BEAR RIVER VALLEY CO OP,SR-13/SR-83,Corinne,UT,3.419,41.55146,-112.12502,gazetteer
67791,KINGSPORT TRUCK STOP,"I-81, EXIT 63",Kingsport,TN,3.899,36.51937,-82.54339,gazetteer
67792,CUBBYS #113,US-20/US-275,Oneill,NE,3.226,42.46153,-98.64696,gazetteer
67793,PILOT TRAVEL CENTER #131,"I-35, EXIT 34",Osceola,IA,3.439,41.03495,-93.78660,gazetteer
67794,ROAD RANGER #181,"I-55, EXIT 90",Springfield,IL,3.299,39.79106,-89.64457,gazetteer
67795,ROAD RANGER #263,"I-80, EXIT 93",Ottawa,IL,3.219,41.35405,-88.82341,gazetteer
67797,CHEVRON,US-71 & SR-179,Coushatta,LA,3.156,32.02583,-93.34060,gazetteer
67798,SUNSTOP #631,SR-231/SR-53 & SR-123,Ozark,AL,3.599,31.45162,-85.64503,gazetteer
67801,SUNOCO,"I-275, EXIT 42/SR-747",Cincinnati,OH,3.099,39.14018,-84.50583,gazetteer
67804,SUNSTOP #616,US-84/SR-134 & CR-1,Daleville,AL,3.399,31.29153,-85.71171,gazetteer
67806,84 QUICK STOP,I-84,Brookhaven,MS,3.149,31.58057,-90.44339,gazetteer
67811,QUICK FUEL #5301,SR-360,Grand Prairie,TX,3.024,32.68611,-97.02080,gazetteer
67815,LOVES TRAVEL STOP #254,"I-70, EXIT 59 & SR-39",Mooresville,IN,3.929,39.60249,-86.36871,gazetteer
67819,BREW #31,US-71/US-18,Spencer,IA,3.466,43.14702,-95.15269,gazetteer
67820,CIRCLE K #2723487,US-17 & SR-211,Supply,NC,3.289,34.01767,-78.26750,gazetteer
67821,FAS MART #5261,SR-9 & SR-57,Tollesboro,KY,3.352,38.55952,-83.57603,gazetteer
67822,SPINX #178 (DISCOUNT AVAILABLE),"I-385, EXIT 42 & I-85, EXIT 51B & US-25",Travelers Rest,SC,3.192,34.96003,-82.44501,gazetteer
67823,FLASH MARKET #17032,"I-555/US-63, EXIT 29 & SR-69",Trumann,AR,3.407,35.67698,-90.52609,gazetteer
67824,CIRCLE K #2723641,US-231/SR-87/SR-10/SR-53 & CR-21,Troy,AL,3.799,31.80196,-85.96713,gazetteer
67826,VALLEN MART,US-14,Volga,SD,3.319,44.32183,-96.92221,gazetteer
67827,GAS N GO,US-280/SR-27 & SR-520,Richland,GA,3.199,32.08876,-84.66200,gazetteer
67829,KWIK TRIP #721,SR-19 & SR-73,Marshall,WI,3.497,43.17049,-89.06265,gazetteer
67832,Sprint Mart #45,US-278/US-45,Tupelo,MS,3.189,34.27060,-88.73246,gazetteer
67833,PETES #05,US-59 & US-400,Parsons,KS,3.299,37.33401,-95.26500,gazetteer
67835,CIRCLE K #2723782,"I-40, EXIT 38 & US-421",Greensboro,NC,3.082,36.09485,-79.82362,gazetteer
67837,PILOT TRAVEL CENTER #1054,US-183 & SR-21,Buda,TX,3.416,30.08040,-97.85570,gazetteer
67839,EL TIGRE FOOD STORE #13,SR-336,Hidalgo,TX,3.216,26.10894,-98.24616,gazetteer
67841,CIRCLE K #2723844,US-15/US-501/US-1,Sanford,NC,3.049,35.49378,-79.17646,gazetteer
67842,CIRCLE K #4707627,"I-81, EXIT 48",Watertown,NY,4.099,43.97329,-75.91004,gazetteer
67844,UNCLE WILLIES #1288,US-13,Felton,DE,3.219,39.01264,-75.57659,gazetteer
67846,CEDAR RIVER PLAZA,SR-35,Stephenson,MI,3.419,45.41373,-87.60911,gazetteer
67848,JEMISON EXXON,"I-65, EXIT 219 & CR-42",Jemison,AL,3.299,32.97071,-86.73307,gazetteer
67849,KUM & GO #0379,US-412/ US-63 & SR-25,Black Rock,AR,3.199,36.10624,-91.10748,gazetteer
67850,SMILEYS FUEL CITY,"I-64/I-81, EXIT 205 & SR-206",Raphine,VA,3.539,37.93735,-79.23281,gazetteer
67854,CircleK #2709341,US-411,Chatsworth,GA,3.499,34.78109,-84.78247,gazetteer
67855,FAS MART #5262,"I-64, EXIT 94 & SR-1958/SR-2888",Winchester,KY,2.907,38.00236,-84.19059,gazetteer
67859,PILOT #1135,US-281,Falfurrias,TX,3.459,27.22441,-98.14519,gazetteer
67860,SHELL,"I-55, EXIT 227 & SR-32",Oakland,MS,2.999,34.05758,-89.91322,gazetteer
67862,SUNOCO TRUCK STOP,"I-70, EXIT 123 & SR-3",Spiceland,IN,3.399,39.84314,-85.42605,gazetteer
67865,PILOT TRAVEL CENTER #897,"I-95, EXIT 12B, INTERSECTION OF SR-826 & 817",Opa Locka,FL,3.699,25.90000,-80.25522,gazetteer
67866,QUICK DRAW TRAVEL PLAZA,"I-20, EXIT 49 & SR-531",Minden,LA,3.012,32.61915,-93.27275,gazetteer
67868,CHEVRON,SR-19,Huntsville,TX,2.979,30.70054,-95.55489,gazetteer
67871,BASIN MARKET #107,US-40,Vernal,UT,3.599,40.45170,-109.53801,gazetteer
67872,SMOKIES,US-45,Okolona,MS,3.099,34.00506,-88.74769,gazetteer
67874,RUTTERS #56,"I-83, EXIT 39A & SR-114",New Cumberland,PA,3.899,40.22877,-76.87829,gazetteer
67875,EXXON TIGER MART,"US-67/US-167, EXIT 28 & US-64",Beebe,AR,3.299,35.07243,-91.90106,gazetteer
67876,KUM & GO #0880,"US-412, EXIT 36",Stillwater,OK,2.954,36.13150,-97.07446,gazetteer
67877,CIRCLE K #4703701,I-24 EXIT 70,Smyrna,TN,3.032,35.96902,-86.52862,gazetteer
67879,Strike,US-287/96/69 & SR-347,Beaumont,TX,3.499,30.08491,-94.14533,gazetteer
67883,CASH MAGIC HOLLYWOOD,US-90,Berwick,LA,3.399,29.70055,-91.23518,gazetteer
67884,ROADRUNNER FUELS,US-550/SR-544,Aztec,NM,3.776,36.81590,-107.97031,gazetteer
67886,MAVERIK #5200,"I-70 BUSINESS, EXIT 25, CR-24",De Beque,CO,3.442,39.30999,-108.20500,gazetteer
67887,AIRLINE CHEVRON,US-61,Kenner,LA,3.099,30.01023,-90.25482,gazetteer
67890,KUM & GO #0449,US-60/US-71,Neosho,MO,3.056,36.84546,-94.37644,gazetteer
67892,TURRELL FUEL STOP,"I-55, EXIT 21",Turrell,AR,3.466,35.37461,-90.27038,gazetteer
67894,CIRCLE K #2705098,US-27 & SR-44,Leesburg,FL,3.572,28.71721,-81.90309,gazetteer
67897,KENT KWIK #273,SR-302 & SR-18,Kermit,TX,3.039,31.85392,-103.09239,gazetteer
67900,SPRINT FOODS #725,"I-520, EXIT 16/SR-28",Beech Island,SC,3.349,33.42860,-81.89032,gazetteer
67906,ON THE GO,SR-239,Prescott,KS,3.199,38.06312,-94.69251,gazetteer
67908,CIRCLE K #2744062,"I-25, EXIT 74",Colorado City,CO,3.349,37.93938,-104.84308,gazetteer
67910,G FUEL,US-40 & SR-140,Penns Grove,NJ,3.399,39.72770,-75.46904,gazetteer
67917,STRIPES 7FLEET #42510,"I-10, EXIT 256/US-285",Fort Stockton,TX,3.379,30.89257,-102.88421,gazetteer
67918,DELAWARE TRUCK STOP,"I-80, EXIT 4C/US-46",Delaware,NJ,3.079,40.89282,-75.06944,gazetteer
67922,EXXON,"I-20, EXIT 44 & US-371 & US-80/US-79",Minden,LA,3.399,32.61915,-93.27275,gazetteer
67923,MONROE CENTER BP OASIS,"I-39, EXIT 111/US-51 & SR-72",Monroe Center,IL,3.599,42.09993,-88.99440,gazetteer
67924,KUM & GO #0026,"I-90, EXIT 26",Adrian,MN,3.191,43.63356,-95.93280,gazetteer
67925,CHEVRON,US-61,Baton Rouge,LA,3.899,30.44044,-91.13317,gazetteer
67927,STONES TRUCK STOP,"I-29, EXIT 77/US-212",Watertown,SD,3.382,44.90919,-97.15569,gazetteer
67929,Circle K,SR-574,Plant City,FL,3.326,28.01535,-82.11781,gazetteer
67930,CIRCLE K #2721426,US-98/SR-30A & SR-368,Panama City,FL,3.291,30.16627,-85.67019,gazetteer
67931,Forks 1&23,US-1/US-23/SR-4 & SR-19,Alma,GA,3.599,31.54333,-82.47558,gazetteer
67932,SPRINT MART #4144,US-82/US-45/SR-12 & SR-182,Columbus,MS,3.016,33.50821,-88.40713,gazetteer
67933,SUNOCO,SR-50 & SR-471,Webster,FL,3.336,28.61251,-82.05009,gazetteer
67934,WHISPERING PINES,SR-10,Greensburg,LA,3.099,30.82964,-90.66986,gazetteer
67935,CIRCLE K #2707610,"I-10, EXIT 26",Milton,FL,3.232,30.62964,-87.05141,gazetteer
67938,TEXACO,"I-84, EXIT 376",Tremonton,UT,3.456,41.71835,-112.18784,gazetteer
67939,DELTA FUEL,"I-80, EXIT 242 & SR-339",Mifflinville,PA,3.366,41.03071,-76.30278,gazetteer
67940,MARTIN GENERAL STORE,US-22,Ebensburg,PA,3.524,40.48812,-78.72654,gazetteer
67941,FIESTA MART #21,"I-40, EXIT 278",Warner,OK,3.639,35.49169,-95.30894,gazetteer
67943,LOVES TRAVEL STOP #459,"I-65, EXIT 133 & SR-267",Whitestown,IN,3.622,39.97167,-86.37174,gazetteer
67949,7-ELEVEN #36835,"I-85, EXIT 32",Pelzer,SC,3.182,34.64286,-82.46047,gazetteer
67952,CIRCLE K #2707682,"I-75, EXIT 164 & US-17/SR-35",Punta Gorda,FL,3.399,26.89775,-82.06581,gazetteer
67957,CITGO,US-27,Hialeah,FL,3.472,25.86994,-80.30286,gazetteer
67968,WHITESBURG BP,US-27/SR-16,Whitesburg,GA,3.699,33.49207,-84.91430,gazetteer
67974,TALL TIMBERS TRUCKSTOP,"I-10, EXIT 23 & SR-108",Sulphur,LA,3.832,30.22979,-93.35634,gazetteer
67976,KWIK TRIP #587,US-141 & SR-22,Lena,WI,3.282,44.95304,-88.04733,gazetteer
67977,KUM & GO #4127,"I-29, EXIT 127",Sloan,IA,3.109,42.23306,-96.22483,gazetteer
67994,Pure,US-82/SR-520/SR-135,Willacoochee,GA,3.466,31.33509,-83.04400,gazetteer
67997,CIRCLE K #2745137,"I-75/SR-401, EXIT 149 & SR-49",Byron,GA,3.199,32.64950,-83.74795,gazetteer
68002,CO RETAIL VENTURE DB,US-34 & SR-59,Yuma,CO,3.449,40.12251,-102.71564,gazetteer
68005,WESSON,"I-84, EXIT 22, SR-8, EXIT 22",Waterbury,CT,4.179,41.55850,-73.03669,gazetteer
68007,Highland oil,US-412,Hardy,AR,3.269,36.31965,-91.48150,gazetteer
68008,FAST LANE #3,US-64 & US-49,Mc Crory,AR,3.399,35.25733,-91.19728,gazetteer
68009,CIRCLE K #2741779,"US-270, EXIT 2",Hot Springs National Park,AR,3.369,34.48944,-93.05025,gazetteer
68012,ROYAL FARMS #120,US-13/CR-16,Greenwood,DE,3.259,38.80716,-75.59000,gazetteer
68016,Chevron #386730,"I-10, EXIT 139",Phoenix,AZ,3.299,33.57215,-112.09013,gazetteer
68017,TEXACO,SR-89,Prescott,AZ,3.739,34.59224,-112.44673,gazetteer
68019,PAC PRIDE CARDLOCK,CR-25/CR-826,Miami,FL,3.479,25.77516,-80.20861,gazetteer
68020,EXXON,"I-10, EXIT 335/SR-121",Macclenny,FL,3.499,30.28105,-82.12591,gazetteer
68029,MAPCO #3502,SR-151,Ringgold,GA,3.092,34.91366,-85.12151,gazetteer
68030,FIVE STAR EXPRESS,"I-520/SR-415, EXIT 16 & SR-28",Augusta,GA,3.499,33.36553,-82.07342,gazetteer
68031,ORCHARD STOP BP,US-30,Montgomery,IL,3.549,41.72102,-88.35811,gazetteer
68033,CIRCLE K #2703175,"I-520/SR-415, EXIT 9 & SR-56",Augusta,GA,3.282,33.36553,-82.07342,gazetteer
68036,MOBIL,"I-95, EXIT 60",Salisbury,MA,3.599,42.83110,-70.84711,gazetteer
68040,MISHAWAKA ROAD FLEET SITE,SR-19 & CR-20,Elkhart,IN,3.689,41.69154,-85.96225,gazetteer
68043,CARROLL MOTOR FUELS,US-40,Middle River,MD,3.139,39.33952,-76.42870,gazetteer
68048,CASEYS #3961,SR-3 & SR-143,Marcus,IA,3.299,42.82240,-95.80684,gazetteer
68052,CUBBYS #302,SR-39 & SR-175,Odebolt,IA,3.316,42.31184,-95.25438,gazetteer
68053,KJ TRAVEL CENTER,"US-20, EXIT 310",Idaho Falls,ID,3.407,43.48962,-112.03534,gazetteer
68055,Gallops,US-20,Michigan City,IN,3.399,41.70878,-86.86687,gazetteer
68062,FARMERS UNION OIL,US-83,Wilton,ND,3.899,47.15800,-100.78399,gazetteer
68065,Caseys #4450,US-160,Ulysses,KS,3.399,37.57734,-101.35486,gazetteer
68067,PUMP & PANTRY #2,US-30 & US-281,Grand Island,NE,3.307,40.92135,-98.35856,gazetteer
68068,ELGIN ONE STOP,SR-14 & SR-70,Elgin,NE,3.137,41.98311,-98.08277,gazetteer
68070,PAULS TRUCK STOP,US-171,Leesville,LA,3.449,31.14112,-93.28423,gazetteer
68072,FAMILY FARE #834 (DISCOUNT AVAILABLE),"US-131, EXIT 175",Byron Center,MI,3.739,42.80946,-85.72637,gazetteer
68073,BIG BATS 2,US-20,Chadron,NE,3.699,42.82597,-103.00248,gazetteer
68076,JENNINGS TRUCKSTOP,"I-10, EXIT 65",Jennings,LA,2.999,30.22398,-92.65829,gazetteer
68079,NORTH FORK TRUCK STOP,US-12/CR-103,White Pigeon,MI,3.559,41.79523,-85.65041,gazetteer
68080,SAMMYS TRUCK AUTO PLAZA,"I-49, EXIT 53",Bunkie,LA,3.399,30.95366,-92.18811,gazetteer
68081,SHELL,SR-308 & SR-654,Mathews,LA,3.459,29.68215,-90.55590,gazetteer
68091,ALLTOWN MARKETS,"SR-101, EXIT 2",Auburn,NH,3.799,43.00453,-71.34840,gazetteer
68093,MARATHON,US-223/CR-52,Adrian,MI,3.599,41.89878,-84.04483,gazetteer
68095,ALEXS MARKET AND GRILL,"I-75, EXIT 101",Holly,MI,4.699,42.79880,-83.62297,gazetteer
68100,REFINED MARKETERS,"I-96, EXIT 31A/US-131, EXIT 88",Grand Rapids,MI,3.739,42.96116,-85.65557,gazetteer
68102,SUNOCO,ST 17,Carlstadt,NJ,3.162,40.82643,-74.06234,gazetteer
68107,SPEEDWAY #4500,"I-35, EXIT 171/CR-11",Pine City,MN,3.549,45.84098,-92.96649,gazetteer
68110,CIRCLE K #4705573,SR-82,Grafton,OH,3.749,41.28414,-82.02997,gazetteer
68112,QUICK FUEL #3138,"I-35, EXIT 98/CR-26",Saint Paul,MN,3.617,44.94890,-93.10406,gazetteer
68113,CIRCLE K #4705571,ST 2,Holland,OH,3.549,41.61925,-83.70822,gazetteer
68116,Circle K #2746335,"I-35, EXIT 22",Minneapolis,MN,3.799,44.96332,-93.26832,gazetteer
68122,CENEX,SR-11/SR-310,Roseau,MN,3.499,48.84446,-95.76243,gazetteer
68124,CIRCLE K #4705587,SR-585 & SR-57,Rittman,OH,3.659,40.97337,-81.78458,gazetteer
68129,CULVERS HAWKINS,"US-59/I-29, EXIT 43",Saint Joseph,MO,3.199,39.75946,-94.82114,gazetteer
68133,CASEYS #4256,US-71/SR-175,Joplin,MO,3.069,37.07522,-94.50126,gazetteer
68140,CROSSROADS RATON TRUCK STOP,"I-25/US-85, EXIT 451 & US-87",Raton,NM,3.499,36.88497,-104.43957,gazetteer
68147,Regal Truck Stop,SR 30,New Albany,MS,3.249,34.49229,-89.02172,gazetteer
68148,CIRCLE K #2723389,US-49,Gulfport,MS,2.944,30.41949,-89.06902,gazetteer
68151,KUM & GO #0498,SR-125,Rogersville,MO,3.052,37.11485,-93.07478,gazetteer
68154,LOVES TRAVEL STOP #395,"I-57, EXIT 308",Kankakee,IL,3.379,41.10165,-87.86369,gazetteer
68155,SHEETZ #181,"I-80, EXIT 158 & SR-220",Bellefonte,PA,3.729,40.91421,-77.76820,gazetteer
68156,A PLUS MINI MARKET,"I-95, EXIT 26",Philadelphia,PA,3.999,40.00938,-75.13335,gazetteer
68157,RAJS MINI MART,US-1/SR-29,Morrisville,PA,3.899,40.20764,-74.78027,gazetteer
68158,SUNOCO,"I-78, EXIT 29A/SR-61",Shoemakersville,PA,3.639,40.49990,-75.96977,gazetteer
68161,KWIK FILL #390,SR-15 & TABER RD,Blossburg,PA,3.684,41.67952,-77.06895,gazetteer
68165,GOLDEN GATE Fallon,US-50,Fallon,NV,3.549,39.47366,-118.77787,gazetteer
68167,CIRCLE K #4707628,SR-90 & SR-5,Montezuma,NY,3.999,43.01006,-76.70328,gazetteer
68169,GOLDEN GATE GOLDEN VALLEY,"US-395, EXIT 73",Reno,NV,3.949,39.54910,-119.84991,gazetteer
68174,MIRABITO #42,"I-81, EXIT 7",Castle Creek,NY,3.999,42.22758,-75.91825,gazetteer
68177,ONVO TRAVEL PLAZA - MIFFLINVILLE,"I-80, EXIT 242/CR-339",Mifflinville,PA,3.366,41.03071,-76.30278,gazetteer
68178,CIRCLE K #2723748,"I-20, EXIT 48",Pearl,MS,3.389,32.27246,-90.09183,gazetteer
68179,WEST PAK A POK,SR-8,Houston,MS,3.399,33.89619,-89.00349,gazetteer
68180,One9 #1374,"I-81, EXIT 143, SR-924",Hazleton,PA,3.862,40.95047,-75.97251,gazetteer
68185,CITGO,US-22/SR-72,Jonestown,PA,3.749,40.41297,-76.48073,gazetteer
68188,ONVO TRAVEL PLAZA - GIBSON,"I-81, EXIT 219 & SR-848",New Milford,PA,3.589,41.87614,-75.72656,gazetteer
68189,EAGLE EXXON,US-27/SR-29,Dayton,TN,3.399,35.49541,-85.00865,gazetteer
68191,MARTIN GENERAL STORE # 207,SR-865/I-99 EXIT 41,Altoona,PA,3.539,40.50805,-78.40111,gazetteer
68196,CATDADDY MARKET,SR-33,Tazewell,TN,3.299,36.46250,-83.56703,gazetteer
68211,CEFCO #2005,"I-40, EXIT 73",Amarillo,TX,2.869,35.19806,-101.83311,gazetteer
68212,CIRCLE K #2723415,"I-26, EXIT 16",Spartanburg,SC,3.099,34.94563,-81.92594,gazetteer
68213,CADOO MILLS,"I-30/US-67, EXIT 87 & FM-1903",Caddo Mills,TX,2.801,33.07454,-96.22692,gazetteer
68215,COWBOY TRAVEL PLAZA,"I-10, EXIT 833",Hamshire,TX,2.899,29.85481,-94.32071,gazetteer
68217,CIRCLE K #2723881,US-701 & US-501,Conway,SC,3.184,33.83453,-79.04917,gazetteer
68225,OASIS TRUCK STOP,US-60 & US-83,Canadian,TX,3.299,35.90968,-100.38388,gazetteer
68227,QUARLES #4914,"I-64 EXIT 297, US-13",Chesapeake,VA,3.526,36.67938,-76.30179,gazetteer
68234,CIRCLE K #2723705,"I-81, EXIT 80 & SR-121",Wytheville,VA,3.266,36.95338,-81.08844,gazetteer
68235,JOLLEY #113,"I-91, EXIT 28",Derby,VT,3.539,44.94741,-72.13393,nominatim
68236,TEX BEST #506,"I-35, EXIT 84",Dilley,TX,3.099,28.66752,-99.17646,gazetteer
68243,PILOT EXPRESS #1173,"I-5, EXIT 135",Tacoma,WA,4.599,47.25220,-122.45983,gazetteer
68245,STRIPES #40705,US-77/SR-374,Combes,TX,2.912,26.24651,-97.72677,gazetteer
68253,KENT KWIK #262,"CR-18/I-20, EXIT 80",Monahans,TX,2.859,31.65572,-103.08369,gazetteer
68256,EXTRA MILE TRUCK STOP,I-30 EXIT 208,Hooks,TX,2.817,33.47069,-94.28654,gazetteer
68257,LOVES TRAVEL STOP #292,"I-55, EXIT 220",Dwight,IL,3.349,41.09871,-88.42208,gazetteer
68258,CIRCLE K #2741536,SR-83/CR-1015,Weslaco,TX,3.036,26.16055,-97.98765,gazetteer
68260,ALVARADO MARKET STATION,"I-35W, EXIT 26A & US-67",Alvarado,TX,2.844,32.40938,-97.21079,gazetteer
68261,STRIPES #2294,US-83 & FM-1120,Leakey,TX,2.949,29.72537,-99.76307,gazetteer
68266,FREDS FUEL AND FOOD #2,"I-57, EXIT 283 & US-24",Gilman,IL,3.049,40.76038,-88.00120,gazetteer
68268,SPEED SMART,"I-10, EXIT 114",Buckeye,AZ,3.372,33.43157,-112.64163,gazetteer
68270,MPC #2,US-67 & CR-A,Fredericktown,MO,2.991,37.56295,-90.30351,gazetteer
68271,PHOENIX #308,ST 210,Rocky Point,NC,3.619,34.44405,-77.89091,gazetteer
68273,CHISUM TRAVEL CENTER,US-70/US-54,Tularosa,NM,2.999,33.07500,-106.01730,gazetteer
68274,CEFCO #6,SR-6 & SR-7,Marlin,TX,2.999,31.30804,-96.89318,gazetteer
68276,KWIK STAR #895,US-18/US-63 EXIT 204,New Hampton,IA,3.449,43.05622,-92.31472,gazetteer
68277,WHITE OAK STATION #15,US-65,Harrison,AR,3.599,36.24259,-93.11765,gazetteer
68279,MACS MARKET #101,ST 22A,Fair Haven,VT,3.599,43.59278,-73.26890,gazetteer
68282,SUNSTOP #612,US-84,Andalusia,AL,3.486,31.30944,-86.47803,gazetteer
68290,WALTON TRUCK STOP,US-78/SR-10 & SR-83,Monroe,GA,3.999,33.79748,-83.71873,gazetteer
68292,GAS N GO,US-280/US-19,Americus,GA,3.299,32.07438,-84.22283,gazetteer
68294,BP,"I-74, EXIT 51",Galesburg,IL,3.499,40.95022,-90.37656,gazetteer
68298,MR FUEL #719,"I-80, EXIT 6",Gary,IN,3.566,41.59074,-87.34711,gazetteer
68301,LOVES TRAVEL STOP #463,I-10 EXIT 604,Seguin,TX,3.179,29.59023,-97.96861,gazetteer
68303,KWIK TRIP #351,SR-13 & SR-64,Medford,WI,3.401,45.13543,-90.34350,gazetteer
68306,BIG D #018,SR-387 & SR-59,Gillette,WY,3.459,44.27258,-105.49894,gazetteer
68307,EXPRESSWAY LUVERNE,"I-90, EXIT 12",Luverne,MN,3.239,43.65354,-96.21419,gazetteer
68308,PINECONE TRAVEL PLAZA,"I-94, EXIT 267",Johnson Creek,WI,3.219,43.07905,-88.77107,gazetteer
68311,SUN DO KWIK SHOP,SR-242,Evergreen,NC,3.159,34.41486,-78.91138,gazetteer
68314,Refuel #313,US-183 & SR-29,Liberty Hill,TX,2.909,30.66338,-97.90551,gazetteer
68315,SHELL,"I-40, EXIT 200 & SR-99",Seminole,OK,2.859,35.23477,-96.64933,gazetteer
68316,CIRCLE K #2723622,"I-75, EXIT 345",Ringgold,GA,3.076,34.91366,-85.12151,gazetteer
68318,NINOS TRUCK PLAZA,"I-10, EXIT 151",Port Allen,LA,3.039,30.44383,-91.20741,gazetteer
68319,HOLIDAY STATIONSTORE #2746484,US-61 & US-10,Hastings,MN,3.569,44.73178,-92.85451,gazetteer
68321,Big's #304,"I-35, EXIT 141",Moore,TX,2.999,29.05791,-99.00580,gazetteer
68323,TRAINER MART,"I-10, EXIT 593",Marion,TX,2.999,29.57257,-98.14294,gazetteer
68330,SHREES TRUCK STOP,"I-90, EXIT 149 & SR-281",George,WA,3.569,47.08315,-119.86168,gazetteer
68333,GO MART FOOD STORE #106,US-250/US-219/SR-92/SR-55,Elkins,WV,3.499,38.92372,-79.85426,gazetteer
68335,PILOT #481,"I-75, EXIT 20",Mc Donald,TN,3.599,35.10878,-84.98529,gazetteer
68337,SPEEDWAY #1426,US-30 & SR-51,Merrillville,IN,3.886,41.47269,-87.31807,gazetteer
68339,LOVES TRAVEL STOP #464,"I-10, EXIT 523 & US-87",Comfort,TX,3.212,29.97231,-98.90470,gazetteer
68343,HUTCH'S #119,I-40 EXIT 40,Elk City,OK,2.969,35.38961,-99.42875,gazetteer
68347,ENERGY EXPRESS TRAVEL CENTER,I-70 EXIT 247,Saint Louis,MO,2.909,38.63570,-90.24458,gazetteer
68348,HOT SPOT #6007,"I-85, EXIT 80",Spartanburg,SC,3.089,34.94563,-81.92594,gazetteer
68349,SAPP BROS TRAVEL CENTER,"US-75, EXIT 116",Le Mars,IA,3.269,42.78151,-96.17331,gazetteer
68350,JOAQUIN QUICK STOP,US-84,Joaquin,TX,3.432,31.96558,-94.04837,gazetteer
68354,LEERJAK TRAVEL CENTER,US-60,Ellsinore,MO,3.409,36.93284,-90.74767,gazetteer
68359,LOVES TRAVEL STOP #466,"I-78, EXIT 65",Jasper,AL,3.556,33.85111,-87.26835,gazetteer
68360,A PLUS MINI MARKET,"I-95, EXIT 19",Philadelphia,PA,4.049,40.00938,-75.13335,gazetteer
68361,DUCK THRU FOOD STORE #34,US-158 & US-17,Elizabeth City,NC,3.499,36.29422,-76.23816,gazetteer
68362,RUTTERS #5,US-30 & SR-997,Fayetteville,PA,3.859,39.91143,-77.56510,gazetteer
68365,7-ELEVEN #36834,SR-72,Abbeville,SC,3.619,34.17854,-82.37769,gazetteer
68366,MARATHON,US-68/SR-80,Russellville,KY,3.199,36.83952,-86.89558,gazetteer
68367,LOVES TRAVEL STOP #447,"I-10 E, EXIT 0",Anthony,TX,3.449,31.98673,-106.59863,gazetteer
68368,AKAL TRAVEL CENTER,I-80 EX 360,Waco,NE,2.799,40.89700,-97.46175,gazetteer
68369,WORKMANS TRAVEL CENTER,"I-40 EXIT, 35 & SR-23",Ozark,AR,3.297,35.50186,-93.84838,gazetteer
68370,GULF EXPRESS DIESEL AND GAS,"I-295, EXIT 4 & SR-14",Johnston,RI,3.799,41.82186,-71.50675,gazetteer
68372,SPEEDWAY #8062,SR-26/CR-00,Kokomo,IN,3.799,40.46401,-86.12735,gazetteer
68375,PILOT #491,"I-81, EXIT 251 & US-11",Harrisonburg,VA,3.659,38.43626,-78.87330,gazetteer
68378,PILOT TRAVEL CENTERS #596,I-69 EXIT 196,Smiths Creek,MI,3.959,42.91392,-82.60381,gazetteer
68381,Fast Stop Travel Centers #2241,US-26 S & SR-39,Blackfoot,ID,3.999,43.19459,-112.34681,gazetteer
68382,QUIKTRIP #766,US-29 & SR-316,Dacula,GA,3.321,33.98197,-83.90108,gazetteer
68383,AYERCO 32,US-61 & SR-P,Canton,MO,3.016,40.12986,-91.52584,gazetteer
68386,KWIK TRIP #884,US-45 & SR-22,Clintonville,WI,3.559,44.62212,-88.75171,gazetteer
68389,WEBERS OF PLYMOUTH,SR-57 N/CR-PP E,Plymouth,WI,3.499,43.74527,-87.96532,gazetteer
68394,CHEVRON,"I-84, EXIT 343/CR-104",Ogden,UT,3.442,41.22839,-111.96815,gazetteer
68396,TOOT N TOTUM #44,SR-287 E/CR-335 N,Amarillo,TX,3.042,35.19806,-101.83311,gazetteer
68403,RUTTERS #16,"I-83, EXIT 10 & SR-214",York,PA,4.199,39.96480,-76.73184,gazetteer
68405,PILOT TRAVEL CENTER #1028,"I-45, EXIT 178/US-79 N",Buffalo,TX,3.549,31.45891,-96.06616,gazetteer
68406,TOOT N TOTUM #114,US-385/US-54,Dalhart,TX,3.199,36.05742,-102.51221,gazetteer
68411,PAWNEE TRAVEL PLAZA,US-412 & SR-18,Pawnee,OK,3.044,36.35148,-96.80050,gazetteer
68416,STRIPES 7FLEET #42515,US-87 N,Lamesa,TX,3.099,32.73334,-101.95377,gazetteer
68417,7-ELEVEN #42072,"I-20, EXIT 599/SR-281",Longview,TX,3.207,32.52023,-94.76111,gazetteer
68419,ROAD RANGERS #270,"I-35, EXIT 114/SR-462",Moore,TX,3.169,29.05791,-99.00580,gazetteer
68420,SHELBINA Phillips 66,US-36 & SR-15,Shelbina,MO,3.099,39.69302,-92.03965,gazetteer
68421,STRIPES,US-77,Refugio,TX,3.074,28.30745,-97.27498,gazetteer
68423,GOLDEN GATE TRUCKSTOP,"I-80, EXIT 106 & SR-398",Lovelock,NV,3.649,40.17874,-118.47744,gazetteer
68424,MAVERICK TRAVEL CENTER,"I-20, EXIT 386/US-281",Santo,TX,3.099,32.60558,-98.21385,gazetteer
68428,STRIPES #40519,US-90/CR-1023,Uvalde,TX,3.359,29.21518,-99.77721,gazetteer
68432,PAPA ROCK,US-79/SR-76,Clarksville,TN,3.199,36.56643,-87.34522,gazetteer
68434,Circle K #2741789,"I-30, EXIT 98 & US-270",Malvern,AR,3.439,34.37358,-92.82125,gazetteer
68440,EXPRESS GAS,"I-40, EXIT 2A/US-51",Memphis,TN,2.979,35.10916,-89.96851,gazetteer
68441,QUIKTRIP #1106,US-76,Anderson,SC,2.959,34.52149,-82.64352,gazetteer
68444,Sunoco,US-30,Roebling,NJ,3.159,40.11722,-74.77784,gazetteer
68447,JUMPIN JACKS 419,SR-161,Rockport,IN,3.999,37.88992,-87.05424,gazetteer
68451,CASEYS #3439,US-63,Lime Springs,IA,3.566,43.44990,-92.28406,gazetteer
68453,Marathon,US-82/US-27,Cuthbert,GA,3.699,31.77069,-84.79358,gazetteer
68458,SPEEDWAY #6278,"I-96, EXIT 16",Coopersville,MI,3.499,43.06547,-85.93375,gazetteer
68462,CHEVRON,SR-24 & SR-660,Houma,LA,3.099,29.57868,-90.70802,gazetteer
68463,SPANISH LAKE TRUCK AND CASINO PLAZA,SR-182,New Iberia,LA,3.329,30.00549,-91.82031,gazetteer
68465,LOVES TRAVEL STOP #470,"I-75, EXIT 451",Jasper,FL,3.327,30.45594,-82.93421,gazetteer
68466,KWIK TRIP #462,SR-11 & SR-83,Burlington,WI,3.274,42.67525,-88.27187,gazetteer
68468,SHELL,SR-193/SR-163 & CR-26,Theodore,AL,3.039,30.53869,-88.18757,gazetteer
68469,8 MILE STORE,"US-64/I-40, EXIT 127",Conway,AR,3.399,35.07440,-92.46700,gazetteer
68471,B LINE SHELL,SR-710,Jupiter,FL,3.957,26.91855,-80.11694,gazetteer
68476,CREEK TRAVEL PLAZA,"I-65, EXIT 54",Atmore,AL,3.136,31.12407,-87.45780,gazetteer
68480,KUM & GO #0414,US-212/SR-265,Springdale,AR,3.142,36.19144,-94.15506,gazetteer
68493,FAST TRACK 427,"I-10, EXIT 225/US-19",Lamont,FL,3.739,30.37967,-83.81338,gazetteer
68494,LOVES TRAVEL STOPS #469,"I-85, EXIT 15 & US-1",South Hill,VA,3.949,36.72566,-78.12889,gazetteer
68497,JACKSONS FOOD STORE #30,"I-86, EXIT 61",Pocatello,ID,3.459,42.87275,-112.46384,gazetteer
68499,DUBOIS TRAVEL STOP,I-15 & MAIN,Dubois,ID,4.299,44.17116,-112.22828,gazetteer
68506,WARRIOR RIDGE,US-22 & SR-3035,Ashland,PA,3.699,40.78111,-76.34505,gazetteer
68511,PWI #675,I-10/US-85/US-180 EXIT 155 & SR-227,Vado,NM,2.949,32.12788,-106.65707,gazetteer
68512,BP,US-29/SR-154,Palmetto,GA,3.249,33.53604,-84.67379,gazetteer
68518,CHEVRON,SR-243,Gordon,GA,3.359,32.88619,-83.33359,gazetteer
68520,SPEED GAS,SR-56,Rosenhayn,NJ,3.459,39.47867,-75.13796,gazetteer
68522,MINIT MART #600632,"I-474, EXIT 9 & SR-29",Pekin,IL,3.739,40.56876,-89.62511,gazetteer
68524,Coastal Fuel,US-421,Wilmington,NC,3.399,34.20923,-77.88577,gazetteer
68531,CASEYS #2845,"SR-150, I-380, EXIT 41",Urbana,IA,3.449,42.22984,-91.88551,gazetteer
68533,MACH ONE FOOD SHOP #17,US-45/US-50,Flora,IL,3.899,38.66562,-88.47384,gazetteer
68534,BG FOOD MART,US-31,Bowling Green,KY,3.057,36.97683,-86.43366,gazetteer
68535,CASEYS #3295,SR-35 & SR-27,Prairie Du Chien,WI,3.499,43.04162,-91.13541,gazetteer
68541,DUCK THRU #3,SR-11 & SR-561,Ahoskie,NC,3.562,36.28413,-76.99010,gazetteer
68542,EXCELL FUELS,SR-5,Buffalo,NY,3.999,42.89249,-78.85969,gazetteer
68549,GOOD 2 GO #212,US-310/SR 789,Lovell,WY,3.657,44.83580,-108.39189,gazetteer
68552,HUCKS FOOD & FUEL #368,"US-41, EXIT 44/SR-281",Madisonville,KY,3.399,37.34104,-87.50347,gazetteer
68556,MONICARLO FUEL STOP,US-61 & SR-54,Garyville,LA,3.199,30.06573,-90.63473,gazetteer
68559,KUM & GO #0779,"I-35, EXIT 92 & US-136",Bethany,MO,2.956,40.26816,-94.02982,gazetteer
68562,CHEVRON,SR-3235,Galliano,LA,3.499,29.44586,-90.30774,gazetteer
68572,FOOD N FUN #17,US-90 & SR-83 & CR-605,New Iberia,LA,3.067,30.00549,-91.82031,gazetteer
68574,SPRING STREET SERVICE STATION,US-1/US-9,Elizabeth,NJ,3.099,40.66637,-74.19350,gazetteer
68581,CHEVRON #308195,"I-82, EXIT 58/US-12 & SR-223",Granger,WA,4.329,46.34530,-120.19267,gazetteer
68588,SHELL,"US-202, EXIT 16",Orange,MA,3.649,42.60544,-72.29207,gazetteer
68592,Sprint Food #742,US-25/SR-121,North Augusta,SC,3.159,33.52330,-81.95657,gazetteer
68593,ONE9 #1285,"I-20, EXIT 386 & US-281",Santo,TX,2.924,32.60558,-98.21385,gazetteer
68594,CIRCLE K #2723796,SR-S-8-33 & SR-S-8-119,Charleston,SC,3.199,32.82802,-79.97290,gazetteer
68595,SUPER LUCKY LOUIES,US-190/SR-1,Port Allen,LA,3.032,30.44383,-91.20741,gazetteer
68596,FLASH MARKET SHELL,US-63,Koshkonong,MO,3.499,36.59744,-91.64595,gazetteer
68598,7-ELEVEN #41032,US-84 & US-259,Mount Enterprise,TX,3.349,31.91164,-94.68277,gazetteer
68602,NEW DIXIE MART #19,"I-95, EXIT150",Whitakers,NC,3.339,36.10570,-77.71297,gazetteer
68606,SAMS MART #95,SR-49,Harrisburg,NC,3.799,35.30755,-80.64562,gazetteer
68613,SHEETZ #236,SR-441 & SR-772,Marietta,PA,3.389,40.05704,-76.55172,gazetteer
68618,MINER TOWNE MART,206 R-11,Shullsburg,WI,3.399,42.57332,-90.23476,gazetteer
68621,CIRCLE K #2723367,"I-77, EXIT 8 & SR-148",Fancy Gap,VA,3.291,36.67130,-80.70108,gazetteer
68622,PILOT #474,"I-79, EXIT 67 & SR-19",Sutton,WV,3.866,38.66777,-80.71346,gazetteer
68623,FLYING J TRAVEL PLAZA #304,"I-469, EXIT 19 & US-30",New Haven,IN,3.859,41.06791,-85.01628,gazetteer
68624,PILOT #586,"I-10, EXIT 69 & SR-63",Moss Point,MS,3.459,30.42591,-88.53273,gazetteer
68625,FLYING J #470 HUDSON,"I-94, EXIT 10 & US-65",Roberts,WI,3.559,44.97330,-92.55008,gazetteer
68626,BECKS EXPRESS MART #14,SR-26,Princeton,IL,3.249,41.38056,-89.46410,gazetteer
68630,DOWNSTREAM Q STORE,US-166/US-400,Joplin,MO,3.199,37.07522,-94.50126,gazetteer
68642,EXXON SANDY RIDGE MART,"I-40/US-421, EXIT 208",Colfax,NC,3.099,36.11264,-80.01448,gazetteer
68643,SHELL,"I-95, EXIT 58 & US-13",Wade,NC,3.199,35.16340,-78.73967,gazetteer
68644,SUPERPUMPER #32,US-2,Minot,ND,3.599,48.23613,-101.27753,gazetteer
68650,MARATHON,"I-75, EXIT 8",Cincinnati,OH,3.899,39.14018,-84.50583,gazetteer
68653,KWIK TRIP #679,"I-43, EXIT 128 & SR-42",Sheboygan,WI,3.216,43.73871,-87.73153,gazetteer
68656,TA Express Williston,US-2 & US-85,Williston,ND,3.447,48.18950,-103.64912,gazetteer
68659,KWIK TRIP #659,"US-52, EXIT 56 & CR-22",Rochester,MN,3.549,44.01430,-92.47859,gazetteer
68663,LOVES TRAVEL STOP #474,US-85/US-2 & CR-6,Williston,ND,3.519,48.18950,-103.64912,gazetteer
68665,BIG D 14,"I-90, EXIT 46/US-14/SR-79",Piedmont,SD,3.137,44.21774,-103.37563,gazetteer
68671,CASEYS #2969,US-81 & RD F,Fairmont,NE,3.282,40.63355,-97.58495,gazetteer
68672,24 NORTH MOBIL,"I-495, EXIT 7A & SR-24, EXIT 14B",Bridgewater,MA,3.699,41.99038,-70.97504,gazetteer
68674,TEXACO,US-290 & SR-696,Elgin,TX,3.099,30.35438,-97.39140,gazetteer
68684,Rebecca Plantation Truck Plaza,"US-90, EXIT 200 & SR-311",Schriever,LA,2.999,29.72867,-90.83540,gazetteer
68685,QUICK FUEL #2403,"I-29/I-35/SR-71, EXIT 5B",Kansas City,MO,3.344,39.12515,-94.55031,gazetteer
68689,CHEVRON,"I-10, EXIT 59 & SR-395",Roanoke,LA,3.609,30.23553,-92.74814,gazetteer
68690,MARATHON,US-30 & SR-30,Mansfield,OH,3.499,40.76672,-82.53082,gazetteer
68691,BYRNE DAIRY #43,"I-81, EXIT 36 & SR-13",Pulaski,NY,4.099,43.56550,-76.12604,gazetteer
68692,DANDY MINI MART #57,SR-14,Horseheads,NY,3.899,42.16863,-76.82966,gazetteer
68693,SUPER STOPS,SR-70 & SR-308,Belle Rose,LA,3.499,30.04220,-91.04972,gazetteer
68696,STRIPES #40800,FM-351 & US-181,Beeville,TX,3.016,28.40524,-97.74893,gazetteer
68697,STRIPES #40915,"I-35, EXIT 8 & SR-20 & FM-1472",Laredo,TX,2.979,27.56038,-99.48918,gazetteer
68698,GAS N WASH,"I-80, EXIT 145 & SR-84",Mokena,IL,3.499,41.52986,-87.87771,gazetteer
68699,ORGANIC CONNECTION MOBIL,SR-997,Homestead,FL,3.344,25.46669,-80.44434,gazetteer
68701,SPEEDWAY #1421,US-45 & CR-74,Frankfort,IL,3.299,41.50702,-87.87097,gazetteer
68702,QUIKTRIP #1120,"I-85, EXIT 90 & SR-105",Gaffney,SC,3.191,35.07356,-81.66153,gazetteer
68708,LOVES TRAVEL STOP #476,"I-80, EXIT 292 & SR-130",Davenport,IA,3.862,41.55682,-90.60395,gazetteer
68716,ALLTOWN MARKETS #833,I-95 EXIT 41,Milford,CT,3.599,41.22232,-73.05650,gazetteer
68722,Pilot #140,US-40/US-191,Roosevelt,UT,3.759,40.28773,-109.98798,gazetteer
68730,KENT KWIK #315,SR-158 & FM-1788,Midland,TX,3.437,32.02464,-102.11347,gazetteer
68737,KWIK TRIP #691,"I-39, EXIT 161",Stevens Point,WI,3.559,44.52530,-89.55038,gazetteer
68738,CASEYS #2316,US-136/SR-5 & SR-5,Unionville,MO,3.214,40.47571,-93.00442,gazetteer
68740,Certified Oil #400352,US-20 & SR-510 & SR-101,Clyde,OH,3.379,41.30358,-82.97943,gazetteer
68741,COUNTY LINE TRUCK STOP,SR-22,Dickinson,ND,3.532,46.89278,-102.79596,gazetteer
68742,ARTESIA #401,SR-82 & SR-285,Artesia,NM,3.439,32.85217,-104.42457,gazetteer
68797,SPEEDWAY #1412,SR-43,Frankfort,IL,3.359,41.50702,-87.87097,gazetteer
68798,PILOT DEALER #1179,SR-189,Nogales,AZ,4.249,31.36193,-110.93482,gazetteer
68799,SHELL FOOD MART # 25,"I-20, EXIT 77 & SR-13",Morton,MS,3.199,32.34553,-89.65914,gazetteer
68801,7-ELEVEN #40574,US-281,Blanco,TX,3.399,30.09859,-98.41711,gazetteer
68803,SHELL,"I-45, EXIT 152",Madisonville,TX,3.182,30.95402,-95.90928,gazetteer
68806,SHELL,US-90,Westwego,LA,3.066,29.90536,-90.14355,gazetteer
68808,SPEEDWAY #4574,US-701,Loris,SC,3.269,34.05748,-78.88842,gazetteer
68813,SPEEDWAY #8741,"I-96, EXIT 86 & SR-100",Eagle,MI,3.789,42.80979,-84.79089,gazetteer
68814,TA HOLBROOK,"I-40/US-180, EXIT 283",Holbrook,AZ,3.656,34.90462,-110.16721,gazetteer
68815,LOVES TRAVEL STOP #471,"I-35, EXIT 127 & FM-471",Natalia,TX,3.203,29.18547,-98.85205,gazetteer
68821,Joe's Kwik Mart #473,CR-139,Lancaster,NY,3.659,42.90060,-78.66877,gazetteer
68822,CASEYS #3919,"I-35/US-50, EXIT 148 & SR-131",Lebo,KS,3.089,38.41618,-95.86248,gazetteer
68823,FRIENDS FOOD MART,SR-13,Mansfield,OH,4.199,40.76672,-82.53082,gazetteer
68824,EXPRESSWAY,SR-60 & CR-9,Heron Lake,MN,3.299,43.79806,-95.31978,gazetteer
68826,HIGHWAY SERVICE,US-44,Seekonk,MA,3.319,41.80843,-71.33700,gazetteer
68828,CIRCLE K #2721540,US-78 & SR-15,New Albany,MS,3.759,34.49229,-89.02172,gazetteer
68831,KWIK TRIP #896,SR-65 & CR-J,Minneapolis,MN,3.599,44.96332,-93.26832,gazetteer
68835,SPEEDWAY #7954,US-258/SR-24,Richlands,NC,3.324,34.90016,-77.54282,gazetteer
68836,Corner Market #160,US-60,Pampa,TX,3.399,35.54785,-100.96503,gazetteer
68839,CHOCTAW TRAVEL PLAZA #641,US-69/SR-43,Stringtown,OK,3.159,34.46960,-96.05552,gazetteer
68840,LOVES TRAVEL STOP #475,"I-20/US-84, EXIT 242 & FM-142",Sweetwater,TX,3.189,32.46939,-100.40865,gazetteer
68841,PILOT TRAVEL CENTER #575,"I-95, EXIT 1",Saint Marys,GA,3.599,30.75667,-81.57845,gazetteer
68843,PILOT #467,"I-37, EXIT 125",San Antonio,TX,3.399,29.46281,-98.52464,gazetteer
68845,PILOT TRAVEL CENTER #4651,"I-95, EXIT 4",Skippers,VA,3.799,36.61182,-77.54665,gazetteer
68847,CIRCLE K #2741553,US-190/US-183 & US-281,Lampasas,TX,2.759,31.06404,-98.18278,gazetteer
68848,CIRCLE K #2741328,"I-35, EXIT 328 & FM-2063",Hewitt,TX,2.866,31.45125,-97.19331,gazetteer
68849,Circle K #2706632,US-80/SR-8 & CR-480,Selma,AL,3.699,32.41698,-87.03570,gazetteer
68850,SPRINT MART #67,US-84/US-425,Vidalia,LA,3.082,31.56675,-91.44044,gazetteer
68856,KWIK N EZ #1,"I-40, EXIT 265",Checotah,OK,2.909,35.48244,-95.52282,gazetteer
68860,PETRO STOP #394,"I-35, EXIT 101 & FM-140",Pearsall,TX,3.536,28.89292,-99.09717,gazetteer
68861,KWIK TRIP #733,SR-76/SR-44,Caledonia,MN,3.491,43.63413,-91.50040,gazetteer
68864,QUICK FUEL #3190,"I-75, EXIT 68",Dayton,OH,3.677,39.78474,-84.19963,gazetteer
68865,QUICK FUEL #3192,"I-275, EXIT 42B & SR-747",Cincinnati,OH,3.252,39.14018,-84.50583,gazetteer
68868,PUMP & PANTRY #14,SR-92/SR-2,Broken Bow,NE,3.299,41.40519,-99.64076,gazetteer
68869,PUMP & PANTRY #4,SR-2 & SR-11,Cairo,NE,3.327,41.00478,-98.60055,gazetteer
68873,ONVO TRAVEL PLAZA - MOUNTAIN COBB,"I-84, EXIT 8",Lake Ariel,PA,3.586,41.45397,-75.38268,gazetteer
68874,QUIKTRIP #492,"I-10, EXIT 114 & SR-85",Buckeye,AZ,3.369,33.43157,-112.64163,gazetteer
68875,SHEETZ #512,"I-40, EXIT 203 & SR-66",Kernersville,NC,2.844,36.10617,-80.08190,gazetteer
68882,CAPITAL FUELS MYTON,US-40/191,Myton,UT,3.502,40.19326,-110.06251,gazetteer
68883,CBH TRAVEL CENTER,US-85,Belle Fourche,SD,3.299,44.66380,-103.85914,gazetteer
68885,FLYING J #488,"I-35, EXIT 69",Cotulla,TX,3.599,28.43638,-99.23671,gazetteer
68886,BEBO'S,SR-38,Kentwood,LA,3.016,30.93376,-90.51516,gazetteer
68888,Express Lane,"US-80, EXIT 33 & US-6/SR-78",Annawan,IL,3.299,41.39638,-89.89057,gazetteer
68890,Circle K #2741795,"I-430, EXIT 12 & SR-100",Maumelle,AR,3.186,34.85234,-92.40000,gazetteer
68891,LOVES TRAVEL STOP #480,I-40 EXIT 364,Lenoir City,TN,3.439,35.81584,-84.28302,gazetteer
68892,OLIVE EXXON,US-31,Holland,MI,3.799,42.76705,-86.09857,gazetteer
68893,J & H FAMILY STORE,"I-96, EXIT 52 & SR-50",Lowell,MI,3.789,42.93460,-85.34622,gazetteer
68894,ROCKFORD MOBIL MART,"US-131, EXIT 97",Rockford,MI,3.299,43.13697,-85.55452,gazetteer
68895,J & H FAMILY STORE #103,"I-196, EXIT 62",Hudsonville,MI,3.399,42.86337,-85.86221,gazetteer
68897,TA CARYVILLE,"I-75, EXIT 141",Pioneer,TN,3.007,36.41758,-84.31410,gazetteer
68899,XTRAMART,SR-9,Westborough,MA,3.649,42.26744,-71.61749,gazetteer
68900,DUCK THRU #41,US-17/SR-37,Hertford,NC,3.599,36.17685,-76.46655,gazetteer
68901,SPEEDWAY #1224,"SR-741 & I-71, EXIT 25",Mason,OH,3.159,39.36072,-84.29587,gazetteer
68902,CASEYS #3062,SR-281 & SR-160,Medicine Lodge,KS,3.114,37.28514,-98.58119,gazetteer
68903,BIG D KWIK SHOP,SR-59,Gillette,WY,3.379,44.27258,-105.49894,gazetteer
68907,QUIKTRIP #943,"I-35E, EXIT 405 & US-77",Waxahachie,TX,2.896,32.40248,-96.84449,gazetteer
68908,SPEEDWAY #1804,"I-270, EXIT 32 & I-71, EXIT 116",Columbus,OH,3.692,39.98394,-82.98488,gazetteer
68912,Chisholm Corner #13,"SR-19 & I-35, EXIT 72",Pauls Valley,OK,3.089,34.71021,-97.22403,gazetteer
68913,CASEYS #3263,"I-90, EXIT 43 & SR-60",Worthington,MN,3.142,43.62873,-95.59970,gazetteer
68915,PUMP & PANTRY #53,US-20,Jackson,NE,3.412,42.44817,-96.57130,gazetteer
68916,YESWAY #1075,"I-20, EXIT 278",Tye,TX,2.876,32.45222,-99.86654,gazetteer
68919,GULF MART 5150,"I-90 E, MM 117",Natick,MA,4.066,42.28343,-71.34950,gazetteer
68921,GAS N GO,US-341/SR-7 & SR-96/SR-49,Fort Valley,GA,3.182,32.55111,-83.87994,gazetteer
68924,KWIK TRIP #326,"I-90, EXIT 171 & US-51 & US-14",Janesville,WI,3.374,42.68470,-89.01317,gazetteer
68925,KWIK TRIP #874,"I-35, EXIT 132 & US-8",Chisago City,MN,3.327,45.37227,-92.91666,gazetteer
68926,KWIK TRIP #872,SR-26,Jefferson,WI,3.382,43.00395,-88.80847,gazetteer
68927,MARATHON,US-19 & SR-80,Rosedale,VA,3.749,36.95928,-81.93124,gazetteer
68928,PILOT TRAVEL CENTER #475,"I-40, EXIT 196 & SR-41",Moriarty,NM,3.244,35.00337,-106.04443,gazetteer
68929,SPEEDWAY #6953,"I-74/US-311, EXIT 65",High Point,NC,3.529,35.99080,-79.99271,gazetteer
68930,PILOT #4569,"I-95, EXIT 5",Hardeeville,SC,3.376,32.29531,-81.04098,gazetteer
68933,RUTTERS #23,US-30 & SR-462,Mountville,PA,3.979,40.04075,-76.43492,gazetteer
68935,JACKSONS FOOD STORES #144,I-84 & SR-55,Nampa,ID,3.899,43.58497,-116.56293,gazetteer
68936,AMOCO,US-421/SR-11 & SR-53,Burgaw,NC,3.599,34.55147,-77.92301,gazetteer
68937,LANTZ CORNERS MINI MART #255,US-6 & US-219,Kane,PA,3.716,41.66301,-78.80902,gazetteer
68938,TOOT N TOTUM #23,SR-136/207 & SR-152,Borger,TX,3.016,35.65944,-101.40236,gazetteer
68941,ALLTOWN MARKETS #2743,"US-3, EXIT 28",North Billerica,MA,3.682,42.58343,-71.28450,gazetteer
68946,FLYING J #97,"I-75, EXIT 64",Vandalia,OH,3.352,39.87898,-84.19222,gazetteer
68949,JOES KWIK MARTS #475,US-15 & SR-20,Orange,VA,3.332,38.24784,-78.11319,gazetteer
68950,KWIK TRIP #608,US-52 & SR-30,Chatfield,MN,3.482,43.84446,-92.18285,gazetteer
68951,KWIK TRIP #313,US-10 & SR-73,Neillsville,WI,3.339,44.56032,-90.59078,gazetteer
68952,MAVERIK COUNTRY STORE #425,"I-84, EXIT 376, US-30/US-95",Fruitland,ID,3.366,44.01680,-116.92070,gazetteer
68956,SPEEDWAY #4533,"US-18/US-12, EXIT 146",Madison,WI,3.599,43.08781,-89.42986,gazetteer
68957,TA EXPRESS #6259,US-85/SR-200,Alexander,ND,3.526,47.83806,-103.64320,gazetteer
68959,SPEEDWAY #5215,"I-70, EXIT 66 & SR-54",South Vienna,OH,3.159,39.92932,-83.61393,gazetteer
68960,MAVERIK COUNTRY STORE #484,"I-15/84, EXIT 343 & SR-126",Ogden,UT,3.392,41.22839,-111.96815,gazetteer
68964,JIFFY TRIP #201,US-64/SR-58,Cherokee,OK,3.269,36.75069,-98.35767,gazetteer
68969,MAVERIK COUNTRY STORE #474,"I-80, EXIT 115, CR-154",Salt Lake City,UT,3.389,40.77693,-111.93099,gazetteer
68971,FLYING J #580,"I-20, EXIT 121",Odessa,TX,3.566,31.88046,-102.34531,gazetteer
68972,SUNOCO CLARA BARTON PLAZA #7005,NJTP MM 5 SB,Penns Grove,NJ,3.899,39.72770,-75.46904,gazetteer
68974,STRIPES #40801,US-181 & SR-123 & CR-347,Karnes City,TX,3.174,28.88541,-97.90050,gazetteer
68976,MAVERIK COUNTRY STORE #453,"I-80, EXIT 223 & SR-305",Battle Mountain,NV,3.389,40.62837,-116.94855,gazetteer
68977,MAVERIK COUNTRY STORE #444,US-491 & US-666,Monticello,UT,3.489,37.86853,-109.33620,gazetteer
68978,MAVERIK COUNTRY STORE #287,"I-84, EXIT 36 & US-30",Nampa,ID,3.386,43.58497,-116.56293,gazetteer
68979,MAVERIK COUNTRY STORE #478,"I-40, EXIT 286 & SR-77",Holbrook,AZ,3.224,34.90462,-110.16721,gazetteer
68981,PETRO-CARD 24 #910450,US-63 & US-36,Macon,MO,3.239,39.74223,-92.47055,gazetteer
68982,SHELL,US-23,Grand Blanc,MI,3.799,42.93254,-83.62049,gazetteer
68985,LOVES TRAVEL STOP #500,"I-35, EXIT 106",Eagleville,MO,3.789,40.46872,-93.98596,gazetteer
68987,STRIPES #40535,I-35,Cotulla,TX,3.339,28.43638,-99.23671,gazetteer
68989,QUARLES #4907,SR-166,Norfolk,VA,3.809,36.92301,-76.24464,gazetteer
68990,LOVES TRAVEL STOP #490,"I-24, EXIT 158",Jasper,TN,3.252,35.06826,-85.62116,gazetteer
68991,LOVES TRAVEL STOP #514,"I-90/US-395, EXIT 221 & SR-261",Ritzville,WA,3.919,47.12304,-118.37533,gazetteer
68992,SHORT STOP #24,US-24,Saint Marys,KS,2.967,39.19417,-96.06417,gazetteer
68993,SHORT STOP #22,SR-15,Clay Center,KS,2.972,39.38118,-97.12737,gazetteer
68994,SHORT STOP #25,US-36 & SR-15,Washington,KS,2.902,39.81580,-97.04842,gazetteer
68995,ALLTOWN MARKETS #839,"I-95, EXIT 10",Darien,CT,3.832,41.07871,-73.46929,gazetteer
68996,BLU / DRIVEN FUELS,"I-15, EXIT 113",Idaho Falls,ID,3.479,43.48962,-112.03534,gazetteer
69002,KWIK TRIP #863,US-10,Stevens Point,WI,3.584,44.52530,-89.55038,gazetteer
69004,Maplefields,HWY 9 N & ROUTE 22,Ticonderoga,NY,3.749,43.84234,-73.42303,gazetteer
69005,SPEEDWAY #1017,"I-70, EXIT 186 & SR-285",Lore City,OH,3.232,39.98320,-81.46008,gazetteer
69007,SPEEDWAY #7136,US-41 & US-70,Nashville,TN,3.242,36.16589,-86.78444,gazetteer
69008,SPEEDWAY #7137,SR-42 & SR-111,Cookeville,TN,3.077,36.14693,-85.51265,gazetteer
69009,PILOT #1140,US-287,Rhome,TX,3.176,33.07890,-97.49320,gazetteer
69010,PILOT TRAVEL CENTER #1023,US-69 & US-59/SR-287,Lufkin,TX,3.659,31.32290,-94.72903,gazetteer
69013,SPEEDWAY #7124,US-231/SR-10,Lebanon,TN,3.024,36.19938,-86.34463,gazetteer
69014,SPEEDWAY #4100,"I-94, EXIT 308 & US-41",Milwaukee,WI,3.599,43.06335,-87.96670,gazetteer
69015,Joe's Kwik Mart,"I-75, EXIT 7 & US-11 & US-64",Chattanooga,TN,3.149,35.06596,-85.24839,gazetteer
69016,SPEEDWAY #7606,"I-75, EXIT 25",Corbin,KY,3.519,36.93158,-84.10079,gazetteer
69017,SHELL,US-71 & SR-511,Bossier City,LA,2.999,32.52367,-93.65543,gazetteer
69021,SWEET CRUDE TRAVEL CENTER,HWY 85 & SR 200,Grassy Butte,ND,3.641,47.39251,-103.24797,gazetteer
69027,SPINX #134 (DISCOUNT AVAILABLE),SR-55 & 418,Simpsonville,SC,3.066,34.72854,-82.25638,gazetteer
69028,LOVES TRAVEL STOP #427,"I-75, EXIT 51",Dayton,OH,3.319,39.78474,-84.19963,gazetteer
69029,LOVES TRAVEL STOP #461,"I-70, EXIT 246A",Saint Louis,MO,3.114,38.63570,-90.24458,gazetteer
69030,LOVES TRAVEL STOP #424,"I-20, EXIT 51",Lexington,SC,3.407,33.99288,-81.22180,gazetteer
69031,LOVES TRAVEL STOP #492,"I-20, EXIT 42 & US-285",Pecos,TX,3.449,31.42291,-103.49323,gazetteer
69036,REFUEL #1038,US-15 & SR-151,Hartsville,SC,3.366,34.36600,-80.08326,gazetteer
69037,CIRCLE K #2723192,US-64 & US-421,Siler City,NC,2.949,35.72707,-79.46366,gazetteer
69038,REFUEL #1028,US-421/US-52 & US-15,Society Hill,SC,3.399,34.50982,-79.85353,gazetteer
69041,SPEEDWAY #7960,US-258/US-13,Farmville,NC,2.899,35.59503,-77.59062,gazetteer
69042,Joes Kwik Mart #7012,US-17/701,Georgetown,SC,2.999,33.37243,-79.28079,gazetteer
69043,KWIK TRIP #204,"US-51, EXIT 188",Wausau,WI,3.332,44.96177,-89.64654,gazetteer
69046,SPEEDWAY #6303,"I-96, EXIT 4 & US-31",Muskegon,MI,3.279,43.22654,-86.25725,gazetteer
69047,SPEEDWAY #7461,I-294 & SR-50/SR-31,Alsip,IL,3.219,41.67027,-87.73708,gazetteer
69048,QUICK FUEL #2104,"I-74, EXIT 11",Indianapolis,IN,3.662,39.76838,-86.15804,gazetteer
69049,CIRCLE K #2741787,"I-440, EXIT 7 & US-165",North Little Rock,AR,3.369,34.78175,-92.23506,gazetteer
69051,PILOT TRAVEL CENTER #1225,"I-64, EXIT 23 & SR-4",Mascoutah,IL,3.799,38.51812,-89.80004,gazetteer
69052,PILOT DEALER #1193,US-93,Wikieup,AZ,3.839,34.69303,-113.59950,gazetteer
69053,PILOT #1192,US-60,Wittmann,AZ,4.899,33.77496,-112.52509,gazetteer
69055,PILOT DEALER #1058,US-301 & SR-200,Waldo,FL,3.799,29.79204,-82.16693,gazetteer
69057,MACH ONE FOOD SHOP #18,US-45/SR-15,Fairfield,IL,3.729,38.38063,-88.37252,gazetteer
69058,FOOD N FUEL,SR-53,Joliet,IL,3.499,41.51687,-88.14796,gazetteer
69059,LOVES TRAVEL STOP #530,"I-20, EXIT 147",Moody,AL,3.176,33.60343,-86.49379,gazetteer
69061,SPINX #125 (DISCOUNT AVAILABLE),US-25 & SR-331,Piedmont,SC,3.066,34.70562,-82.46675,gazetteer
69064,DUCK THRU #7,US-258,Rich Square,NC,3.699,36.27394,-77.28391,gazetteer
69067,AP FUEL STOP,"I-75, EXIT 120",Lima,OH,3.081,40.74068,-84.11209,gazetteer
69069,SPINX #179 (DISCOUNT AVAILABLE),SR-291,Greenville,SC,3.799,34.83690,-82.36300,gazetteer
69073,LOVES TRAVEL CENTER #518,"I-15, EXIT 260 & SR-77",Springville,UT,3.689,40.16427,-111.61952,gazetteer
69076,A PLUS MINI MARKET,"I-95, MM 82",Aberdeen,MD,3.832,39.51640,-76.17452,gazetteer
69078,PILOT #559,"I-20, EXIT 178",Big Spring,TX,3.659,32.23834,-101.48574,gazetteer
69079,Circle K #2746432,SR-2,Stanley,ND,3.549,48.31378,-102.39732,gazetteer
69084,TIGER MART #79,SR-287 & FM-664,Waxahachie,TX,2.849,32.40248,-96.84449,gazetteer
69085,FATDOGS OGALLALA,"US-80, EXIT 126 & US-26/SR-61",Ogallala,NE,3.014,41.12960,-101.72068,gazetteer
69088,SPEEDWAY #3478,US-9 & SR-184,Perth Amboy,NJ,3.419,40.52016,-74.27133,gazetteer
69091,SPEEDWAY #6670,US-36/SR-67,Indianapolis,IN,3.229,39.76838,-86.15804,gazetteer
69095,JACKSONS FOOD STORE #23,"SR-395, EXIT 78",Reno,NV,3.999,39.54910,-119.84991,gazetteer
69096,SPEEDWAY #2907,US-62 & SR-18,Hermitage,PA,3.937,41.22955,-80.44070,gazetteer
69097,CIRCLE K #2741192,"I-30, EXIT 42B & SR-180",Dallas,TX,2.899,32.79333,-96.76651,gazetteer
69098,CIRCLE K #2741318,SR-285 & CR-160,Dripping Springs,TX,3.049,30.19594,-98.09370,gazetteer
69099,LOVES TRAVEL STOP #523,"I-10, EXIT 92",Rayne,LA,3.149,30.24051,-92.26734,gazetteer
69100,DADS NORTH YELLOWSTONE,US-26,Idaho Falls,ID,3.599,43.48962,-112.03534,gazetteer
69101,BROMPTON VALERO,"I-20, EXIT 147 WEST",Moody,AL,3.122,33.60343,-86.49379,gazetteer
69102,CIRCLE K #4701445,"I-57, EXIT 250 & US-36",Rantoul,IL,3.599,40.30256,-88.15488,gazetteer
69103,LOVES TRAVEL STOP #539,US-385 & FM-1910,Andrews,TX,3.689,32.32134,-102.55185,gazetteer
69104,QUIKTRIP #970,SR-12 & SR-180,Dallas,TX,2.976,32.79333,-96.76651,gazetteer
69106,SPINX #201,"I-185, EXIT 1A, I-385, EXIT 30",Simpsonville,SC,2.966,34.72854,-82.25638,gazetteer
69109,SHEETZ #497,"I-99, EXIT 15 & US-220 (BUSINESS)",Claysburg,PA,3.644,40.29145,-78.45142,gazetteer
69110,SHEETZ #498,US-22/US-119,Blairsville,PA,3.527,40.43249,-79.25988,gazetteer
69112,LOVES TRAVEL STOP #529,"I-39, EXIT 54",Oglesby,IL,3.389,41.29321,-89.07104,gazetteer
69115,BP,"I-90, EXIT 387/CR-151",Hartford,SD,2.977,43.62146,-96.93487,gazetteer
69117,SPEEDWAY #6395,US-24 & SR-64,Waterville,OH,3.699,41.50197,-83.73685,gazetteer
69119,CIRCLE K #2741217,"I-24, EXIT 242 & US-550/SR-24",Bernalillo,NM,3.526,35.31236,-106.55410,gazetteer
69122,DOUBLE QUICK #61,US-82,Leland,MS,3.299,33.40483,-90.89092,gazetteer
69123,LATTA TRAVEL STOP,SR-1,Ada,OK,3.107,34.76791,-96.66911,gazetteer
69124,LOVES TRAVEL STOP #467,"I-95, EXIT 131 & SR-68",Fort Pierce,FL,3.506,27.42611,-80.34249,gazetteer
69125,TA BROOKLYN,"I-80, EXIT 197",Brooklyn,IA,3.819,41.73205,-92.44498,gazetteer
69127,TALL TIMBERS TRUCK STOP,"I-55, EXIT 46 & SR-16",Amite,LA,2.999,30.72657,-90.50898,gazetteer
69128,BEACON & BRIDGE #34,"US-127, EXIT 194 & SR-55",Houghton Lake,MI,3.399,44.30107,-84.74986,gazetteer
69133,PILOT TRAVEL CENTERS #557,US-180 & US-62,Hobbs,NM,3.729,32.72909,-103.16059,gazetteer
69134,LOVES TRAVEL STOP #486,"I-40 & US-270, EXIT 166",Choctaw,OK,3.337,35.48498,-97.26994,gazetteer
69135,SPEEDWAY #8013,"I-70, EXIT 21",Brookville,OH,3.341,39.83901,-84.41628,gazetteer
69137,CIRCLE K #2741564,"I-35/US-77, EXIT 338B",Waco,TX,2.889,31.55799,-97.18975,gazetteer
69139,CIRCLE K #2741545,SR-72 & US-87,Cuero,TX,3.099,29.10273,-97.28709,gazetteer
69141,LOVES TRAVEL STOP #558,US-283 & US-400/US-56,Dodge City,KS,3.789,37.76067,-100.01786,gazetteer
69142,LOVES TRAVEL STOP #517,"I-70, EXIT 26 & US-50/6",Grand Junction,CO,3.989,39.08906,-108.56745,gazetteer
69143,MACH 1 #21,US-45 & SR-34,Harrisburg,IL,3.689,37.73772,-88.54582,gazetteer
69144,STRIPES 7FLEET #42530,SR-71 & SR-16,Llano,TX,3.232,30.75101,-98.67652,gazetteer
69145,SPEEDWAY #9561,"I-77, EXIT 132",Ripley,WV,3.499,38.82162,-81.70931,gazetteer
69146,DRUMS FUEL STOP,I-80 EXIT 262,Drums,PA,3.569,41.01814,-75.99493,gazetteer
69149,BLU STATION- LAMAR AVE,"I-240, EXIT 30",Memphis,TN,2.969,35.10916,-89.96851,gazetteer
69150,BLU STATION,"I-70, EXIT 66 & SR-267",Plainfield,IN,3.479,39.69319,-86.37198,gazetteer
69151,PILOT #592,"I-70, EXIT 26 & US-50",Grand Junction,CO,3.999,39.08906,-108.56745,gazetteer
69152,LOVES TRAVEL STOP #557,"US-64/167, EXIT 44 & SR-367",Searcy,AR,3.362,35.24113,-91.73522,gazetteer
69153,Pilot Travel Center #1550,"I-65, EXIT 304 & SR-69/CR-437",Cullman,AL,3.859,34.17687,-86.84066,gazetteer
69156,BLU STATION,"I-55, EXIT 5A",Memphis,TN,2.969,35.10916,-89.96851,gazetteer
69159,EXXON,US-15 & SR-49,Lawrenceville,PA,3.699,41.99614,-77.13039,gazetteer
69162,Shell,US-20 & SR-15,Goshen,IN,3.549,41.57388,-85.82999,gazetteer
69163,CUBBYS #406,"I-229, EXIT 9 & SR-115",Sioux Falls,SD,3.099,43.54070,-96.73196,gazetteer
69164,CIRCLE K #2741557,US-190 & SR-195 & SR-3470,Killeen,TX,2.762,31.07767,-97.73195,gazetteer
69165,EL TIPI QUICK STOP,US-283 & SR-15,Shattuck,OK,3.232,36.26497,-99.87743,gazetteer
69167,HOBO TRUCK STOP 2,US-50/400 & US-83,Garden City,KS,3.399,37.97588,-100.85088,gazetteer
69168,STRIPES 7FLEET #42470,I-20 EXIT 324 & CR-134,Cisco,TX,3.127,32.38743,-98.98192,gazetteer
69169,LAMBOS #5,"I-57, EXIT 212 & SR-36/CR-950",Tuscola,IL,3.229,39.79591,-88.27548,gazetteer
69170,SPEEDWAY #9381,US-50 & SR-14,Parkersburg,WV,3.464,39.26128,-81.54335,gazetteer
69171,KWIK STAR #215,US-61,Davenport,IA,3.649,41.55682,-90.60395,gazetteer
69172,KWIK TRIP #210,"US-53, EXIT 90",Eau Claire,WI,3.407,44.81834,-91.49477,gazetteer
69173,KWIK TRIP #231,US-61 & SR-310,Boscobel,WI,3.474,43.14713,-90.70514,gazetteer
69174,KWIK TRIP #860,SR-17,Rhinelander,WI,3.452,45.63428,-89.42995,gazetteer
69175,KWIK TRIP #854,US-212 & CR-33,Norwood Young America,MN,3.674,44.77211,-93.91729,gazetteer
69176,FLYING J TRAVEL PLAZA #1015- TOWN PUMP,SR-200/SR-16 & CR-123,Sidney,MT,3.384,47.71546,-104.16716,gazetteer
69177,LOVES TRAVEL STOP #426,"I-80, EXIT 34",Shelby,IA,3.649,41.50557,-95.44936,gazetteer
69178,LOVES TRAVEL STOP #495,"I-75, EXIT 143 & CR-78",North Fort Myers,FL,3.789,26.71796,-81.84581,gazetteer
69182,XtraMart #1513,"I-87, EXIT 10 & US-9",Clifton Park,NY,3.899,42.86563,-73.77095,gazetteer
69183,SPEEDWAY #7611,"I-71, EXIT 65 & SR-435",Jeffersonville,OH,3.229,39.65344,-83.55156,gazetteer
69185,LOVES TRAVEL STOP #560,US-258 & US-58,Franklin,VA,3.889,36.68401,-76.94140,gazetteer
69186,LOVES TRAVEL STOP #551,US-20 & CR-127,Angola,IN,3.889,41.64109,-85.01097,gazetteer
69187,LOVES TRAVEL STOP #559,US-82 & US-49,Indianola,MS,3.316,33.44890,-90.64375,gazetteer
69188,PILOT TRAVEL CENTER #1013-TOWN PUMP,"I-90, EXIT 298",Belgrade,MT,3.631,45.77866,-111.17715,gazetteer
69189,LOVES TRAVEL STOP #542,"I-10, EXIT 261/US-67 & I-10 BUS",Fort Stockton,TX,3.649,30.89257,-102.88421,gazetteer
69190,LOVES TRAVEL STOP #561,"I-10, EXIT 70 & US-90 & SR-285",Defuniak Springs,FL,3.609,30.70613,-86.11857,gazetteer
69193,Certified Oil #400305,SR-2 & SR-7,New Martinsville,WV,3.317,39.64555,-80.86267,gazetteer
69194,CHESAPEAKE HOUSE SUNOCO,"I-95, EXIT 97",North East,MD,3.832,39.60804,-75.94165,gazetteer
69200,BECKS EXPRESS MART #22,"I-55, EXIT 126",Lincoln,IL,3.299,40.15068,-89.37027,gazetteer
69201,CASEYS #3654,SR-210,Brainerd,MN,3.446,46.35527,-94.19837,gazetteer
69203,SPEEDWAY #1414,US-45,Mokena,IL,3.339,41.52986,-87.87771,gazetteer
69207,CIRCLE K #2705988,"I-10, EXIT 209A & US-90/SR-10",Tallahassee,FL,3.619,30.45353,-84.25227,gazetteer
69211,KWIK TRIP #213,"I-35/US-61, EXIT 139 & CR-19",Stacy,MN,3.377,45.42304,-92.97032,gazetteer
69213,Circle K #2741498,SR-72 & SR-16,Tilden,TX,3.199,28.45986,-98.54868,gazetteer
69214,MAVERIK #5031,"I-70, EXIT 90 & US-24",Rifle,CO,3.462,39.53757,-107.77034,gazetteer
69215,GASWAY,US-1,North Brunswick,NJ,3.159,40.45400,-74.48200,gazetteer
69217,Circle K #4705624,"I-76, EXIT 2 & US-224",Seville,OH,3.066,41.02073,-81.86714,gazetteer
69218,DANDY MINI MART #58,"I-86, EXIT 41 & US-17/15",Campbell,NY,3.899,42.23504,-77.19369,gazetteer
69220,CIRCLE K #2705097,"I-275, EXIT 2 & US-41",Palmetto,FL,3.699,27.52505,-82.57496,gazetteer
69221,PILOT TRAVEL CENTER #483,"I-80, EXIT 112 & SR-47",Morris,IL,3.799,41.38023,-88.42433,gazetteer
69222,PILOT TRAVEL CENTERS #1003,US-287 & US-283,Childress,TX,3.799,34.43545,-100.28238,gazetteer
69223,LOVES TRAVEL STOP #566,"US-231/CR-53, EXIT 12",Ozark,AL,3.989,31.45162,-85.64503,gazetteer
69226,STRIPES #40812,US-77,Odem,TX,3.199,27.94624,-97.58752,gazetteer
69228,QUIKTRIP #993,"I-20, EXIT 501 & SR-34",Terrell,TX,2.871,32.72583,-96.29800,gazetteer
69229,SPEEDWAY #7154,"I-40, EXIT 87 & US-70",Jackson,TN,3.399,35.65417,-88.83534,gazetteer
69230,JOES KWIK MARTS #6013,SR-16 & SR-73,Denver,NC,3.189,35.54555,-81.04471,gazetteer
69233,PILOT TRAVEL CENTER #597,US-23 & US-50,Chillicothe,OH,3.799,39.34050,-82.99610,gazetteer
69234,KWIK TRIP #220,US-53/SR-194,Duluth,MN,3.499,46.77446,-92.13414,gazetteer
69235,KWIK TRIP #203,US-2 & SR-35,Superior,WI,3.339,46.69212,-92.08036,gazetteer
69236,KWIK TRIP #225,SR-54/SR-55,Seymour,WI,3.391,44.51442,-88.32734,gazetteer
69237,KWIK TRIP #239,"I-43, EXIT 50 & SR-164",Big Bend,WI,3.332,42.88390,-88.20360,gazetteer
69238,KWIK TRIP #242,"US-41, EXIT 97",Fond Du Lac,WI,3.341,43.77218,-88.44026,gazetteer
69239,LOVES TRAVEL STOP #580,SR-20/157 & SR-133,Tuscumbia,AL,3.849,34.71850,-87.70259,gazetteer
69245,SPEEDWAY #7946,SR-24,Newport,NC,3.699,34.77070,-76.87908,gazetteer
69250,MAVERIK #5150,"I-25, EXIT 278 & SR-1",Wellington,CO,3.199,40.70070,-105.00570,gazetteer
69252,SPEEDWAY #6977,SR-96,Youngsville,NC,2.952,36.03507,-78.48165,gazetteer
69255,THE LANDING,US-82,Greenwood,MS,3.199,33.51246,-90.19896,gazetteer
69258,TEX-BEST #525,"I-37, EXIT 109 & SR-97",Pleasanton,TX,3.099,28.96421,-98.49569,gazetteer
69259,SPEEDWAY #7162,US-74/SR-311,Cleveland,TN,3.449,35.18004,-84.87129,gazetteer
69263,LOVES TRAVEL STOP #564,US-82 & SR-50 & SR-12,Columbus,MS,3.249,33.50821,-88.40713,gazetteer
69288,KWIK STAR #207,"US-61, EXIT 311B & US-30",De Witt,IA,3.624,41.82271,-90.54409,gazetteer
69289,KWIK TRIP #224,"I-35, EXIT 254",Duluth,MN,3.499,46.77446,-92.13414,gazetteer
69290,LOVES TRAVEL STOP #587,"I-41/US-45, EXIT 97",Fond Du Lac,WI,3.446,43.77218,-88.44026,gazetteer
69294,KWIK TRIP #317,"I-90, EXIT 28 & SR-16",Sparta,WI,3.242,43.93825,-90.81270,gazetteer
69296,KWIK TRIP #234,"I-35, EXIT 239",Cloquet,MN,3.319,46.72507,-92.50133,gazetteer
69297,KWIK TRIP #241,"US-51, EXIT 208 & SR-64",Merrill,WI,3.407,45.18064,-89.70034,gazetteer
69299,SPEEDWAY #7912,US-421/SR-16,Wilkesboro,NC,3.134,36.14243,-81.17690,gazetteer
69300,SPEEDWAY #8262,SR-306 & SR-55,Grantsboro,NC,3.441,35.14487,-76.84468,gazetteer
69301,SPEEDWAY #6969,US-264 & SR-99,Belhaven,NC,3.197,35.54296,-76.62311,gazetteer
69305,ROAD RANGER #268,"I-64, EXIT 130 & SR-1",Grayville,IL,3.799,38.25514,-87.99693,gazetteer
69306,PILOT TRAVEL CENTER #500,"I-75, EXIT 460 & SR-6",Jasper,FL,3.369,30.45594,-82.93421,gazetteer
69307,LOVES TRAVEL STOP #578,I-55 EXIT 30 & SR-140,Hamel,IL,3.419,38.89246,-89.83873,gazetteer
69308,LOVES TRAVEL STOP #535,SR-283,Middletown,PA,3.759,40.64401,-75.32458,gazetteer
69309,PILOT TRAVEL CENTER #1012,"US-218, EXIT 42B & US-34",Mount Pleasant,IA,3.566,40.96220,-91.54716,gazetteer
69310,PILOT TRAVEL CENTER #1006,"I-10, EXIT 456 & US-377",Junction,TX,3.599,30.49076,-99.77322,gazetteer
69311,GOLDEN GATE TRUCKSTOP HAWTHORNE,US-95/SR-362,Hawthorne,NV,4.079,38.52527,-118.62603,gazetteer
69312,ONVO TRAVEL PLAZA - DUNCANNON,US-11/15,Duncannon,PA,3.552,40.39518,-77.02773,gazetteer
69313,PETERSONS DIESEL FUELING,"I-5, EXIT 156",Seattle,WA,4.399,47.61933,-122.35154,gazetteer
69314,Circle K #4706799,"I-55, EXIT 283 & SR-43",Bridgeview,IL,3.919,41.74028,-87.80668,gazetteer
69318,FUEL ONE,US-9 & SR-35,Avenel,NJ,3.372,40.58433,-74.27163,gazetteer
69319,SPEEDWAY #8190,US-117/13 BYP S,Goldsboro,NC,3.599,35.37823,-77.97187,gazetteer
69321,CIRCLE K #2741546,US-90,Gonzales,TX,2.876,29.51255,-97.44720,gazetteer
69322,SHELL SERVICE STATION,"I-10, EXIT 828 & SR-73",Winnie,TX,3.232,29.81672,-94.38067,gazetteer
69324,CIRCLE K #4707006,"I-95, EXIT 302 & US-1",Houlton,ME,3.899,46.12145,-67.83221,gazetteer
69330,KWIK TRIP #292,"I-43, EXIT 183",Green Bay,WI,3.391,44.52154,-87.98657,gazetteer
69333,SPEEDWAY #3578,"US-131, EXIT 64",Wayland,MI,3.499,42.67308,-85.64173,gazetteer
69336,SPEEDWAY #7148,"I-40, EXIT 232 & SR-109",Lebanon,TN,2.922,36.19938,-86.34463,gazetteer
69338,SPEEDWAY #6139,US-30 & SR-13,Pierceton,IN,3.729,41.19927,-85.70312,gazetteer
69339,SPEEDWAY #9383,"I-75, EXIT 29 & SR-63",Monroe,OH,3.202,39.44599,-84.36577,gazetteer
69341,CIRCLE K #2741067,"I-410/US-281, EXIT 41",San Antonio,TX,2.899,29.46281,-98.52464,gazetteer
69342,WARREN OIL,"I-90, EXIT 3 & US-41 & SR-912",Hammond,IN,3.439,41.61874,-87.49495,gazetteer
69344,CIRCLE K #2741078,SR-97 & SR-123,Stockdale,TX,3.079,29.23597,-97.96389,gazetteer
69345,RUTTERS #20,"I-76, EXIT 247 & I-283, EXIT 1A",Middletown,PA,3.822,40.64401,-75.32458,gazetteer
69346,D AND C FUEL SALES,US-6 & CR-4019,Tunkhannock,PA,3.699,41.54108,-75.94906,gazetteer
69353,SPEEDWAY #2910,"I-79, EXIT 55",Pittsburgh,PA,3.909,40.43994,-79.97568,gazetteer
69354,CIRCLE K #4702411,US-36,Danville,IN,3.789,39.75881,-86.49528,gazetteer
69362,HART MARATHON,US-31,Hart,MI,3.449,43.69662,-86.36727,gazetteer
69365,Circle K #4703911,SR-109 & SR-52,Portland,TN,2.959,36.59749,-86.52662,gazetteer
69369,SPEEDWAY #2912,SR-65,Baden,PA,3.912,40.63970,-80.22254,gazetteer
69374,7-ELEVEN #40558,SR-6 & CR-185,Woodway,TX,2.986,31.49833,-97.23079,gazetteer
69377,CIRCLE K #4705628,SR-21 & SR-585,Barberton,OH,3.582,41.00690,-81.60439,gazetteer
69379,Kum & Go #0535,US-6 & US-65,Des Moines,IA,2.987,41.57259,-93.61024,gazetteer
69380,CASEYS #2967,SR-43 & SR-2,Bennet,NE,3.229,40.68173,-96.50393,gazetteer
69384,KWIK TRIP #209,"US-41, EXIT 148 & SR-55",Kaukauna,WI,3.369,44.27775,-88.26513,gazetteer
69392,LOVES TRAVEL STOP #600,"I-69, EXIT 214",Pendleton,IN,3.576,40.00851,-85.76081,gazetteer
69393,LOVES TRAVEL STOP #594,US-35 & SR-850,Bidwell,OH,3.849,38.92094,-82.28539,gazetteer
69394,SPEEDWAY #3424,"I-75, EXIT 73 & SR-55",Troy,OH,3.136,40.04101,-84.22235,gazetteer
69395,SPEEDWAY #3766,US-52,Indianapolis,IN,3.599,39.76838,-86.15804,gazetteer
69396,SPEEDWAY #7158,"I-40, EXIT 320 & SR-98",Crossville,TN,3.072,35.95342,-85.03025,gazetteer
69397,SPEEDWAY #7163,"I-40/US-412, EXIT 85",Jackson,TN,3.349,35.65417,-88.83534,gazetteer
69398,SPEEDWAY #7114,"I-75, EXIT 4, SR-153, EXIT 1 & US-64/US-11",Chattanooga,TN,3.082,35.06596,-85.24839,gazetteer
69399,SPEEDWAY #7147,"I-75, EXIT 49 & SR-30",Athens,TN,3.349,35.45681,-84.60452,gazetteer
69400,CASEYS #4411,US-641 & SR-58,Benton,KY,3.199,36.84800,-88.36165,gazetteer
69401,CASEYS #3205,"I-29, EXIT 47 & US-275/SR-92",Council Bluffs,IA,3.599,41.23599,-95.85316,gazetteer
69402,SHELL,"I-71, EXIT 151 & SR-95",Mount Gilead,OH,3.759,40.55405,-82.82790,gazetteer
69403,SHORTYS ONE STOP,US-83/12/SR-20,Selby,SD,3.089,45.50573,-100.03290,gazetteer
69405,FLYING J #551,"I-20, EXIT 330 & SR-206",Cisco,TX,3.142,32.38743,-98.98192,gazetteer
69407,Cenex,US-14/CR-812 & US-83,Blunt,SD,3.102,44.51594,-99.98856,gazetteer
69410,LOVES TRAVEL STOP #602,"I-90, EXIT 67B",Box Elder,SD,3.989,44.11094,-103.08107,gazetteer
69412,CIRCLE K #4705724,US-127 & CR-144,Paulding,OH,3.699,41.14266,-84.58266,gazetteer
69413,ASAP GENERAL STORE #300,"I-40, EXIT 66 & US-183",Clinton,OK,3.149,35.50710,-98.97050,gazetteer
69414,FLEX MARKET,"I-65 EXIT20, US-31 W EXIT 4",Bowling Green,KY,2.999,36.97683,-86.43366,gazetteer
69416,CIRCLE K #2740541,HWY 90,Roans Prairie,TX,3.072,30.58437,-95.94384,gazetteer
69417,LOVLEN FOODS,US-58 & SR-615,Drewryville,VA,3.049,36.71571,-77.30636,gazetteer
69421,CIRCLE K #2741257,"I-10, EXIT 19B",El Paso,TX,2.916,31.84778,-106.43111,gazetteer
69423,FAST MARKET #4574,SR-375 & CR-258,El Paso,TX,2.906,31.84778,-106.43111,gazetteer
69425,5R TRAVEL CENTER,"I-10, US HWY 180, EXIT 82A",Deming,NM,3.049,32.26308,-107.75249,gazetteer
69426,LOVES TRAVEL STOP #553,"I-40 E, EXIT 163",Williams,AZ,3.596,35.24664,-112.18330,gazetteer
69434,CIRCLE K #2741559,US-281 & SR-29,Burnet,TX,2.916,30.75060,-98.23823,gazetteer
69436,CIRCLE K #2741077,SR-97 & CR-433,Pleasanton,TX,2.949,28.96421,-98.49569,gazetteer
69437,CountryMark,SR-66,Evansville,IN,3.699,37.98774,-87.53471,gazetteer
69438,LOVES TRAVEL STOP #585,"I-49/US-71, EXIT 27 & SR-86",Neosho,MO,3.397,36.84546,-94.37644,gazetteer
69439,LOVES TRAVEL STOP #608,"I-135, EXIT 60 & US-56",Mcpherson,KS,3.324,38.36988,-97.66452,gazetteer
69440,LOVES TRAVEL STOP #592,US-24 & SR-101,Woodburn,IN,3.849,41.12811,-84.85051,gazetteer
69441,LOVES TRAVEL STOP #610,"I-20, EXIT 307 & US-283",Baird,TX,3.107,32.39607,-99.39599,gazetteer
69442,Eagle #51,US-83 & FM-1917,Carrizo Springs,TX,3.279,28.52584,-99.85926,gazetteer
69446,SUPER SAVE #4,SR-33 & SR-15,Farmerville,LA,3.479,32.77511,-92.40052,gazetteer
69448,STRIPES #42525,"I-27/US-87, EXIT 2",Lubbock,TX,2.957,33.56190,-101.88888,gazetteer
69451,LOVES TRAVEL STOP #603,I-95 EXIT 366 AT PECAN PARK RD,Jacksonville,FL,3.399,30.33686,-81.66160,gazetteer
69452,DANDY MINI MART #5,HWY 6,Towanda,PA,3.999,41.77094,-76.44650,gazetteer
69453,7-ELEVEN #41033,US-69,Woodville,TX,3.149,30.77443,-94.42245,gazetteer
69454,SPEEDWAY #6092,"I-65, EXIT 76A & US-31",Taylorsville,IN,3.357,39.29648,-85.95027,gazetteer
69455,SPEEDWAY #4214,"I-45, EXIT 46 & US-100",Milwaukee,WI,3.366,43.06335,-87.96670,gazetteer
69458,PEOSTA KWIK STOP,"US-20, EXIT 308",Peosta,IA,3.489,42.44721,-90.84143,gazetteer
69459,LOVES TRAVEL STOP #583,"I-64, EXIT 27 & SR-161",New Baden,IL,3.849,38.53677,-89.70719,gazetteer
69462,LOVES TRAVEL STOP #619,"I-59, EXIT 29 & SR-26",Poplarville,MS,3.176,30.83970,-89.53009,gazetteer
69465,MAVERIK COUNTRY STORE #476,US-59,Gillette,WY,3.366,44.27258,-105.49894,gazetteer
69467,CIRCLE K #2741547,US-181,Floresville,TX,2.996,29.14674,-98.16517,gazetteer
69469,QUIKTRIP #1110,"I-85, EXIT 60 & US-101",Greer,SC,3.086,34.93329,-82.23080,gazetteer
69471,Circle K #2741501,"I-37, EXIT 3A",Corpus Christi,TX,3.104,27.75425,-97.17338,gazetteer
69474,LOVES TRAVEL STOP #577,"I-85, EXIT 22",Shorter,AL,3.221,32.41150,-85.97281,gazetteer
69475,GUTHRIE TRAVEL CENTER,I-35 EXT 138C,Guthrie,OK,2.966,35.87651,-97.40866,gazetteer
69477,LOVES TRAVEL STOP #621,US-36 & SR-110,Bevier,MO,3.439,39.75143,-92.56388,gazetteer
69480,VAN HOOK TRAVEL CENTER,US-23,New Town,ND,3.562,47.98907,-102.48830,gazetteer
69483,LOVES TRAVEL STOP #607,"US-63, EXIT 40 & SR-463",Jonesboro,AR,3.439,35.81976,-90.67903,gazetteer
69484,KWIK TRIP #774,SR-13,Adams,WI,3.274,43.95524,-89.81655,gazetteer
69485,7-ELEVEN #41036,US-96,San Augustine,TX,3.159,31.52990,-94.11089,gazetteer
69486,DUCK THRU FOOD STORE #42,SR-186 & SR-305,Seaboard,NC,3.299,36.49069,-77.44197,gazetteer
69487,CIRCLE K #2742034,"I-35, EXIT 176",Schertz,TX,2.794,29.56333,-98.25087,gazetteer
69489,SPRINT FOODS #728,SR-38,Bennettsville,SC,3.399,34.62822,-79.68596,gazetteer
69492,GOOD 2 GO #418,"I-15, EXIT 273 & US-54 & US-91",Mona,UT,3.429,39.81180,-111.84153,gazetteer
69494,TMI FUEL STOP,SR 1,Port Allen,LA,3.066,30.44383,-91.20741,gazetteer
69495,QUIKTRIP #72,US-69 & US-62,Muskogee,OK,3.032,35.74380,-95.35640,gazetteer
69497,MACH ONE FOOD SHOP #10,"I-70 & EXIT 129, SR-49",Casey,IL,3.199,39.30542,-87.98531,gazetteer
69499,HANKS TRUCK STOP,US-39 & US-30,Hanna,IN,3.499,41.41203,-86.77945,gazetteer
69500,ROAD RANGER #271,"I-20, EXIT 108",Odessa,TX,3.516,31.88046,-102.34531,gazetteer
69501,VALLEY COUNTRY STORE,"I-84, EXIT 16B & SR-79",Jerome,ID,3.432,42.71809,-114.51579,gazetteer
69504,KWIK TRIP #245,SR-42,Plainview,MN,3.624,44.16469,-92.16919,gazetteer
69505,KWIK TRIP #282,"I-43, EXIT 43 & SR-83",Mukwonago,WI,3.337,42.85299,-88.32063,gazetteer
69506,KWIK TRIP #290,"I-94/US-41, EXIT 321",Oak Creek,WI,3.719,42.87869,-87.89868,gazetteer
69508,KWIK TRIP #777,SR-49 & CR-F,Berlin,WI,3.426,43.96973,-88.95003,gazetteer
69510,CLARK #3121,SR-46 & SR-24,Caro,MI,3.399,43.48930,-83.40174,gazetteer
69512,LOVES TRAVEL STOP #589,"I-27/US-87, EXIT 8 & FM-2641",Lubbock,TX,3.332,33.56190,-101.88888,gazetteer
69513,KWIK TRIP #885,WI-29 EXIT 132,Abbotsford,WI,3.452,44.94349,-90.31734,gazetteer
69514,Flying J #1033,"I-20, EXIT 138 & SR-158",Midland,TX,3.566,32.02464,-102.11347,gazetteer
69520,SPEEDWAY #2908,SR-51,Perryopolis,PA,3.916,40.08683,-79.75260,gazetteer
69521,CASEYS #3319,"US-30, EXIT 158",Nevada,IA,2.989,42.01749,-93.46967,gazetteer
69522,FUEL EXPRESSO 17,"I-35 & EXIT 187, SR-68",Ottawa,KS,3.172,38.60008,-95.26278,gazetteer
69524,CONCORD XTRAMART,"I-93, EXIT 17 & US-4",Concord,NH,3.659,43.23249,-71.56125,gazetteer
69525,DILLEY TRUCK STOP,"I-35 & EXIT 85, FM 117",Dilley,TX,3.066,28.66752,-99.17646,gazetteer
69526,STRIPES 7FLEET #42469,"I-20, US-80 EXIT 15A",Santo,TX,2.917,32.60558,-98.21385,gazetteer
69527,Exxon,"I-96, EXIT 129",Fowlerville,MI,3.749,42.65938,-84.07374,gazetteer
69528,KWIK STAR #283,"I-380/US-218/SR-27, EXIT 13",Cedar Rapids,IA,3.532,41.96419,-91.67917,gazetteer
69530,CIRCLE K #2741030,"I-35, EXIT 160",San Antonio,TX,2.999,29.46281,-98.52464,gazetteer
69531,Kwik Star#223,"I-35, EXIT 194 & US-18/SR-122",Clear Lake,IA,3.079,43.13509,-93.37365,gazetteer
69532,JACKSONS FOOD STORE #147,"I-84, EXIT 27/US-20 & SR-19",Caldwell,ID,3.579,43.64588,-116.65934,gazetteer
69534,CAIRO TRAVEL CENTER,US-84/SR-38,Cairo,GA,3.424,30.87923,-84.20551,gazetteer
69536,7-ELEVEN #40802,US-87,Nixon,TX,3.079,29.26967,-97.76588,gazetteer
69541,PILOT #1027,US-385 & CR-E,Vega,TX,3.306,35.24530,-102.42925,gazetteer
69542,PILOT #1030,"I-57, EXIT 353",Alsip,IL,3.359,41.67027,-87.73708,gazetteer
69545,LOVES TRAVEL STOP #628,"I-35E, EXIT 386 & FM-1134",Italy,TX,3.102,32.18646,-96.88579,gazetteer
69546,KWIK TRIP #186,"I-35, EXIT 183",Hinckley,MN,3.352,46.01303,-92.91272,gazetteer
69547,KWIK TRIP #297,"US-10, WI-441",Menasha,WI,3.491,44.21234,-88.42736,gazetteer
69549,KWIK TRIP #178,"I-494, EXIT 64B & SR-156",South Saint Paul,MN,3.607,44.88803,-93.04050,gazetteer
69550,KWIK TRIP #273,"I-35, EXIT 251B & SR-23",Duluth,MN,3.499,46.77446,-92.13414,gazetteer
69553,SPEEDWAY #2120,US-30,Oswego,IL,3.249,41.68322,-88.33885,gazetteer
69554,SPEEDWAY #8047,"I-70, EXIT 104 & SR-9",Greenfield,IN,3.599,39.79328,-85.77255,gazetteer
69558,CIRCLE K #2741070,FM-1560,San Antonio,TX,2.914,29.46281,-98.52464,gazetteer
69559,CASEYS #3424,"I-35, EXIT 26 & SR-30",Ellendale,MN,3.499,43.87272,-93.29933,gazetteer
69560,LOVES TRAVEL STOP #614,"I-40, EXIT 149",Albuquerque,NM,3.521,35.10478,-106.64681,gazetteer
69561,SPEEDWAY #7156,"I-40/75, EXIT 374 & SR-131",Knoxville,TN,3.266,35.97068,-83.94927,gazetteer
69562,SPEEDWAY #8796,"I-496, EXIT 11",Lansing,MI,3.699,42.71434,-84.56089,gazetteer
69563,SPEEDWAY #9651,"I-75, EXIT 104",Lexington,KY,3.149,37.98869,-84.47772,gazetteer
69564,SPEEDWAY #7106,"I-40, EXIT 280 & SR-56",Baxter,TN,3.066,36.15368,-85.63492,gazetteer
69565,PILOT #1021,"I-196, EXIT 49",Holland,MI,3.999,42.76705,-86.09857,gazetteer
69566,PILOT TRAVEL CENTER #1024,"I-80, EXIT 132B & SR-53",Joliet,IL,3.799,41.51687,-88.14796,gazetteer
69567,KWIK TRIP #166,"I-35, EXIT 214",Moose Lake,MN,3.319,46.45030,-92.76095,gazetteer
69568,KWIK TRIP #295,SR-26 & SR-59,Milton,WI,3.399,42.77468,-88.93999,gazetteer
69570,CENEX CONVENIENCE,SR-34 & CR-21,Detroit Lakes,MN,3.499,46.80758,-95.84661,gazetteer
69572,AC & T GARLAND GROH,I-81 EXIT 7B,Hagerstown,MD,3.559,39.64018,-77.72269,gazetteer
69573,AC & T Falling Waters,"I-81, EXIT 23",Falling Waters,WV,3.849,39.56377,-77.88754,gazetteer
69574,LOVES TRAVEL STOP #622,"I-94, EXIT 45 & CR-B",Menomonie,WI,3.579,44.88920,-91.90957,gazetteer
69575,LOVES TRAVEL STOP #537,"I-68, EXIT 46 & US-220/SR-144",Cumberland,MD,4.249,39.65131,-78.75796,gazetteer
69576,PILOT #498,US-69/75 & SR-7,Atoka,OK,3.499,34.38635,-96.13110,gazetteer
69580,GORES TRAVEL PLAZA,US-270/SR-3,Seiling,OK,3.149,36.14465,-98.92544,gazetteer
69581,BYRNE DAIRY #22,"I-81, EXIT 15 & US-20",La Fayette,NY,4.299,42.89229,-76.10520,gazetteer
69584,LOVES TRAVEL STOP #648,US-70,Valliant,OK,3.099,34.00754,-95.08490,gazetteer
69585,LOVES TRAVEL STOP #618,"I-75, EXIT 136 & SR-32",Sadieville,KY,3.139,38.38777,-84.55135,gazetteer
69587,LAMBOS #3,"I-57, EXIT 190A & SR-16",Mattoon,IL,3.399,39.47783,-88.36222,gazetteer
69588,FUEL CITY,"I-30, EXIT 52B & US-80",Mesquite,TX,2.966,32.75955,-96.58416,gazetteer
69589,LOVES TRAVEL STOP #604,I-35 EXIT 157 & SR-33,Guthrie,OK,3.319,35.87651,-97.40866,gazetteer
69590,LOVES TRAVEL STOP #654,US-81,Union City,OK,3.376,35.39952,-97.90671,gazetteer
69591,REBEL PLUS #841,"I-75, EXIT 116 & CR-865",Bonita Springs,FL,3.539,26.35501,-81.78423,gazetteer
69592,SPEEDWAY #6131,"I-465, EXIT 49",Indianapolis,IN,3.799,39.76838,-86.15804,gazetteer
69594,SPEEDWAY #8480,US-30 & CR-36,Plainfield,IL,3.279,41.63030,-88.24528,gazetteer
69595,SPEEDWAY #7176,US-31/SR-6,Columbia,TN,3.359,35.62562,-87.04423,gazetteer
69596,SPEEDWAY #4250,SR-72,Des Plaines,IL,3.289,42.03440,-87.90114,gazetteer
69597,SPEEDWAY #2918,US-119,Uniontown,PA,3.916,39.89930,-79.72453,gazetteer
69598,SPEEDWAY #8133,SR-237,Berea,OH,3.499,41.37055,-81.86176,gazetteer
69599,One9 SPEEDWAY #2917,SR-48 & SR-130,Monroeville,PA,3.992,40.42632,-79.76138,gazetteer
69601,LOVES TRAVEL STOP #638,US-54,Texhoma,OK,3.509,36.50541,-101.78739,gazetteer
69605,CASEYS #3305,SR-23 & SR-47,Ogilvie,MN,3.371,45.82983,-93.42304,gazetteer
69607,PANOLA PINES PLAZA,I-59,Carthage,TX,3.139,32.15205,-94.33711,gazetteer
69608,STRIPES,FM 1924,Mission,TX,3.099,26.20406,-98.32522,gazetteer
69611,CUBBYS #2104,CR-131,Shelby,NE,3.399,41.19425,-97.42627,gazetteer
69612,ROAD RANGER #272,"I-35, EXIT 39 & SR-44",Encinal,TX,3.539,28.04048,-99.35449,gazetteer
69614,RUTTERS #36,US-15 & SR-234,York Springs,PA,4.299,40.00930,-77.11588,gazetteer
69615,LOVES TRAVEL STOP #631,US-275/SR-64,Valley,NE,3.346,41.31700,-96.36226,gazetteer
69616,FLYING J #552,"I-71, EXIT 32 & SR-350",Lebanon,OH,3.399,39.42423,-84.21800,gazetteer
69618,LOVES TRAVEL STOP #656,US-50/400,Holcomb,KS,3.729,37.98598,-100.99362,gazetteer
69621,Circle K #2741096,"I-10/US-90, EXIT 591 & FM-1518",Converse,TX,2.936,29.51249,-98.30463,gazetteer
69625,RUTTERS #34,US-30 & SR-23,Leola,PA,4.199,40.09295,-76.18896,gazetteer
69626,CASEYS #2860,US-160 & FM-6070,West Plains,MO,3.419,36.73743,-91.86796,gazetteer
69627,STRIPES #40601,US-83 & FM-2360,Rio Grande City,TX,2.996,26.38100,-98.82148,gazetteer
69629,SWANTON MOBIL,"I-89, EXIT 21 & SR-78",Swanton,VT,3.539,44.92454,-73.11935,gazetteer
69630,MANSFIELD TRAVEL PLAZA,SR-175 & SR-509,Mansfield,LA,3.019,32.03534,-93.69966,gazetteer
69632,Circle K #2709300,US-72/SR-2,Huntsville,AL,2.977,34.69772,-86.67667,gazetteer
69633,ONE9 EXPRESS FUEL,"I-10, EXIT 42 & FM-1110",Clint,TX,2.802,31.59020,-106.22868,gazetteer
69636,PETRO WILMINGTON,"I-55, EXIT 240",Wilmington,IL,3.399,41.31938,-88.16025,gazetteer
69637,PILOT #1041,SR-64 & CR-23,Carol Stream,IL,3.699,41.92035,-88.13322,gazetteer
69643,Tex-Best #524,SR-44 E,Alice,TX,2.899,27.75562,-98.06581,gazetteer
69646,Arco One9,"I-10, EXIT 19",Quartzsite,AZ,3.359,33.66751,-114.21704,gazetteer
69647,SPEEDWAY #6207,SR-25,Batavia,IL,3.599,41.84769,-88.31105,gazetteer
69648,BP-GIANT OIL #440,"I-71, EXIT 204 & SR-83",Burbank,OH,3.232,40.98623,-81.99484,gazetteer
69651,LOVES TRAVEL STOP #074,SR-19 & SR-76,Lindsay,OK,3.091,34.84049,-97.60985,gazetteer
69652,LOVES TRAVEL STOP #633,US-30,Plymouth,IN,3.849,41.34877,-86.31934,gazetteer
69653,LOVES TRAVEL STOP #644,"I-70, EXIT 437 & US-385",Burlington,CO,3.889,39.30417,-102.27141,gazetteer
69654,LOVES TRAVEL STOP #636,US-169,Nowata,OK,3.399,36.69926,-95.63747,gazetteer
69657,JIFFY MART,US-7 & SR-22A,Ferrisburgh,VT,3.599,44.20561,-73.24623,gazetteer
69659,QUIKTRIP #1092,"I-77, EXIT 77 & US-21/SR-5",Rock Hill,SC,3.134,34.93822,-81.01918,gazetteer
69662,STRIPES 7FLEET #42472,US-377,Brownwood,TX,2.962,31.71286,-98.97705,gazetteer
69663,STRIPES #2484,SR-480 & FM-1021,Eagle Pass,TX,3.199,28.71280,-100.48481,gazetteer
69664,7-ELEVEN #40544,US-281,Lampasas,TX,2.916,31.06404,-98.18278,gazetteer
69666,7-ELEVEN #40587,SR-21 & FM-150,Maxwell,TX,3.152,29.88105,-97.79334,gazetteer
69668,LOVES TRAVEL STOP #643,"I-55/57, EXIT 66A & US-60",Sikeston,MO,3.549,36.88373,-89.58720,gazetteer
69669,LOVES TRAVEL STOP #623,"I-20/SR-349, EXIT 131",Midland,TX,3.556,32.02464,-102.11347,gazetteer
69670,LOVES TRAVEL STOP #611,"I-90, EXIT B3 & SR-22",Canaan,NY,3.979,42.41203,-73.44706,gazetteer
69672,STRIPES 7FLEET #42507,US-285,Pecos,TX,3.379,31.42291,-103.49323,gazetteer
69673,QUIKTRIP #1863,"SEC HWY 114, I-35",Roanoke,TX,2.976,33.01474,-97.22903,gazetteer
69676,SPEEDWAY #8495,"US-19/SR-400, EXIT 12",Alpharetta,GA,3.349,34.07087,-84.27265,gazetteer
69679,LOVES TRAVEL STOP #627,US-27 & SR-54,Davenport,FL,3.552,28.16119,-81.61084,gazetteer
69680,PILOT #1042,I-55 EXIT 283,Bridgeview,IL,3.799,41.74028,-87.80668,gazetteer
69681,PILOT #1549,"I-20, EXIT168 & SR-77",Lincoln,AL,3.109,33.58017,-86.12788,gazetteer
69682,PILOT #1577,"I-75, EXIT 141 & SR-63",Pioneer,TN,3.026,36.41758,-84.31410,gazetteer
69683,GOOD TO GO #88,"I-55, EXIT 283",Chicago,IL,3.619,41.83705,-87.68494,gazetteer
69684,KWIK TRIP #140,"SR-29, EXIT 177",Schofield,WI,3.424,44.91335,-89.62148,gazetteer
69686,CASEYS #3472,SR-125 & SR-78,Virginia,IL,3.659,39.95294,-90.21045,gazetteer
69687,CASEYS #3470,US-421 & SR-16,Monon,IN,3.779,40.86423,-86.87862,gazetteer
69688,CASEYS #3431,US-150 & SR-54,Farmer City,IL,3.339,40.24812,-88.64181,gazetteer
69693,MAVERIK COUNTRY STORE #527,"US-89, EXIT 405",Ogden,UT,3.439,41.22839,-111.96815,gazetteer
69694,MAVERIK COUNTRY STORE #533,US-91 & SR-101,Wellsville,UT,3.444,41.62342,-111.94209,gazetteer
69695,MAVERIK COUNTRY STORE #488,"I-15/US-89, EXIT 288",Draper,UT,3.446,40.49715,-111.86464,gazetteer
69696,MAVERIK COUNTRY STORE #531,"I-80/15, EXIT 305D",Logan,UT,3.431,41.74026,-111.84176,gazetteer
69698,KUM & GO #0891,I-44 (EASTBOUND),Vinita,OK,3.059,36.64415,-95.06218,gazetteer
69699,CIRCLE K #2741552,"SR-969, SR-130, EXIT 444",Austin,TX,2.932,30.29862,-97.75413,gazetteer
69701,PUMP & PANTRY #48,US-30 & SR-25,Fremont,NE,3.319,41.43984,-96.48700,gazetteer
69702,SPEEDWAY #7159,"I-40/SR-66, EXIT 412",Dandridge,TN,3.259,36.03012,-83.42983,gazetteer
69703,CIRCLE K #2741831,"I-35, EXIT 8B & SR-20",Laredo,TX,2.902,27.56038,-99.48918,gazetteer
69707,SUPER S TRAVEL PLAZA,"I-49, EXIT 241",Ida,LA,3.059,32.99890,-93.89638,gazetteer
69708,TA Express #289,US-59,Nacogdoches,TX,3.139,31.61236,-94.65205,gazetteer
69710,LOVES TRAVEL STOP #625,"I-80, EXIT 59 & SR-17J",Sidney,NE,3.472,41.13363,-102.96954,gazetteer
69712,LOVES TRAVEL STOP #650,"I-84/US-30, EXIT 159",Boardman,OR,3.522,45.83651,-119.69279,gazetteer
69715,CASEYS #2712,SR-8/SR-14,Superior,NE,3.362,40.02173,-98.06184,gazetteer
69719,SHEETZ #033,"I-99/US-220, EXIT 41 & SR-865",Altoona,PA,3.529,40.50805,-78.40111,gazetteer
69720,PILOT #1046,US-27 & SR-80,South Bay,FL,3.799,26.68838,-80.73553,gazetteer
69721,MFA,US-36,Brookfield,MO,3.249,39.78533,-93.07797,gazetteer
69723,SPEEDWAY #5036,I-90 & US-20,Hampshire,IL,3.369,42.11561,-88.50517,gazetteer
69727,PETRO-CARD 24 #910880,SR-6/13,Gallatin,MO,3.299,39.91035,-93.96401,gazetteer
69729,MFA OIL,US-63 & HWY E,Queen City,MO,3.249,40.41177,-92.56668,gazetteer
69731,PETRO-CARD 24 #910561,"I-49, EXIT 102A",Nevada,MO,3.349,37.84491,-94.35032,gazetteer
69735,PETRO-CARD 24 #910200,US-65 & BUS US-36,Chillicothe,MO,3.289,39.79608,-93.54996,gazetteer
69740,LOVES TRAVEL STOP #613,"I-81, EXIT 24 & SR-80",Meadowview,VA,3.599,36.76375,-81.88354,gazetteer
69741,LOVES TRAVEL STOP #659,"I-10, EXIT 133B",Tolleson,AZ,3.569,33.44837,-112.25601,gazetteer
69742,LOVES TRAVEL STOP #630,US-412/64,Enid,OK,3.787,36.40670,-97.86986,gazetteer
69743,LOVES TRAVEL STOP #647,US-81,Belleville,KS,3.816,39.82434,-97.63385,gazetteer
69744,LOVES TRAVEL STOP #632,US-54 & US-83,Liberal,KS,3.666,37.04611,-100.92771,gazetteer
69746,Maverik Country Store #5014,I-80 E EXIT 110 & HWY169,De Soto,IA,3.099,41.53778,-94.00995,gazetteer
69747,SUNOCO,I-69 & YS HWY 30,Fort Wayne,IN,3.604,41.08819,-85.14279,gazetteer
69748,SUNOCO,SR-930 E,Fort Wayne,IN,3.597,41.08819,-85.14279,gazetteer
69751,MFA,CR-37,Purdy,MO,3.349,36.81877,-93.92057,gazetteer
69755,PILOT #1082,"I-526, EXIT 19",Charleston,SC,3.416,32.82802,-79.97290,gazetteer
69764,MAVERIK COUNTRY STORE #538,I-15 & SR-99,Fillmore,UT,3.387,38.96426,-112.33868,gazetteer
69765,7-ELEVEN #40509,I-90/80 EB,Howe,IN,3.899,41.72282,-85.42549,gazetteer
69766,Marathon,"I-75, EXIT 99 & SR-119",Anna,OH,3.029,40.39536,-84.17566,gazetteer
69770,SASSYS TRUCK STOP,"I-86, EXIT 23 & US-219",Limestone,NY,3.159,42.01727,-78.63133,gazetteer
69772,CIRCLE K #2741825,"I-410, EXIT 2 & FM-2536",San Antonio,TX,3.099,29.46281,-98.52464,gazetteer
69780,Bolingbrook Mart,"I-55, EXIT 269",Bolingbrook,IL,3.639,41.68747,-88.10622,gazetteer
69782,BYRNE DAIRY #14,SR-414 & SR-318,Waterloo,NY,3.999,42.90459,-76.85902,gazetteer
69783,SHEETZ #603,"I-78 US-22, EXIT 13 & SR-501",Bethel,PA,3.327,40.47648,-76.28797,gazetteer
69784,KWIK TRIP #158,US-10 & SR-23,Saint Cloud,MN,3.277,45.52666,-94.17101,gazetteer
69785,LOVES TRAVEL STOP #662,US-287 & SR-285,Quanah,TX,3.849,34.29537,-99.74289,gazetteer
69786,LOVES TRAVEL STOP #671,"I-55, EXIT 63 & US-61",Blytheville,AR,3.456,35.93407,-89.90513,gazetteer
69787,LOVES TRAVEL STOP #616,"I-49, EXIT 158",Harrisonville,MO,3.429,38.65016,-94.35048,gazetteer
69788,LOVES TRAVEL STOP #612,"SR-370, EXIT 9 & SR-141",Bridgeton,MO,3.121,38.77332,-90.41700,gazetteer
69789,LOVES TRAVEL STOP #620,US-301 & SR-20,Hawthorne,FL,3.789,29.59368,-82.09447,gazetteer
69790,LOVES TRAVEL STOP #641,I-155/US-412 EXIT 13 & SR-78,Dyersburg,TN,3.402,36.04682,-89.37797,gazetteer
69791,PILOT #1083,US-287 & US-54,Stratford,TX,3.499,36.33757,-102.07603,gazetteer
69792,FLYING J #1061,"I-44, EXIT 72",Springfield,MO,3.382,37.19416,-93.29264,gazetteer
69797,KWIK TRIP #149,US-10,Saint Cloud,MN,3.211,45.52666,-94.17101,gazetteer
69798,LOVES TRAVEL STOP #060,US-36 & US-283,Norton,KS,3.109,39.83622,-99.89160,gazetteer
69800,MAVERIK COUNTRY STORE #502,US-385 & SR-2,Alliance,NE,3.259,42.10257,-102.87619,gazetteer
69801,MAVERIK COUNTRY STORE #409,"I-580, EXIT 41 & SR-531",Carson City,NV,3.589,39.15306,-119.74737,gazetteer
69803,THORNTONS #319,"I-55, EXIT 248 & US-6",Channahon,IL,3.249,41.42279,-88.26295,gazetteer
69804,KWIK TRIP #184,"I-94, EXIT 293",Pewaukee,WI,3.449,43.06614,-88.24447,gazetteer
69809,KWIK TRIP #162,"I-94, EXIT 202",Elk River,MN,3.297,45.33221,-93.56653,gazetteer
69811,Chisholm Corner #16,US-81 & SR-7,Marlow,OK,3.016,34.63111,-97.95666,gazetteer
69813,SHEETZ #608,"I-81, EXIT 24 & CR-696",Shippensburg,PA,3.286,40.04873,-77.52319,gazetteer
69814,Allsup's #2454,US-87 & SR-163,Sterling City,TX,3.224,31.83918,-100.98588,gazetteer
69815,CENEX ZIP TRIP #75,"I-94/US-12, EXIT 138 & US-59",Miles City,MT,3.497,46.40582,-105.83894,gazetteer
69816,STRIPES #42503,"I-27, EXIT 1",Lubbock,TX,2.951,33.56190,-101.88888,gazetteer
69817,LOVES TRAVEL STOP #639,"I-20, EXIT 96",Lake,MS,3.162,32.32999,-89.31435,gazetteer
69818,LOVES TRAVEL STOP #675,US-75,Okmulgee,OK,3.217,35.62516,-95.95403,gazetteer
69819,FLYING J #1086,SR-18 & SR-5,Marion,IN,3.489,40.54999,-85.66042,gazetteer
69820,CUBBYS #304,SR-7,Manson,IA,3.299,42.52864,-94.54006,gazetteer
69821,FUEL CITY HALTOM CITY,"I-35W, EXIT 52B & TX-121",Haltom City,TX,2.966,32.81770,-97.27115,gazetteer
69823,LOVES TRAVEL STOP #664,US-41,Terre Haute,IN,3.949,39.46415,-87.37604,gazetteer
69824,LOVES TRAVEL STOP #663,US-190 & LA-103,Port Barre,LA,3.124,30.55552,-91.95596,gazetteer
69825,KWIK TRIP #154,MN-15,Sauk Rapids,MN,3.302,45.59472,-94.15275,gazetteer
69826,LOVES TRAVEL STOP #629,I-65 EXIT 108 & SR-76,White House,TN,3.159,36.46490,-86.66848,gazetteer
69827,KWIK TRIP #164,US-12/SR-29,Menomonie,WI,3.499,44.88920,-91.90957,gazetteer
69830,RUTTERS #69,"I-78/US-22, EXIT 29 & SR-61",Hamburg,PA,3.866,40.55622,-75.98236,gazetteer
69832,LOVES TRAVEL STOP #595,"I-10, EXIT 28 & SR-49",Gulfport,MS,3.144,30.41949,-89.06902,gazetteer
69833,LOVES TRAVEL STOP #658,US-412,Watts,OK,3.347,36.10651,-94.57389,gazetteer
69835,LOVES TRAVEL STOP #653,US-287,Eads,CO,3.476,38.48165,-102.77982,gazetteer
69837,LOVES TRAVEL STOP #606,"I-94, EXIT 73B & US-6",South Holland,IL,3.329,41.59837,-87.60274,gazetteer
69840,KUM & GO #0370,"I-80, EXIT 439 & SR-370",Gretna,NE,2.921,41.12792,-96.19686,gazetteer
69842,KUM & GO #0863,"I-44, EXIT 215 & SR-97",Sapulpa,OK,3.232,36.00421,-96.12328,gazetteer
69845,Maverik Country Store #5013,US-40 & SR-13,Craig,CO,3.459,40.51706,-107.55540,gazetteer
69847,KWIK STAR #145,US-52,Guttenberg,IA,3.599,42.78856,-91.10877,gazetteer
69850,KUM & GO #0539,"I-80 E, & SR-415 EXIT 135",Des Moines,IA,3.072,41.57259,-93.61024,gazetteer
69851,SPEEDWAY #3995,I-90,Belvidere,IL,3.849,42.26545,-88.88776,gazetteer
69852,KWIK TRIP #141,SR-61,Two Harbors,MN,3.499,47.02995,-91.67574,gazetteer
69854,LOVES TRAVEL STOP #637,"I-39, EXIT 115 & CR-CS",Poynette,WI,3.789,43.39216,-89.40479,gazetteer
69855,LOVES TRAVEL STOP #670,US-18,Floyd,IA,3.649,43.12819,-92.73994,gazetteer
69856,LOVES TRAVEL STOP #657,"I-77, EXIT 5 & SR-48",Cayce,SC,3.397,33.95050,-81.03981,gazetteer
69858,TEX-BEST #528,US-181,Elmendorf,TX,2.892,29.25333,-98.32303,gazetteer
69859,BIG BOSS TRAVEL PLAZA,I-12 EXIT 22,Livingston,LA,3.166,30.49529,-90.74670,gazetteer
69861,HUCKS FOOD & FUEL #379,"I-57, EXIT 53",Marion,IL,2.929,37.73445,-88.94116,gazetteer
69862,CASEYS #3503,US-69/SR-52,Pleasanton,KS,3.199,38.17788,-94.70533,gazetteer
69863,GOLDEN GATE,I-80 EXIT 352A & US-93,Wells,NV,3.416,41.11315,-114.95354,gazetteer
69865,7-ELEVEN #40036,SR-33 & SR-632,Lanexa,VA,3.659,37.42376,-76.90108,gazetteer
69870,CIRCLE K #4705720,"I-280, EXIT 7 & SR-2",Oregon,OH,3.609,41.65596,-83.43833,gazetteer
69871,CIRCLE K #2741595,SR-71 & FM-1209,Bastrop,TX,2.954,30.11110,-97.31815,gazetteer
69873,KWIK TRIP #142,"US-10, EXIT 186 & SR-13",Marshfield,WI,3.479,44.66329,-90.17174,gazetteer
69874,LOVES TRAVEL STOP #687,"I-72, EXIT 64 & US-67",Jacksonville,IL,3.489,39.72915,-90.23220,gazetteer
69876,LOVES TRAVEL STOP #684,"I-35, EXIT 133 & SR-175",Ellsworth,IA,3.689,42.31024,-93.58188,gazetteer
69877,LOVES TRAVEL STOP #669,US-61 & SR-19,New London,MO,3.236,39.58420,-91.39890,gazetteer
69878,SPEEDWAY #7412,SR-83 & SR-19,Bensenville,IL,3.379,41.95801,-87.94383,gazetteer
69880,Speedway #6809,"I-290, EXIT 13A",Franklin Park,IL,3.329,41.93598,-87.87920,gazetteer
69881,KWIK TRIP #458,SR-55,Buffalo,MN,3.549,45.17951,-93.86400,gazetteer
69882,SPEEDWAY #7103,US-43,Lawrenceburg,TN,3.574,35.24971,-87.33250,gazetteer
69884,AKAL TRAVEL CENTER,"I-40, EXIT 267 & SR-379",Santa Rosa,NM,2.879,34.93605,-104.67502,gazetteer
69885,BELL STORES #146,SR-43 & SR-183,Malvern,OH,3.579,40.68949,-81.18041,gazetteer
69886,LOVES TRAVEL STOP #676,SR-50,Syracuse,NE,3.444,40.66350,-96.18273,gazetteer
69887,CIRCLE K #2701869,SR-21 & SR-307,Savannah,GA,3.116,32.01804,-81.19649,gazetteer
69888,OASIS STOP N GO #17,US-30,Twin Falls,ID,3.699,42.56381,-114.46060,gazetteer
69892,MAVERIK COUNTRY STORE #547,US-26,Casper,WY,3.186,42.84212,-106.32128,gazetteer
69893,DOMINO EXPRESS #24,US-412/US-270/US-183/SR-3 & SR-15,Woodward,OK,2.999,36.42483,-99.40473,gazetteer
69894,Circle K #2746446,US-2,Williston,ND,4.042,48.18950,-103.64912,gazetteer
69895,Shell,"I-80, EXIT 122",Minooka,IL,3.149,41.44761,-88.28415,gazetteer
69900,LOVES TRAVEL STOP #605,"I-70, EXIT 59 & SR-41",Springfield,OH,3.479,39.92891,-83.79424,gazetteer
69901,KWIK TRIP #638,SR-42,Two Rivers,WI,3.391,44.15614,-87.57735,gazetteer
69902,MAVERIK COUNTRY STORE #441,"I-182/US-12, EXIT 9",Pasco,WA,4.279,46.26611,-119.12143,gazetteer
69903,LOVES TRAVEL STOP #642,US-60 & US-385,Hereford,TX,3.416,34.82260,-102.40016,gazetteer
69904,LOVES TRAVEL STOP #695,US-54/400,Cunningham,KS,3.657,37.64462,-98.43113,gazetteer
69905,KWIK TRIP #105,"I-41, EXIT 157",De Pere,WI,3.352,44.43099,-88.07994,gazetteer
69906,LOVES TRAVEL STOP #692,US-169 & SR-39,Chanute,KS,3.276,37.66966,-95.46416,gazetteer
69907,STRIPES #41023,SR-358 & FM-665,Corpus Christi,TX,3.071,27.75425,-97.17338,gazetteer
69908,LOVES TRAVEL STOP #685,"I-74, EXIT 51",Knoxville,IL,3.889,40.90693,-90.28570,gazetteer
69912,AMPM,"I-10, EXIT 140",Phoenix,AZ,3.282,33.57215,-112.09013,gazetteer
69913,ROSS FUEL CENTER,US-60/US-67,Poplar Bluff,MO,3.491,36.76326,-90.41395,gazetteer
69915,PETES #16,"I-49/US-71, EXIT 120 & CR-B",Rich Hill,MO,3.149,38.09587,-94.36346,gazetteer
69921,LOVES TRAVEL STOP #688,"I-70, EXIT 119 & SR-130",Greenup,IL,3.289,39.24795,-88.16003,gazetteer
69922,LOVES TRAVEL STOP #686,"I-84/I-15, EXIT 363",Brigham City,UT,3.756,41.50590,-112.05142,gazetteer
69923,Circle K #2741821,FM 471 & SR 211,San Antonio,TX,3.032,29.46281,-98.52464,gazetteer
69926,TONKAWA TRADING POST,"I-35, EXIT 214 & US-60",Tonkawa,OK,2.999,36.67059,-97.31503,gazetteer
69927,LOVES TRAVEL STOP #682,"I-81, EXIT 10A",Hagerstown,MD,3.949,39.64018,-77.72269,gazetteer
69928,KUM & GO #1837,SR-51,Broken Arrow,OK,3.052,36.03653,-95.78100,gazetteer
69929,PETES #14,US-69/SR 7,Fort Scott,KS,3.199,37.82800,-94.70414,gazetteer
69931,SHELL,"I-565, EXIT 7 & CR-127",Madison,AL,3.349,34.71053,-86.76228,gazetteer
69932,CIRCLE K #2741847,SR-16,San Antonio,TX,3.072,29.46281,-98.52464,gazetteer
69933,Flyers #3202,"I-17, EXIT 201",Phoenix,AZ,3.369,33.57215,-112.09013,gazetteer
69934,KWIK TRIP #135,SR-35 N,Superior,WI,3.499,46.69212,-92.08036,gazetteer
69935,KWIK TRIP #586,"I-41, EXIT 45",Butler,WI,3.474,43.10845,-88.07223,gazetteer
69936,LOVES TRAVEL STOP #683,US-27,Moore Haven,FL,3.789,26.83375,-81.09845,gazetteer
69937,MAVERIK COUNTRY STORE #385,"I-15, EXIT 119",Idaho Falls,ID,3.426,43.48962,-112.03534,gazetteer
69938,MAVERIK COUNTRY STORE #388,US-60 & SR-77,Show Low,AZ,3.229,34.26505,-110.03832,gazetteer
69939,MAVERIK COUNTRY STORE #377,"I-15, EXIT 244 & US-6",Santaquin,UT,3.402,39.96989,-111.79443,gazetteer
69940,SAPP BROS TRAVEL CENTER,"I-49, EXIT 157",Harrisonville,MO,3.402,38.65016,-94.35048,gazetteer
69941,QUIKTRIP #949,"I-20 E, EXIT 406",Weatherford,TX,2.917,32.75319,-97.77194,gazetteer
69943,ASAP GENERAL STORE #313,US-81,Duncan,OK,3.132,34.48161,-97.96054,gazetteer
69946,KUM & GO #0119,"I-35, EXIT 214 & SR-105",Northwood,IA,3.116,43.44409,-93.21597,gazetteer
69947,THORNTONS #607,I-24 EXIT 62 & SR-171,Antioch,TN,2.899,35.78979,-88.97423,gazetteer
69948,CIRCLE T,US-190/SR-21,Bryan,TX,3.459,30.66602,-96.38105,gazetteer
69952,HUTCH'S #120,"I-40, EXIT 25",Sayre,OK,2.984,35.29565,-99.62824,gazetteer
69954,Exxon,"I-80, EXIT 27A & US-46",Budd Lake,NJ,3.119,40.87349,-74.73683,gazetteer
69955,QUIKTRIP #1044,"I-85, EXIT 63 & SR-2180",Kannapolis,NC,3.154,35.47928,-80.63803,gazetteer
69957,LOVES TRAVE STOP #698,"I-75/SR-401, EXIT 153",Macon,GA,3.369,32.80899,-83.69406,gazetteer
69958,LOVES TRAVEL STOP #693,US-30/23 & SR-199,Upper Sandusky,OH,3.889,40.83067,-83.27071,gazetteer
69959,BISCUIT HILL TRAVEL PLAZA,"I-40, EXIT 192",Shawnee,OK,2.909,35.36941,-96.95641,gazetteer
69960,PILOT CENTER #1014- TOWN PUMP,"I-94, EXIT 213 & SR-16",Glendive,MT,3.419,47.10647,-104.71086,gazetteer
69962,LUFKIN TRAVEL PLAZA,US-59 & CR-819,Lufkin,TX,2.816,31.32290,-94.72903,gazetteer
69963,7 CLANS RED ROCK GASINO,US-177,Red Rock,OK,3.089,36.46007,-97.17961,gazetteer
69964,SHEETZ #621,"I-77 & US-70, Exit 49A",Statesville,NC,2.849,35.78549,-80.87296,gazetteer
69969,USA GAS,SR-47,Newfield,NJ,3.169,39.55104,-75.01022,gazetteer
69974,LOVES TRAVEL STOP #672,US-77BUS & FM-1945,Sinton,TX,3.149,28.03719,-97.50146,gazetteer
69975,LOVES TRAVEL STOP #703,US-50,South Hutchinson,KS,3.301,38.02308,-97.94485,gazetteer
69976,KWIK TRIP #583,"I-94, EXIT 89 & SR-23",Wisconsin Dells,WI,3.237,43.63837,-89.77576,gazetteer
69977,KWIK TRIP #855,US-12,Baraboo,WI,3.116,43.46807,-89.73839,gazetteer
69978,LOVES TRAVEL STOP #678,US-271,Paris,TX,3.366,33.66893,-95.54662,gazetteer
69979,LOVES TRAVEL STOP #681,"I-82/US-12, EXIT 80",Prosser,WA,4.589,46.20902,-119.76775,gazetteer
69980,RUTTERS #70,SR-896 & SR-741,Strasburg,PA,4.199,39.98452,-76.18618,gazetteer
69981,RANCHLAND GAS STATION,US-82,Benjamin,TX,3.299,33.58361,-99.79293,gazetteer
69982,RUTTERS #68,US-422 & SR-934,Annville,PA,4.299,40.33250,-76.50768,gazetteer
69983,MICKEY MART #57,US-250,Strasburg,OH,3.492,40.60059,-81.52935,gazetteer
69986,YESWAY #1061,US-180 & SR-137,Lamesa,TX,3.099,32.73334,-101.95377,gazetteer
69987,LOVES TRAVEL STOP #679,"I-90, EXIT 495 & SR-47",Hardin,MT,3.704,45.74223,-107.60824,gazetteer
69988,LOVES TRAVEL STOP #640,"I-43, EXIT 120 & CR-OK",Sheboygan,WI,3.289,43.73871,-87.73153,gazetteer
69989,LOVES TRAVEL STOP #677,US-45A,West Point,MS,3.259,33.60624,-88.65757,gazetteer
69990,LOVES TRAVEL STOP #691,US-50/93 & US-6,Ely,NV,3.649,39.26493,-114.87087,gazetteer
69991,WA SHE SHU TRAVEL PLAZA,US-395,Gardnerville,NV,3.699,38.93900,-119.73688,gazetteer
69992,KWIK TRIP #120,SR-15 & CR-4,Saint Cloud,MN,3.277,45.52666,-94.17101,gazetteer
69993,CEFCO #99,US-290,Giddings,TX,3.159,30.18367,-96.92803,gazetteer
69995,PILOT EXPRESS #1178,"I-10, EXIT 273",Tucson,AZ,3.219,32.15304,-110.87077,gazetteer
69996,YESWAY #1078,US-83 & SR-153,Winters,TX,2.999,31.94913,-99.95931,gazetteer
69998,CASEYS #3604,US-75,Hinton,IA,3.299,42.62279,-96.29815,gazetteer
69999,RUTTERS #71,"I-99, EXIT 28 & US-22",Duncansville,PA,4.099,40.42631,-78.43026,gazetteer
70001,LOVES TRAVEL STOP #690,US-23,Circleville,OH,3.789,39.60115,-82.93251,gazetteer
70002,LOVES TRAVEL STOP #699,US-49,Magee,MS,3.607,31.87301,-89.73400,gazetteer
70003,SPEEDWAY #2926,SR-837,Clairton,PA,3.926,40.29666,-79.88903,gazetteer
70004,SPEEDWAY #7775,US-23 & CR-192,Delaware,OH,3.619,40.28648,-83.07486,gazetteer
70007,FLYING J #1096,"I-95, EXIT 201 & CR-524",Cocoa,FL,3.699,28.37664,-80.76331,gazetteer
70008,Amigo's,"I-10, EXIT 661 & FM-609",Flatonia,TX,3.082,29.68971,-97.10520,gazetteer
70009,KWIK TRIP #661,SR-69 & BUS-11,Monroe,WI,3.362,42.60302,-89.63763,gazetteer
70010,Kwik Star #567,US-65 & SR-3,Hampton,IA,3.504,42.74199,-93.20499,gazetteer
70011,KWIK TRIP #279,"US-63, EXIT 59",Rochester,MN,3.549,44.01430,-92.47859,gazetteer
70012,MAVERIK COUNTRY STORE #549,"I-70, EXIT 283",Aurora,CO,3.186,39.70954,-104.72051,gazetteer
70014,PETRO-CARD 24 #919141,SR-179,Jamestown,MO,3.479,38.76924,-92.48390,gazetteer
70016,CASEYS #2743,SR-43/SR-2 & SR-66A,Palmyra,NE,3.199,40.70570,-96.39212,gazetteer
70017,PACIFIC PRIDE,I-79 & US-19,Morgantown,WV,3.459,39.63749,-79.94686,gazetteer
70019,QUICKLEES #1,"I-390, EXIT 9 & SR-15",Avon,NY,3.999,42.91284,-77.74649,gazetteer
70022,SHEETZ #583,US-322 & SR-655,Reedsville,PA,3.416,40.66491,-77.59301,gazetteer
70024,KWIK TRIP #827,"I-41, EXIT 167",Green Bay,WI,3.499,44.52154,-87.98657,gazetteer
70025,SPEEDWAY #6245,SR-43,Carrollton,OH,3.559,40.57875,-81.09082,gazetteer
70026,SPEEDWAY #8883,I-80 EXIT 73,Peru,IL,3.149,41.35793,-89.13939,gazetteer
70027,SPEEDWAY #8851,SR-31,South Elgin,IL,3.559,41.99025,-88.31428,gazetteer
70028,LOVES TRAVEL STOP #697,"US-321, EXIT 37",Newton,NC,3.689,35.66216,-81.23227,gazetteer
70029,LOVES TRAVEL STOP #696,"I-10, EXIT 843",Beaumont,TX,3.294,30.08491,-94.14533,gazetteer
70030,SPEEDWAY #3991,"I-80 E, & I-94 E",Gary,IN,3.712,41.59074,-87.34711,gazetteer
70031,SPEEDWAY #8020,US-30,Upper Sandusky,OH,3.799,40.83067,-83.27071,gazetteer
70032,Kwik Star #569,US-20,Waterloo,IA,3.574,42.49233,-92.35195,gazetteer
70033,KWIK TRIP #111,SR-36 & CR-15,Stillwater,MN,3.541,45.05861,-92.83041,gazetteer
70034,SPEEDWAY #8799,I-55 EXIT 282A & SR-171,Bedford Park,IL,3.599,41.76777,-87.77256,gazetteer
70035,SPEEDWAY #8064,"I-55, EXIT 178 & SR-43",West Lafayette,IN,3.582,40.44371,-86.92362,gazetteer
70036,Speedway #3994,SR-38 & CR-21,West Chicago,IL,3.599,41.89447,-88.22112,gazetteer
70037,SPEEDWAY #8738,"I-70, EXIT 23 & SR-59",Brazil,IN,3.699,39.52245,-87.12448,gazetteer
70038,SPEEDWAY #1830,US-31,Grand Haven,MI,3.899,43.05497,-86.21935,gazetteer
70039,TEX-BEST #527,SR-162 & SR-16,Jourdanton,TX,2.921,28.91405,-98.54081,gazetteer
70040,TEX BEST #503,"I-35, EXIT 215 & CR-210",Kyle,TX,2.806,29.99412,-97.88332,gazetteer
70041,LOVES TRAVEL STOP #705,"I-64/SR-33, EXIT 211 & SR-609",Providence Forge,VA,3.889,37.44181,-77.04358,gazetteer
70042,Kwik Star #103,US-65,Iowa Falls,IA,3.374,42.51917,-93.26605,gazetteer
70043,KWIK TRIP #571,"I-35, EXIT 235 & SR-210",Carlton,MN,3.319,46.65577,-92.43040,gazetteer
70049,KWIK STAR #581,"I-380, EXIT 17",Cedar Rapids,IA,3.541,41.96419,-91.67917,gazetteer
70050,KWIK TRIP #124,US-51,De Forest,WI,3.236,43.22733,-89.34570,gazetteer
70053,KWIK TRIP #964,"US-12, EXIT 250 & CR-M",Middleton,WI,3.529,43.10696,-89.50634,gazetteer
70054,KWIK TRIP #976,CR-241 & CR-ZZ,Oak Creek,WI,3.579,42.87869,-87.89868,gazetteer
70058,KWIK TRIP #590,CR-4 & CR-22,Rochester,MN,3.624,44.01430,-92.47859,gazetteer
70059,KWIK TRIP #118,US-2 & LAKESHORE DRIVE,Ashland,WI,3.699,46.58176,-90.87190,gazetteer
70062,KWIK TRIP #970,SR-164 & SR-59,Waukesha,WI,3.532,43.00908,-88.24506,gazetteer
70063,QUICK FUEL #2206,US-41,Marietta,GA,3.519,33.95356,-84.54246,gazetteer
70066,KWIK TRIP #957,US-18 & CR-PD,Madison,WI,3.604,43.08781,-89.42986,gazetteer
70067,KWIK TRIP #240,"I-94, EXIT 115 & CR-A",Black River Falls,WI,3.312,44.29845,-90.84279,gazetteer
70068,LOVES TRAVEL STOP #712,"I-44, EXIT 107",Newcastle,OK,3.426,35.24240,-97.59534,gazetteer
70069,CASEYS #3486,"I-49, EXIT 159",Harrisonville,MO,3.229,38.65016,-94.35048,gazetteer
70074,CASEYS #3430,US-71 & US-136/SR-46,Maryville,MO,3.137,40.34251,-94.87005,gazetteer
70075,KWIK TRIP #815,US-63 & SR-48,Cumberland,WI,3.624,45.53607,-92.02475,gazetteer
70076,PETRO-CARD 24 #910681,SR-32,Salem,MO,3.099,37.63957,-91.53486,gazetteer
70078,KWIK TRIP #573,I-94 & CR-EE,Eau Claire,WI,3.399,44.81834,-91.49477,gazetteer
70079,PILOT #1118,US-60,Clovis,NM,4.079,34.43857,-103.19419,gazetteer
70080,FLYING J #1117,SR-25,Rochester,IN,3.859,41.06039,-86.19831,gazetteer
70081,PILOT EXPRESS #1032,SR-7,Steubenville,OH,3.629,40.36631,-80.65706,gazetteer
70082,KWIK TRIP #588,US-51 & SR-70,Woodruff,WI,3.096,45.89444,-89.69115,gazetteer
70083,KWIK TRIP #596,US-14,Black Earth,WI,3.444,43.13462,-89.74735,gazetteer
70084,SPEEDWAY #4440,SR-131,Waukegan,IL,3.659,42.36945,-87.87090,gazetteer
70087,PILOT EXPRESS  #1098,"I-95, EXIT 14",Newark,NJ,3.999,40.72422,-74.17257,gazetteer
70088,KWIK TRIP #138,SR-13,Park Falls,WI,3.147,45.93634,-90.44427,gazetteer
70090,SPEEDWAY #7111,"I-40, EXIT 143 & SR-13",Hurricane Mills,TN,3.032,35.97117,-87.78197,gazetteer
70091,SPEEDWAY #7503,I-70 & I-57 EXIT 159,Effingham,IL,3.199,39.12066,-88.55086,gazetteer
70093,LOVES TRAVEL STOP #694,US-45/SR-5 & SR-57,Ramer,TN,3.462,35.07187,-88.61489,gazetteer
70095,LOVES TRAVEL STOP #713,US-380 & FM-1304,Bridgeport,TX,2.949,33.21045,-97.77247,gazetteer
70096,LOVES TRAVEL STOP #661,US-65 & SR-81,Pine Bluff,AR,3.319,34.21159,-92.01756,gazetteer
70097,KWIK TRIP #112,SR-32 & SR-23,Sheboygan Falls,WI,3.292,43.72928,-87.82623,gazetteer
70098,KWIK TRIP #110,US-2,Ashland,WI,3.699,46.58176,-90.87190,gazetteer
70099,QUIKTRIP #1883,"I-35, EXIT 497 & US-82",Gainesville,TX,2.976,33.63865,-97.14841,gazetteer
70100,LOVES TRAVEL STOP #718,"I-65, EXIT 158",Hope Hull,AL,3.266,32.26986,-86.35719,gazetteer
70104,LOVES TRAVEL STOP #649,"I-76/US-6, EXIT 89",Brush,CO,4.089,40.25926,-103.63633,gazetteer
70105,LOVES TRAVEL STOP #708,"I-75, EXIT 314 & CR-48",Bushnell,FL,3.296,28.68695,-82.11441,gazetteer
70106,LOVES TRAVEL STOPS #719,"I-35, EXIT 308",Troy,TX,3.159,31.19398,-97.30036,gazetteer
70107,LOVES TRAVEL STOP #711,"I-71, EXIT 165 & SR-97",Bellville,OH,3.709,40.61773,-82.51315,gazetteer
70108,RICKY ROCKETS FUEL CENTER,SR-50 & SR-83,Midlothian,IL,3.099,41.62543,-87.72423,gazetteer
70111,KWIK TRIP #557,"I-39, EXIT 126 & CR-V",De Forest,WI,3.311,43.22733,-89.34570,gazetteer
70117,RUTTERS #72,"I-81, EXIT 16 & US-30",Saint Thomas,PA,4.399,39.91759,-77.79777,gazetteer
70118,SPEEDWAY #7118,US-41,Smyrna,TN,3.016,35.96902,-86.52862,gazetteer
70124,TA Express Lamar,US-50/385,Lamar,CO,3.439,38.07597,-102.61472,gazetteer
70125,SPEEDWAY #7391,I-76 EXIT 232,North Lima,OH,3.699,40.94737,-80.66401,gazetteer
70126,SPEEDWAY #3535,"I-71,EXIT 165 & SR-97",Bellville,OH,3.599,40.61773,-82.51315,gazetteer
70127,SPEEDWAY #2929,"US-22, US-119",New Alexandria,PA,3.972,40.39446,-79.41752,gazetteer
70128,CIRCLE K #4703913,"I-40 E, EXIT 87",Jackson,TN,3.349,35.65417,-88.83534,gazetteer
70130,SIDE TRACK,SR-57,Wrightsville,GA,3.316,32.72681,-82.71907,gazetteer
70131,THORNTONS #323,SR-64,Lombard,IL,3.299,41.87384,-88.01549,gazetteer
70135,KUM & GO #1455,"I-44, EXIT 130",Lebanon,MO,3.092,37.67213,-92.65967,gazetteer
70136,FUEL CITY SAGINAW,CR-156,Fort Worth,TX,2.966,32.78195,-97.34857,gazetteer
70137,RUTTERS #8,"I-83, EXIT 14 & SR-182",York,PA,4.199,39.96480,-76.73184,gazetteer
70140,CASEYS #3593,SR-7 & US-50,North Vernon,IN,3.592,39.01485,-85.63005,gazetteer
70142,ONVO TRAVEL PLAZA - AVIS,"US-220, EXIT 118",Avis,PA,3.539,41.18569,-77.31649,gazetteer
70143,KWIK TRIP #104,"I-94, HWY-24, EXIT 178",Clearwater,MN,3.277,45.40988,-94.04456,gazetteer
70144,LOVES TRAVEL STOP #635,"I-49, EXIT 24 & SR-282",Alma,AR,3.459,35.49238,-94.21395,gazetteer
70145,MAVERIK COUNTRY STORE #578,US-26 & US-91,Idaho Falls,ID,3.402,43.48962,-112.03534,gazetteer
70146,MAVERIK COUNTRY STORE #567,"I-90, EXIT 291A",Spokane,WA,3.969,47.66694,-117.43332,gazetteer
70150,LOVES TRAVEL STOP #704,"I-29, EXIT 35B & US-34",Pacific Junction,IA,3.789,41.01797,-95.79945,gazetteer
70151,LOVES TRAVEL STOP #721,"I-45, EXIT 246 & FM-1183",Ennis,TX,3.036,32.32507,-96.63380,gazetteer
70154,Stinker,"US-34, CR-56",Kersey,CO,3.499,40.39558,-104.57833,gazetteer
70155,MARATHON,"US-24, I-96 EXIT 179",Redford,MI,4.999,42.38337,-83.29660,gazetteer
70156,MAVERIK COUNTRY STORE #348,"US-91, SR-130",Cedar City,UT,3.452,37.68382,-113.09554,gazetteer
70158,FLYING J #1068,"I-26, EXIT 194 & SR-16",Summerville,SC,3.509,33.00584,-80.17931,gazetteer
70159,LOVES TRAVEL STOP #717,US-460 & SR-156,Disputanta,VA,3.562,37.12355,-77.22486,gazetteer
70160,COMMON CENTS #212,I-90 & SR-337,Sheridan,WY,3.561,44.79622,-106.96417,gazetteer
70162,PILOT #1049,US-58,Suffolk,VA,3.899,36.69716,-76.63478,gazetteer
70163,KWIK TRIP #598,SR-23,Paynesville,MN,3.399,45.37852,-94.72159,gazetteer
70164,ONVO TRAVEL PLAZA - BLAKESLEE,I-80 EXIT 284,Blakeslee,PA,3.566,41.09259,-75.59269,gazetteer
70168,KWIK TRIP #575,CR-75,Saint Joseph,MN,3.302,45.56507,-94.30207,gazetteer
70169,ROCKING Oil,SR-21,Caldwell,TX,3.099,30.52981,-96.69972,gazetteer
70170,LOVES TRAVEL STOP #716,SR-3005,Elizabethtown,KY,3.599,37.70400,-85.87888,gazetteer
70171,CITGO HERITAGE RIDGE,US-151 & SR-26,Waupun,WI,3.147,43.63155,-88.73753,gazetteer
70172,MACH 1 #3,I-57 & SR-14,Benton,IL,3.379,38.01319,-88.91728,gazetteer
70174,LOVES TRAVEL STOP #701,"I-69, EXIT 176",Capac,MI,3.949,43.00389,-82.92228,gazetteer
70176,MAVERIK COUNTRY STORE #565,I-84,Boise,ID,3.396,43.61350,-116.20345,gazetteer
70177,MAVERIK COUNTRY STORE #497,US-160 & SR-145,Cortez,CO,3.416,37.34978,-108.57669,gazetteer
70179,WORKMANS TRAVEL CENTER,"I-49, EXIT 78 & SR-264",Lowell,AR,3.402,36.25585,-94.15336,gazetteer
70180,Gulf,SR-83,Bensenville,IL,3.059,41.95801,-87.94383,gazetteer
70181,CIRCLE K #2723778,US-501 & SR-78/CR-1303,Sanford,NC,3.049,35.49378,-79.17646,gazetteer
70182,SHELL,US-169,Blue Earth,MN,3.299,43.64099,-94.10034,gazetteer
70183,PILOT # 1134,US-285 & CR-652,Orla,TX,3.759,31.82513,-103.90881,gazetteer
70185,PILOT # 1147,SR-302,Kermit,TX,3.256,31.85392,-103.09239,gazetteer
70187,PILOT # 1146,I-20 & SR-17,Pecos,TX,3.466,31.42291,-103.49323,gazetteer
70188,KUM & GO #0890,I-44 (WESTBOUND),Vinita,OK,3.059,36.64415,-95.06218,gazetteer
70189,HUDSON IRVING 24,SR-3A,Hudson,NH,3.799,42.76381,-71.43201,gazetteer
70190,LOVES TRAVEL STOP #726,I-25 EXIT 191,Belen,NM,3.522,34.76657,-106.80851,gazetteer
70191,LOVES TRAVEL STOP #734,"I-44, EXIT 5 & US-70",Randlett,OK,3.121,34.17735,-98.46392,gazetteer
70192,LOVES TRAVEL STOP #720,"I-49, EXIT 94 & SR-1",Boyce,LA,3.174,31.38989,-92.67037,gazetteer
70207,PILOT TRAVEL CENTERS #1344,I-20 EXIT 425,Fort Worth,TX,2.909,32.78195,-97.34857,gazetteer
70208,GOLDEN GATE PETRO,SR-648,Sparks,NV,3.986,39.57434,-119.71515,gazetteer
70209,PUMP N PETES #42,"I-49, EXIT 66 & CR-K",Jasper,MO,3.199,37.33566,-94.30280,gazetteer
70210,CASEYS #3889,SR-29 & CR-1350,Henry,IL,3.349,41.11737,-89.35728,gazetteer
70214,RACETRAC #688,I-20 & SR-6,Lithia Springs,GA,2.972,33.78249,-84.64849,gazetteer
70216,PILOT TRAVEL CENTER #1110,I-25 & SR-105,Monument,CO,3.579,39.07441,-104.84422,gazetteer
70217,MR GAS #20,I-84 EXIT 165,Jerome,ID,3.407,42.71809,-114.51579,gazetteer
70218,LOVES TRAVEL STOP #725,I-69 & SR-260,Hanson,KY,3.599,37.41801,-87.47896,gazetteer
70219,LOVES TRAVEL STOP #709,US-59 & SR-116,Lufkin,TX,3.649,31.32290,-94.72903,gazetteer
70220,LOVES TRAVEL STOP #497,"I-40, EXIT 154 & US-64",Statesville,NC,3.689,35.78549,-80.87296,gazetteer
70221,PILOT #1092,CR-70 E,Cedar Rapids,IA,3.779,41.96419,-91.67917,gazetteer
70222,GOOD TO GO #45,"US-52 & SR-55, SR-18",Fowler,IN,3.699,40.61723,-87.31793,gazetteer
70223,SPEEDWAY #8749,"I-75, EXIT 116",Flint,MI,3.089,43.02442,-83.69197,gazetteer
70224,GOLDEN GATE PETROLEUM,I-70 EXIT 42,Palisade,CO,3.549,39.10793,-108.35733,gazetteer
70225,Union 76 Pilot,US-130,Riverton,NJ,3.999,40.01114,-75.01413,gazetteer
70229,TA EXPRESS HENDERSON #969,I-11 EXIT 15A,Henderson,NV,3.639,36.00896,-115.02680,gazetteer
70232,RUTTERS #73,"I-81, EXIT 8 & CR-32",Inwood,WV,3.659,39.35382,-78.05519,gazetteer
70233,RUDS,SR-31 & I-94 EXIT 127,New Salem,ND,3.499,46.84305,-101.41794,gazetteer
70238,ROAD RANGER #275,"I-10, EXIT 400 & US-277",Sonora,TX,3.549,30.57065,-100.64177,gazetteer
70240,MAVERIK COUNTRY STORE #370,"I-15, EXIT 10",Saint George,UT,3.542,37.07701,-113.57653,gazetteer
70241,MAVERIK COUNTRY STORE #460,SR-88,Minden,NV,3.526,38.96458,-119.76662,gazetteer
70242,ROAD RANGER #276,"I-35, EXIT 342A",Waco,TX,3.049,31.55799,-97.18975,gazetteer
70243,CASEYS #4415,US-68 & US-31W /SR-526,Bowling Green,KY,2.999,36.97683,-86.43366,gazetteer
70245,YESWAY #1168,US-287 & CR-368,Iowa Park,TX,2.889,33.96277,-98.68087,gazetteer
70246,7-Eleven #37565,SR-944 & SR-9,Miami,FL,3.249,25.77516,-80.20861,gazetteer
70247,EXXON DBA ONE9 #1416,I-20 EXIT 458,Dallas,TX,2.992,32.79333,-96.76651,gazetteer
70249,Caseys #4466,US-231 & SR-100,Scottsville,KY,3.312,36.74926,-86.20762,gazetteer
70251,Marathon,SR-42 & US-49,Hattiesburg,MS,3.032,31.30730,-89.31743,gazetteer
70254,LOVES TRAVEL STOP #732,I-70 & CR-829,Abilene,KS,3.762,38.92450,-97.22800,gazetteer
70255,J&H  FAMILY STORE #152,SR-55,Cadillac,MI,3.259,44.24594,-85.43112,gazetteer
70257,LOVES TRAVEL STOP #739,I-2,Donna,TX,3.649,26.16105,-98.03893,gazetteer
70258,CASEYS #3677,US-59 & SR-30,Slayton,MN,3.299,43.99023,-95.75837,gazetteer
70262,ASAP GENERAL STORE #332,US-70 & US-377,Madill,OK,3.016,34.08708,-96.77466,gazetteer
70263,ENMARKET #769,US-301,Statesboro,GA,3.699,32.43773,-81.77564,gazetteer
70265,Speedee Mart # 2875,I-80 & CR-238,Milford,NE,3.432,40.77257,-97.05412,gazetteer
70266,PILOT #1161,I-20,Odessa,TX,3.566,31.88046,-102.34531,gazetteer
70267,LOVES TRAVEL STOP #728,"I-5, EXIT 238 & SR-164",Albany,OR,3.847,44.62693,-123.09674,gazetteer
70268,CASEYS #3396,SR-92 & SR-149,Sigourney,IA,3.362,41.33397,-92.20445,gazetteer
70269,CASEYS #3589,"I-29, EXIT 2",North Sioux City,SD,3.059,42.53589,-96.49472,gazetteer
70270,CASEYS #3685,US-50/US400  & SR-25,Lakin,KS,3.192,37.94002,-101.25844,gazetteer
70271,CASEYS #1160,US-20,Plainview,NE,3.229,42.35335,-97.78714,gazetteer
70273,SPEEDWAY #5457,"I-264 E, EXIT 14 & SR-864 N",Louisville,KY,3.029,38.16538,-85.64738,gazetteer
70274,Kwik Star #920,US-18 & US-69,Garner,IA,3.399,43.09997,-93.60312,gazetteer
70276,STAR EXPRESS #5,US-301 & SR-648,Petersburg,VA,3.049,37.20473,-77.39237,gazetteer
70277,KWIK TRIP #595,SR-46,Amery,WI,3.561,45.30459,-92.36336,gazetteer
70278,KWIK TRIP #923,"I-41, EXIT 146 & CR-N",Little Chute,WI,3.269,44.29113,-88.32040,gazetteer
70279,KWIK TRIP #926,SR-19 & SR-21,New Prague,MN,3.291,44.54574,-93.57560,gazetteer
70280,LOVES TRAVEL STOP #668,"I-25, EXIT 250 & SR-56",Berthoud,CO,3.391,40.28468,-104.96551,gazetteer
70281,LOVES TRAVEL STOP #645,"I-75, EXIT 18",Monroe,MI,3.239,41.91659,-83.38432,gazetteer
70282,PLEASANT SPRINGS TRAVEL,"I-39, EXIT 147 & CR-N",Cottage Grove,WI,3.391,43.09222,-89.20534,gazetteer
70283,SPEEDWAY #3996,US-12 & SR-120,Round Lake,IL,3.399,42.34318,-88.10210,gazetteer
70284,ROBINSON CORINTH IRVING,"I-395 N, EXIT 3",Corinth,ME,3.932,45.00374,-69.02344,nominatim
70285,IRVING MAINWAY,SR-16 E,Dover Foxcroft,ME,3.866,45.20507,-69.22321,gazetteer
70286,ROBINSONS IRVING,SR-7,Corinna,ME,3.932,44.92274,-69.26585,gazetteer
70287,LOVES TRAVEL STOP #710,US-31 & SR 28,Tipton,IN,3.847,40.28248,-86.04321,gazetteer
70291,LOVES TRAVEL STOP #723,"I-80, EXIT 310 & CR-322",Laramie,WY,3.616,41.30595,-105.60864,gazetteer
70292,FLYING J #1171,I-15,Mesquite,NV,3.706,36.81112,-114.12565,gazetteer
70293,KWIK TRIP #922,US-8,Cameron,WI,3.664,45.40359,-91.73975,gazetteer
70295,SPEEDWAY #8080,I-69 & US-20,Angola,IN,3.599,41.64109,-85.01097,gazetteer
70296,MAVERIK COUNTRY STORE #573,SR-68 & SR-154,Riverton,UT,3.136,40.51763,-111.96352,gazetteer
70297,KWIK STAR #509,SR-169 & BUS-20,Fort Dodge,IA,3.202,42.50986,-94.17567,gazetteer
70298,LOVES TRAVEL STOP #740,"I-95, EXIT 38 & SR-68",Yemassee,SC,3.419,32.67831,-80.84788,gazetteer
70299,Mr Fuel dba Pilot Express #1149,"I-295, EXIT 41 & SR-105",Jacksonville,FL,3.239,30.33686,-81.66160,gazetteer
70300,PILOT #1194,I-10 & US-60,Phoenix,AZ,6.039,33.57215,-112.09013,gazetteer
70301,GOLDEN GATE TRUCKSTOP,I-80 & SR-535,Elko,NV,3.599,40.83811,-115.76781,gazetteer
70302,KWIK TRIP #117,CR-9 & CR-4,Duluth,MN,3.499,46.77446,-92.13414,gazetteer
70303,Kwik Star #1004,US-63,Waterloo,IA,3.574,42.49233,-92.35195,gazetteer
70304,Rusty Lantern,"I-95, EXIT 109A & SR-202",Augusta,ME,3.887,44.33490,-69.73420,gazetteer
70305,LOVES TRAVEL STOP #737,I-40/US-270,El Reno,OK,3.344,35.54183,-97.96127,gazetteer
70306,KWIK STAR #1001,US-6,Newton,IA,3.249,41.69634,-93.04051,gazetteer
70307,KWIK TRIP #592,"I-35, EXIT 159 & CR-1",Rush City,MN,3.377,45.68744,-92.96530,gazetteer
70308,KWIK TRIP #946,SR-32,Pulaski,WI,3.457,44.66821,-88.23428,gazetteer
70309,PILOT #1165,SR-18 & SR-128,Jal,NM,3.366,32.11484,-103.19000,gazetteer
70310,LANCASTER CONVENIENCE,US-2 & US-70,Lancaster,MA,3.706,42.45565,-71.67312,gazetteer
70311,RACING MART,SR-8,Adams,MA,3.699,42.62909,-73.11875,gazetteer
70313,Flyer's #3207,"SR-143, EXIT 2",Phoenix,AZ,3.389,33.57215,-112.09013,gazetteer
70314,CASEYS #2721,US-34,Lincoln,NE,3.337,40.81028,-96.67486,gazetteer
70318,LOVES TRAVEL STOP #738,"I-30/US-67, EXIT 122 & SR-19/SR-11",Sulphur Springs,TX,3.309,33.14311,-95.61470,gazetteer
70319,SPEEDWAY #3650,"I-76, EXIT 11 & SR-261",Wadsworth,OH,3.699,41.02744,-81.73220,gazetteer
70320,SPEEDWAY #7177,"I-24, EXIT 158 & SR-27",Jasper,TN,3.014,35.06826,-85.62116,gazetteer
70321,PILOT TRAVEL CENTER #1132,SR-171 & SR-78,Brawley,CA,4.759,32.97845,-115.52857,gazetteer
70322,INDIAN HILL IRVING,SR 6,Greenville,ME,3.866,45.46611,-69.57786,gazetteer
70324,LOVES TRAVEL STOP #729,CR-17 & US-20,Goshen,IN,3.722,41.57388,-85.82999,gazetteer
70325,KWIK STAR #927,US-169 & US-169 BUS/US-20 BUS,Fort Dodge,IA,3.202,42.50986,-94.17567,gazetteer
70328,Thorntons #7,US-12 & US-45,Franklin Park,IL,3.329,41.93598,-87.87920,gazetteer
70329,1 STOP TRAVEL PLAZA,US-14 & US-83,Pierre,SD,3.382,44.37516,-100.32000,gazetteer
70331,LOVES TRAVEL STOP #707,"I-64, EXIT 21",Covington,VA,3.649,37.78106,-79.98543,gazetteer
70333,KWIK STAR #932,"I-80, EXIT 143 & CR-S14",Altoona,IA,2.959,41.65064,-93.48002,gazetteer
70334,KWIK TRIP #1021,SR-11 & CR-E,Brodhead,WI,3.416,42.61684,-89.37560,gazetteer
70336,SPEEDWAY #3962,"I-39,  EXIT 3 & SR-9",Roscoe,IL,3.469,42.42556,-89.00946,gazetteer
70337,LOVES TRAVEL STOP #700,I-10 EXIT 404 & SR-467,Sonora,TX,3.647,30.57065,-100.64177,gazetteer
70338,LOVES TRAVEL STOP #747,"I-75, EXIT 90",Sidney,OH,3.346,40.28953,-84.16673,gazetteer
70340,PIT STOP,SR-53 & SR-74,Joliet,IL,3.499,41.51687,-88.14796,gazetteer
70341,LOVES TRAVEL STOP #741,US-29,Reidsville,NC,3.999,36.34130,-79.67383,gazetteer
70342,AF TRUCK CENTER,"I-294, EXIT 33 & SR-64",Melrose Park,IL,3.459,41.90299,-87.86365,gazetteer
70343,PILOT TRAVEL CENTER #1103,"I-5, EXIT 208 & SR-530",Arlington,WA,4.559,48.17037,-122.14455,gazetteer
70344,KWIK TRIP #928,US-169,Princeton,MN,3.399,45.56822,-93.59025,gazetteer
70345,LOVES TRAVEL STOP #742,"I-196, EXIT 52",Holland,MI,4.089,42.76705,-86.09857,gazetteer
70346,Kwik Star #924,SR-17 & US-20 EXIT 140,Webster City,IA,3.202,42.46242,-93.81820,gazetteer
70349,WEIGELS #90,SR-139 & SR-66,Kodak,TN,3.199,35.97453,-83.62684,gazetteer
70350,CIRCLE K #2741859,CR-802,Brownsville,TX,3.029,25.99569,-97.45085,gazetteer
70351,MAVERIK COUNTRY STORE #606,US-91,Franklin,ID,3.579,42.00950,-111.80218,gazetteer
70352,KWIK TRIP #1019,CR-5 & SR-65,Isanti,MN,3.474,45.49155,-93.24282,gazetteer
70353,ASAP General Store #314,"US-62, US-81, SR-9",Chickasha,OK,3.132,35.04054,-97.94717,gazetteer
70357,Certified Oil #400489,"I-71, EXIT 104",Columbus,OH,3.409,39.98394,-82.98488,gazetteer
70358,FOOD N FUEL #25,SR-15 & US-12,Milbank,SD,3.369,45.21943,-96.63370,gazetteer
70359,PILOT # 1185,"I-15, EXIT 9   3",Littlefield,AZ,3.689,36.86592,-113.93598,gazetteer
70360,MAVERIK COUNTRY STORE #595,"I-84, EXIT 28",Caldwell,ID,3.369,43.64588,-116.65934,gazetteer
70361,MAVERIK COUNTRY STORE #599,US-89 & CR-122,Thayne,WY,3.669,42.91989,-110.99526,gazetteer
70366,FAST STOP,US-41,Escanaba,MI,3.399,45.74629,-87.08361,gazetteer
70371,KENT KWIK #440,US-277,Haskell,TX,3.539,33.15978,-99.73203,gazetteer
70373,KWIK TRIP #791,US-45 & SR-54,New London,WI,3.484,44.39591,-88.73861,gazetteer
70374,LOVES TRAVEL STOP #746,I-72 & SR-121,Decatur,IL,3.449,39.85598,-88.93375,gazetteer
70375,QUIKTRIP #1853,US-81,Decatur,TX,2.899,33.22592,-97.58699,gazetteer
70376,QUIKTRIP #1935,SR-183,Dallas,TX,2.976,32.79333,-96.76651,gazetteer
70377,WEIGELS #81,I-81 & SR-32,Morristown,TN,3.259,36.20435,-83.30003,gazetteer
70379,SPEEDWAY #7209,US-411 & SR-20,Cartersville,GA,3.116,34.16458,-84.80170,gazetteer
70380,LOVES TRAVEL STOP #714,"I-85, EXIT 29",Charlotte,NC,3.522,35.20905,-80.83099,gazetteer
70383,SPEEDWAY #4400,I-10 & SR-59,Loxley,AL,3.282,30.68459,-87.73921,gazetteer
70385,LONGHORN EXPRESS,US-70,Ardmore,OK,3.009,34.19651,-97.13185,gazetteer
70388,PILOT #1205,"I-20, EXIT 80",Monahans,TX,3.466,31.65572,-103.08369,gazetteer
70389,PILOT #1145,SR-191,Midland,TX,3.566,32.02464,-102.11347,gazetteer
70391,MACH 1 #12,I-57 EXIT 65,West Frankfort,IL,3.199,37.89950,-88.93081,gazetteer
70403,MAVERIK COUNTRY STORE #607,"I-90, EXIT 1",Post Falls,ID,3.376,47.72556,-116.94417,gazetteer
70404,MAVERIK COUNTRY STORE #602,"I-25 EXIT, 138",Colorado Springs,CO,3.289,38.86726,-104.76075,gazetteer
70405,LOVES TRAVEL STOP #760,SR-18 & SR-234,Eunice,NM,3.329,32.43615,-103.14904,gazetteer
70406,LOVES TRAVEL STOP #754,SR-251,Rochelle,IL,3.749,41.91915,-89.06366,gazetteer
70407,BOLLA MARKET,"I-495, EXIT 57",Islandia,NY,3.539,40.80686,-73.17108,gazetteer
70408,BOLLA MARKET,"I-495, EXIT 64",Medford,NY,3.539,40.82198,-72.98592,gazetteer
70409,SPEEDWAY #6512,"I-196, EXIT 49 & SR-40",Holland,MI,3.899,42.76705,-86.09857,gazetteer
70410,SPEEDWAY #4107,I-285 & US-78,Stone Mountain,GA,3.529,33.80419,-84.17142,gazetteer
70411,MARATHON,SR-72,Elberton,GA,3.899,34.10492,-82.87276,gazetteer
70413,CASEYS #3782,US-169 & SR-2,Mount Ayr,IA,3.164,40.71407,-94.23722,gazetteer
70415,GARDEN TRUCK STOP,SR-55 /EXIT 35,Vineland,NJ,3.999,39.46501,-74.99711,gazetteer
70416,ALLSUPS CONVENIENCE STORE #2361,US-54 & US-287,Stratford,TX,2.957,36.33757,-102.07603,gazetteer
70419,FUEL AMERICA TRAVEL CENTER,I-35 EXIT 24,Laredo,TX,3.099,27.56038,-99.48918,gazetteer
70420,Circle K #2709302,SR-67,Decatur,AL,3.507,34.57299,-86.98990,gazetteer
70421,CASEYS #3581,US-62/US-67,Corning,AR,3.282,36.41368,-90.58361,gazetteer
70422,CIRCLE K #2741675,"I-10, EXIT 134",Tolleson,AZ,3.519,33.44837,-112.25601,gazetteer
70424,LOVES TRAVEL STOP #743,"I-75, EXIT 144A",Bridgeport,MI,3.279,43.37082,-83.88196,gazetteer
70425,LOVES TRAVEL STOP #731,"I-79, EXIT 105 & SR-108",Slippery Rock,PA,4.249,41.06949,-80.05793,gazetteer
70426,BISHOPS TRAVEL CENTER,US-27,Attapulgus,GA,3.699,30.74949,-84.48389,gazetteer
70428,PARKERS #63 (DISCOUNT AVAILABLE),US-301,Jesup,GA,3.116,31.59457,-81.89570,gazetteer
70429,BP,SR-76,Adel,GA,2.969,31.12480,-83.42548,gazetteer
70430,SPRINT FOODS #715,I-520 & SR-56,Augusta,GA,3.192,33.36553,-82.07342,gazetteer
70431,TA EXPRESS HOLSTEIN #941,I-20 E,Holstein,IA,3.559,42.48715,-95.54288,gazetteer
70433,GAS N WASH,SR-126,Plainfield,IL,3.599,41.63030,-88.24528,gazetteer
70434,HUCKS FOOD & FUEL #371,SR-148 & SR-142,Mount Vernon,IL,3.099,38.31421,-88.91747,gazetteer
70436,CASEYS #3492,US-36,Marysville,KS,3.299,39.84369,-96.63888,gazetteer
70437,Thorntons #155,"SR-1020 N, & SR1065 E",Louisville,KY,2.906,38.16538,-85.64738,gazetteer
70438,BREAU BRIDGE TRUCKSTOP AND CASINO,SR-94,Breaux Bridge,LA,3.229,30.28310,-91.90592,gazetteer
70439,CHEVRON,I-20 & SR-151,Arcadia,LA,3.189,32.55085,-92.92137,gazetteer
70440,MOUND MINI MART,I-696,Warren,MI,3.699,42.49290,-83.02500,gazetteer
70441,BREAK TIME #3165,US-50 & SR-13,Warrensburg,MO,3.292,38.76238,-93.72534,gazetteer
70443,GLUCKSTADT FLEETWAY,"I-55, EXIT 112",Madison,MS,3.199,32.47388,-90.13087,gazetteer
70445,CASEYS #3514,SR-1,Oakes,ND,3.382,46.13970,-98.08712,gazetteer
70446,ALLSUPS CONVENIENCE STORE #2220,US-285,Loving,NM,3.599,32.28623,-104.09776,gazetteer
70447,84 QUIK STOP,"I-84, EXIT 3 & US-6",New Hampton,NY,3.459,41.41093,-74.40710,gazetteer
70448,CIRCLE K #4707623,"I-81, EXIT 31",Brewerton,NY,4.089,43.23243,-76.14482,gazetteer
70450,QUEENSBURY,SR-149,Queensbury,NY,3.789,43.37729,-73.61317,gazetteer
70452,LOVES TRAVEL STOP #749,SR-78,Westmorland,CA,4.779,33.03900,-115.62244,gazetteer
70453,MARIETTA PETROLEUM,"I-35, EXIT 15 & SR-32",Marietta,OK,2.922,33.93617,-97.12472,gazetteer
70454,DANDY MINI MART #36,US-220,Monroeton,PA,4.032,41.71258,-76.47466,gazetteer
70455,RUTTERS #37,US-332/US-22 & SR-75,Mifflintown,PA,4.099,40.57117,-77.39514,gazetteer
70456,RUTTERS #67,SR-16 & SR-75,Mercersburg,PA,4.399,39.83189,-77.90289,gazetteer
70457,RUTTERS #15,"I-83, EXIT 22 & SR-4009",York,PA,4.199,39.96480,-76.73184,gazetteer
70458,STOP-A MINIT,US-25 & SR-418,Pelzer,SC,2.899,34.64286,-82.46047,gazetteer
70459,GET N GO #22,I-90 & SR-115,Sioux Falls,SD,2.939,43.54070,-96.73196,gazetteer
70461,CIRCLE K #2741074,I-35 & FM-1103,New Braunfels,TX,2.844,29.69931,-98.11513,gazetteer
70463,CIRCLE K #2741496,US-290,Chappell Hill,TX,2.999,30.14272,-96.25691,gazetteer
70466,Circle K #2741925,SR-19,Trinity,TX,2.899,30.94445,-95.37356,gazetteer
70467,QUIKTRIP #598,"I-80, EXIT 439, SR-370",Omaha,NE,2.927,41.26270,-96.05348,gazetteer
70468,CIRCLE K #2741325,I-14 & SR-121,Belton,TX,2.886,31.05234,-97.47954,gazetteer
70469,TA EXPRESS #286,I-30 & SR-423,Mount Vernon,TX,3.299,33.17743,-95.22445,gazetteer
70472,SHELL/ONE9 #1304,I-820 & CR-156,Fort Worth,TX,2.892,32.78195,-97.34857,gazetteer
70474,EXXON,"I-30, EXIT 42A",Dallas,TX,3.499,32.79333,-96.76651,gazetteer
70476,KWIK TRIP #1037,SR-65/23,Mora,MN,3.394,45.87698,-93.29028,gazetteer
70479,CROSSROADS MARKET,US-60 & SR-657,Gladstone,VA,3.439,37.54681,-78.84946,gazetteer
70480,BIG B TRUCK STOP,"I-90, EXIT 321",Sprague,WA,3.899,47.30489,-117.97129,gazetteer
70481,GOHL POST BP,"I-39, EXIT 100",Endeavor,WI,3.176,43.71439,-89.46917,gazetteer
70482,BIG D OIL #19,SR-259 & SR-387,Midwest,WY,3.459,43.41077,-106.27729,gazetteer
70483,BOLLA MARKET,SR-27 & CR-47,Copiague,NY,3.399,40.67036,-73.39276,gazetteer
70484,ALLSUPS CONVENIENCE STORE #2117,SR-18 & CR-97,Lovington,NM,3.104,32.94447,-103.34923,gazetteer
70485,ALLSUPS CONVENIENCE STORE #2145,SR-132,Hobbs,NM,3.382,32.72909,-103.16059,gazetteer
70488,ALLSUPS CONVENIENCE STORE #2365,US-380 & SR-214,Plains,TX,3.369,33.18833,-102.82148,gazetteer
70491,MFA OIL PETRO CARD 24,US-36,Hamilton,MO,3.241,39.74354,-94.00240,gazetteer
70492,KWIK TRIP #1033,US-51 EXIT 191B,Wausau,WI,3.454,44.96177,-89.64654,gazetteer
70493,LOVES TRAVEL STOP #759,US-63/SR-11,Hazen,AR,3.226,34.78137,-91.55806,gazetteer
70494,7-ELEVEN #37570,I-76/US-6,Commerce City,CO,3.639,39.88279,-104.79491,gazetteer
70495,LOVES TRAVEL STOP #689,US-65 & US-82,Lake Village,AR,3.269,33.32918,-91.28479,gazetteer
70496,KWIK TRIP #1015,"I-43, EXIT 171",Denmark,WI,3.362,44.34934,-87.83120,gazetteer
70498,KWIK TRIP #939,"SR-29, EXIT 101",Stanley,WI,3.469,44.95938,-90.94372,gazetteer
70500,STRIPES 7FLEET #42526,SR-289,Lubbock,TX,3.056,33.56190,-101.88888,gazetteer
70501,STRIPES 7FLEET #42527,SR-191 & US-349,Midland,TX,3.472,32.02464,-102.11347,gazetteer
70502,STRIPES 7FLEET #42532,SR-302 & FM-1936,Odessa,TX,3.099,31.88046,-102.34531,gazetteer
70503,STRIPES 7FLEET #42491,US-67 & SR-137,Big Lake,TX,3.549,31.19411,-101.45341,gazetteer
70505,STRIPES #42593,LOOP 289 & MLK BLVD,Lubbock,TX,2.966,33.56190,-101.88888,gazetteer
70507,ALLSUPS CONVENIENCE STORE #2154,SR-206 / US-283,Coleman,TX,3.159,31.83138,-99.42220,gazetteer
70508,7-ELEVEN #34715,I-294 EXIT 20,Schiller Park,IL,4.579,41.95863,-87.86932,gazetteer
70509,ALLSUPS CONVENIENCE STORE #2108,US-377 & US-183,Early,TX,2.932,31.74215,-98.93660,gazetteer
70510,ALLSUPS CONVENIENCE STORE #2147,SR-6 & CR-454,De Leon,TX,3.159,32.11135,-98.53516,gazetteer
70516,STRIPES 7FLEET #42528,"I-20, EXIT 217 & SR-139",Colorado City,TX,2.899,32.39949,-100.85830,gazetteer
70527,THORNTONS #164,I-65 EXIT 16 & US-31,Memphis,IN,3.626,38.49482,-85.76704,gazetteer
70530,LOVES TRAVEL STOP #767,FM-511 & SR-48,Brownsville,TX,3.156,25.99569,-97.45085,gazetteer
70538,SPEEDWAY #9329,"I-64 EXIT 43, SR 395 & 2823",Waddy,KY,3.149,38.13702,-85.07440,gazetteer
70539,PILOT #1174,"I-70/SR-1, EXIT 147",Marshall,IL,3.299,39.39953,-87.69117,gazetteer
70540,LOVES TRAVEL STOP #674,US-27 & SR-60,Lake Wales,FL,3.552,27.92070,-81.59950,gazetteer
70541,Kwik Star#1012,US-71 & SR-9,Spirit Lake,IA,3.299,43.41666,-95.11307,gazetteer
70543,ALLSUPS CONVENIENCE STORE #2078,US-60,White Deer,TX,2.969,35.43340,-101.17585,gazetteer
70544,ALLSUPS CONVENIENCE STORE #2100,US-87,Odonnell,TX,3.099,32.96520,-101.83084,gazetteer
70545,ALLSUPS CONVENIENCE STORE #2205,SR-83,Denver City,TX,3.366,32.96787,-102.83222,gazetteer
70546,ALLSUPS CONVENIENCE STORE #2370,US-287 & SR-70,Clarendon,TX,2.929,34.93691,-100.89211,gazetteer
70547,ALLSUPS CONVENIENCE STORE #2140,SR-114,Bridgeport,TX,2.899,33.21045,-97.77247,gazetteer
70548,ALLSUPS CONVENIENCE STORE #2114,US-84,Muleshoe,TX,3.191,34.22918,-102.72838,gazetteer
70549,ALLSUPS CONVENIENCE STORE #2194,214 PLAINS HIGHWAY,Denver City,TX,3.382,32.96787,-102.83222,gazetteer
70551,KWIK TRIP #1047,SR-100 & SR-59,Milwaukee,WI,3.541,43.06335,-87.96670,gazetteer
70552,KWIK TRIP #941,US-2,Duluth,MN,3.499,46.77446,-92.13414,gazetteer
70553,KWIK TRIP #1028,US-59,Worthington,MN,3.166,43.62873,-95.59970,gazetteer
70554,HORSESHOE CONVENIENCE,SR 302 & IC 200,Mentone,TX,3.107,31.70744,-103.59888,gazetteer
70555,THORNTONS #615,I-40 EXIT 188,Kingston Springs,TN,2.982,36.08187,-87.10896,gazetteer
70556,ZIP ZONE EXPRESS,US-23,Catlettsburg,KY,3.699,38.41704,-82.60302,gazetteer
70558,LOVES TRAVEL STOP #752,"I-43, EXIT 25 & SR-67",Elkhorn,WI,3.241,42.67160,-88.53626,gazetteer
70559,KWIK TRIP #1026,"HWY-23/ HWY-169, EXIT 23",Milaca,MN,3.369,45.75803,-93.65157,gazetteer
70560,PILOT DEALER #1235,"I-8, EXIT 42",Tacna,AZ,3.599,32.70043,-113.96179,gazetteer
70561,PILOT #1143,I-20 & SR-302,Odessa,TX,3.599,31.88046,-102.34531,gazetteer
70562,SPEEDWAY #7161,I-65 & US-31,Portland,TN,3.024,36.59749,-86.52662,gazetteer
70563,PILOT DEALER #1234,US-93 & CR-145,Willow Beach,AZ,3.839,35.86978,-114.66007,nominatim
70564,SPEEDWAY #7236,"I-90/SR-2, EXIT 151",Avon,OH,3.659,41.44510,-82.00511,gazetteer
70565,Kwik Star #1025,SR-9/SR-4,Estherville,IA,3.332,43.39973,-94.83422,gazetteer
70567,LEDGEWOOD BP,I-80/SR-46,Ledgewood,NJ,3.299,40.88327,-74.66803,gazetteer
70571,LOVES TRAVEL STOP #748,"I-90, I-80 & SR-49",Edon,OH,3.887,41.55617,-84.76937,gazetteer
70572,LOVES TRAVEL STOP #745,I-94,Saint Clair,MI,3.949,42.82653,-82.49243,gazetteer
70573,KWIK TRIP #1038,US-12,Prairie Du Sac,WI,3.484,43.29393,-89.73523,gazetteer
70574,SPEEDWAY #3961,"I-55, EXIT 109",Williamsville,IL,3.299,39.95611,-89.54363,gazetteer
70575,SPEEDWAY #6721,SR 51,Mc Kees Rocks,PA,3.899,40.46902,-80.06333,gazetteer
70576,KWIK TRIP #593,"I-94, EXIT 41 & SR-25",Menomonie,WI,3.574,44.88920,-91.90957,gazetteer
70577,SPEEDWAY #3715,US-30,Crest Hill,IL,3.299,41.57436,-88.11326,gazetteer
70578,COMMON CENTS #125,"I-90/US-14, EXIT 61",Rapid City,SD,3.207,44.07107,-103.21792,gazetteer
70579,Exxon/One9 #1338,I-35 & CR-372,Jarrell,TX,2.886,30.81026,-97.61512,gazetteer
70580,LOVES TRAVEL STOP #753,I-90 EXIT 96 & SR-474,Missoula,MT,3.674,46.87436,-114.02614,gazetteer
70581,LOVES TRAVEL STOP #773,"SR-14 & I-59/20, EXIT 40",Eutaw,AL,3.137,32.84625,-87.90033,gazetteer
70582,Kwik Star #1039,I-80 EXIT 301,Bettendorf,IA,3.649,41.56684,-90.47688,gazetteer
70583,LOVES TRAVEL STOP #783,US-60 & US-63,Willow Springs,MO,3.419,36.98675,-91.96155,gazetteer
70584,PILOT TRAVEL CENTER #1209,"I-20, EXIT 136 & SR-349",Midland,TX,3.566,32.02464,-102.11347,gazetteer
70586,MAVERIK COUNTRY STORE #610,I-80,Winnemucca,NV,3.389,40.96443,-117.72458,gazetteer
70587,MAVERIK COUNTRY STORE #623,US-89,Gunnison,UT,3.419,39.15693,-111.81352,gazetteer
70588,SPEEDWAY #7217,I-70 EXIT 49,Smithton,PA,3.916,40.15381,-79.74167,gazetteer
70590,CIRCLE K #2722291,US-1 & SR-206,Saint Augustine,FL,3.379,29.89615,-81.31113,gazetteer
70591,SPEEDWAY #6465,"I-77, EXIT 101",Canton,OH,3.607,40.80765,-81.36723,gazetteer
70592,LOVES TRAVEL STOP #751,"I-20, EXIT 87",Elgin,SC,3.426,34.66579,-80.72093,gazetteer
70593,LOVES TRAVEL STOP #735,I-75/SR-401,Calhoun,GA,3.279,34.49979,-84.93306,gazetteer
70597,SPEEDWAY #9394,SR-4 & US-25,Lexington,KY,3.129,37.98869,-84.47772,gazetteer
70598,SPEEDWAY #7175,US-78 & SR-175,Memphis,TN,3.199,35.10916,-89.96851,gazetteer
70599,Jet Food Store,US-278,Warrenton,GA,3.416,33.40766,-82.66512,gazetteer
70600,KWIK STAR #1027,US-65,Mason City,IA,3.264,43.14776,-93.20040,gazetteer
70601,24/7 TRAVEL STORE,I-70 EXIT 275,Abilene,KS,2.994,38.92450,-97.22800,gazetteer
70603,ROAD RANGER #277,"I-30, EXIT 201 & SR-8",New Boston,TX,3.081,33.46111,-94.41910,gazetteer
70604,KWIK STAR #940,US-69 & SR-9,Forest City,IA,3.449,43.25708,-93.63656,gazetteer
70605,SPEEDWAY #1042,"I-55 & SR-50, EXIT 286",Cicero,IL,3.569,41.84454,-87.75929,gazetteer
70606,SPEEDWAY #7179,"I-65 & SR-101, EXIT 38",Smiths Grove,KY,3.066,37.05020,-86.20808,gazetteer
70607,SPEEDWAY #8544,"I-55 & US-6, EXIT 24B",Channahon,IL,3.249,41.42279,-88.26295,gazetteer
70608,KWIK TRIP #1017,US-10/SR-47,Anoka,MN,3.624,45.21440,-93.39164,gazetteer
70609,JP TRAVEL PLAZA,"I-75, EXIT 205 & SR-16",Jackson,GA,3.159,33.29236,-83.96785,gazetteer
70611,Shell,US-6 & SR-3,Kendallville,IN,3.499,41.44336,-85.25815,gazetteer
70612,SHREES TRUCK STOP #2,I-90 EXIT 101,Thorp,WA,3.809,47.06548,-120.67084,gazetteer
70615,THORNTONS #0334,I-57 EXIT 350 & SR-83,Posen,IL,3.399,41.62907,-87.68584,gazetteer
70618,LOVES TRAVEL STOP #744,"I-270 N, EXIT 49",Lockbourne,OH,3.456,39.80890,-82.98729,gazetteer
70619,KWIK TRIP #1049,US-212 & CR-68,Glencoe,MN,3.524,44.76957,-94.15103,gazetteer
70620,LOVES TRAVEL STOP #779,I-30 EXIT 97,Malvern,AR,3.499,34.37358,-92.82125,gazetteer
70621,FRIENDLY GUS STORE #24,I-16 EXIT 53 & SR-19,Dublin,GA,3.399,32.53547,-82.92881,gazetteer
70622,SPEEDWAY #6781,US-422,Douglassville,PA,3.799,40.25990,-75.72423,gazetteer
70623,SPEEDWAY #1127,"I-55, EXIT 267 & SR-53",Bolingbrook,IL,3.299,41.68747,-88.10622,gazetteer
70624,KWIK STAR #929,I-74 EXIT 2,Bettendorf,IA,3.599,41.56684,-90.47688,gazetteer
70625,BROWNVILLE IRVING,SR-11,Brownville,ME,3.932,45.30700,-69.03337,gazetteer
70626,GOLDEN GATE PETROLEUM,"I-70, EXIT 97",Silt,CO,3.459,39.54798,-107.65274,gazetteer
70628,PILOT #1195,"I-90, EXIT 106",Ellensburg,WA,3.839,47.00012,-120.54954,gazetteer
70629,KWIK TRIP #930,"I-35, EXIT 147 & SR-95",North Branch,MN,3.402,45.50988,-92.95565,gazetteer
70630,SPEEDWAY #3632,"I-76, EXIT 33 & SR-43",Kent,OH,3.532,41.14756,-81.36196,gazetteer
70632,CIRCLE K #4706705,SR-394,Crete,IL,3.499,41.44052,-87.62447,gazetteer
70634,CORNER MARKET #101,US-83 & SR-96,Scott City,KS,3.359,38.47887,-100.90305,gazetteer
70635,CIRCLE K #4705706,US-224 & SR-99,Willard,OH,3.599,41.05194,-82.72353,gazetteer
70637,CIRCLE K #2704111,I-2/US-83 & CR-493,Donna,TX,3.009,26.16105,-98.03893,gazetteer
70638,LOVES TRAVEL STOP #769,"I-70, EXIT 358A & US-75",Topeka,KS,3.284,39.03467,-95.69619,gazetteer
70640,LOVES TRAVEL STOP #794,SR-3/SR-33,Watonga,OK,3.376,35.84750,-98.40273,gazetteer
70641,LOVES TRAVEL STOP #706,"I-81/I-64, EXIT 213",Staunton,VA,3.649,38.15798,-79.06188,gazetteer
70642,LOVES TRAVEL STOP #776,"I-20, EXIT 15",Vicksburg,MS,3.549,32.32200,-90.88156,gazetteer
70643,LOVES TRAVEL STOP #774,US-431/CR-248,Smiths Station,AL,3.194,32.52285,-85.09942,gazetteer
70644,KWIK TRIP #1031,I-494 EXIT 20,Delano,MN,3.524,45.03827,-93.79301,gazetteer
70645,QUIKTRIP #4048,"I-410, EXIT164B",San Antonio,TX,2.966,29.46281,-98.52464,gazetteer
70646,KWIK TRIP #1051,I-43 & CR-N,Green Bay,WI,3.441,44.52154,-87.98657,gazetteer
70647,PILOT #1227,I-20 EXIT 66,Pyote,TX,3.466,31.53807,-103.12248,gazetteer
70648,BARRINGTON APPLEGREEN,SR-125 & SR-9,Barrington,NH,3.899,43.22286,-71.04701,gazetteer
70649,KWIK TRIP #931,SR-95,North Branch,MN,3.427,45.50988,-92.95565,gazetteer
70650,MAVERIK COUNTRY STORE #581,"I-15 N, EXIT 334 & SR-193",Clearfield,UT,3.336,41.09701,-112.01792,gazetteer
70651,WALBURG TRAVEL CENTER,"I-35, EXIT 266",Georgetown,TX,2.832,30.66814,-97.69874,gazetteer
70652,ROADYS MACH 1 #14,I-57 EXIT 94,Mount Vernon,IL,3.099,38.31421,-88.91747,gazetteer
70653,MACH 1 #24,I-74 EXIT 215A & SR-1,Tilton,IL,3.199,40.09498,-87.64215,gazetteer
70655,GOLDEN GATE PETROLEUM,US-6,Grand Junction,CO,3.499,39.08906,-108.56745,gazetteer
70656,LOVES TRAVEL STOP #757,"US-23, EXIT 25",Milan,MI,3.489,42.08135,-83.68479,gazetteer
70657,INTERFUEL,I-96 EXIT 167,Springfield,VA,3.899,38.78157,-77.18392,gazetteer
70658,CASEYS #3708,SR-235,New Carlisle,OH,3.259,39.94444,-84.02767,gazetteer
70660,CASEYS #3852,"I-35, EXIT 33 & US-34",Creston,IA,3.349,41.06031,-94.36473,gazetteer
70661,CASEYS #3238,US-52 EXIT 64 & CR-12,Oronoco,MN,3.516,44.15845,-92.53919,gazetteer
70662,GETGO #3202,I-79 EXIT 183A,Erie,PA,3.899,42.11659,-80.07350,gazetteer
70663,LENNYS GAS N WASH BOURBONNAIS,US-45/US-52,Bourbonnais,IL,3.299,41.18299,-87.87847,gazetteer
70665,POCO LOCO MARKET,I-35 EXIT 219,Buda,TX,2.892,30.08040,-97.85570,gazetteer
70666,Thorntons #322,"I-55, EXIT 288",Chicago,IL,3.599,41.83705,-87.68494,gazetteer
70668,LOVES TRAVEL STOP #784,US-30 & CR-9,Schuyler,NE,3.282,41.45013,-97.06159,gazetteer
70669,TA EXPRESS BIGGS,"I-84, EXIT 104 & US-97",Wasco,OR,3.199,45.59166,-120.69746,gazetteer
70670,MAVERIK COUNTRY STORE #625,"I-215, EXIT 27 & CR-68",North Salt Lake,UT,3.442,40.84712,-111.91878,gazetteer
70673,PAC PRIDE,SR-202,Mesa,AZ,4.024,33.40063,-111.71649,gazetteer
70674,ALLTOWN FRESH #769,SR-111,Ayer,MA,3.649,42.56222,-71.58484,gazetteer
70676,PAC PRIDE,"I-10, EXIT 138",Phoenix,AZ,4.037,33.57215,-112.09013,gazetteer
70677,PAC PRIDE,US-60,Glendale,AZ,4.024,33.53311,-112.18990,gazetteer
70679,PAC PRIDE,"I-10, EXIT 151",Phoenix,AZ,4.024,33.57215,-112.09013,gazetteer
70681,PETRO STOP,US-60,Mesa,AZ,4.016,33.40063,-111.71649,gazetteer
70682,LOVES TRAVEL STOP #758,"I-255/US-50, EXIT 15",East Saint Louis,IL,3.379,38.61636,-90.13053,gazetteer
70686,HOLIDAY STATIONSTORE #2746471,US-12,Hudson,WI,3.539,44.96388,-92.73025,gazetteer
70687,RUTTERS #87,"I-99, EXIT 78B & SR-150",Bellefonte,PA,4.016,40.91421,-77.76820,gazetteer
70691,QUIKTRIP #4049,"I-10/US-90, EXIT 583",San Antonio,TX,2.966,29.46281,-98.52464,gazetteer
70692,RUTLAND ROUTE 7 IRVING,US-4 & US-7,Rutland,VT,3.699,43.60967,-72.97779,gazetteer
70693,MAPCO #3507,US-76 & SR-71,Dalton,GA,3.119,34.76790,-84.97281,gazetteer
70695,ALLSUPS CONVENIENCE STORE #2132,US-54 & US-380,Carrizozo,NM,3.282,33.64334,-105.84113,gazetteer
70696,DK #11822,I-20 EXIT 131,Midland,TX,2.857,32.02464,-102.11347,gazetteer
70698,ALLSUPS CONVENIENCE STORE #2038,US-54,Logan,NM,3.199,35.35548,-103.45302,gazetteer
70699,QUIK STOP,US-79,Paris,TN,2.959,36.29274,-88.30806,gazetteer
70700,PATRIOT FUELING CENTER,US-231/SR-9,Wetumpka,AL,3.199,32.54038,-86.20700,gazetteer
70704,KUM & GO #0702,"I-44, EXIT 6 & SR-86",Joplin,MO,3.009,37.07522,-94.50126,gazetteer
70705,CASEYS #3464,SR-48 & CR-10,Morrisonville,IL,3.759,39.42167,-89.45901,gazetteer
70706,BIG APPLE TRAVEL CENTER,I-44/US-71,Joplin,MO,3.212,37.07522,-94.50126,gazetteer
70707,TA Express West Point #283,"I-85/SR-403, EXIT 2 & SR-18",West Point,GA,3.666,32.89852,-85.14150,gazetteer
70708,LOVES TRAVEL STOP #785,"I-96, EXIT 90",Grand Ledge,MI,3.949,42.75293,-84.74490,gazetteer
70709,VP Racing Fuels,SR-19,Center,MO,3.166,39.50944,-91.52934,gazetteer
70714,PILOT TRAVEL CENTER #1281,US-89,Page,AZ,3.999,36.94181,-111.51328,gazetteer
70717,Certified Oil #400491,I-270 EXIT 52,Columbus,OH,3.202,39.98394,-82.98488,gazetteer
70718,ROAD RANGER #278,"I-40, EXIT 216 & US-49",Brinkley,AR,3.199,34.88978,-91.18982,gazetteer
70719,FAST LANE #31,"I-70, EXIT 183",Jonesburg,MO,3.299,38.85638,-91.30316,gazetteer
70720,SPEEDWAY #4453,SR-23,Sauk Rapids,MN,3.189,45.59472,-94.15275,gazetteer
70722,SPEEDWAY #9935,I-90 EXIT 35 & SR-298,Syracuse,NY,4.099,43.04100,-76.14355,gazetteer
70723,SPEEDWAY #9932,I-99 EXIT 8 & SR-417,Painted Post,NY,4.099,42.16376,-77.09238,gazetteer
70724,LOVES TRAVEL STOP #790,"I-95, EXIT108",Summerton,SC,3.509,33.60148,-80.35265,gazetteer
70725,LOVES TRAVEL STOP #782,"I-24 & US-41, EXIT 86",Oak Grove,KY,3.142,36.67377,-87.42251,gazetteer
70726,CASEYS #1195,US-36,Belleville,KS,3.339,39.82434,-97.63385,gazetteer
70727,CASEYS #2998,US-75 & SR-23,Pipestone,MN,3.449,43.99592,-96.31108,gazetteer
70728,CASEYS #3245,US-81,Freeman,SD,3.299,43.34752,-97.43079,gazetteer
70729,CASEYS #3785,US-14,Fort Pierre,SD,3.399,44.36660,-100.38233,gazetteer
70730,CASEYS #3855,US-81,Yankton,SD,3.139,42.88975,-97.39269,gazetteer
70731,PILOT TRAVEL CENTERS #1181,IL-38 E,Rochelle,IL,3.759,41.91915,-89.06366,gazetteer
70732,MAVERIK COUNTRY STORE #627,I-15 EXIT 303,Salt Lake City,UT,3.442,40.77693,-111.93099,gazetteer
70733,CASEYS #1607,US-63,Macon,MO,3.291,39.74223,-92.47055,gazetteer
70735,CASEYS #1778,SR-267/SR-111,Brighton,IL,3.239,39.04086,-90.14004,gazetteer
70736,CASEYS #1941,"I-35, EXIT 90 & SR-160",Ankeny,IA,3.139,41.73016,-93.60108,gazetteer
70738,QUIKTRIP #7061,I-49 EXIT 39A,Joplin,MO,3.022,37.07522,-94.50126,gazetteer
70739,CASEYS #2602,US-36/SR-5 & SR-11,Brookfield,MO,3.249,39.78533,-93.07797,gazetteer
70740,JACK FLASH,"I-70, EXIT 82 & SR 128",Altamont,IL,3.099,39.05611,-88.74692,gazetteer
70741,CASEYS #3590,US-27,Geneva,IN,3.594,40.59672,-84.95725,gazetteer
70742,CASEYS #3653,SR-14,Greene,IA,3.599,42.89651,-92.80354,gazetteer
70743,CASEYS #3659,US-10 & SR-115,Randall,MN,3.486,46.08867,-94.50072,gazetteer
70744,CASEYS #3686,I-80 EXIT 81,Utica,IL,2.969,41.34059,-89.01008,gazetteer
70745,CASEYS #3752,",",Mountain Lake,MN,3.402,43.94013,-94.92770,gazetteer
70746,CASEYS #3085,US-34 & SR-14,Aurora,NE,3.099,40.86466,-98.00807,gazetteer
70747,CASEYS #3702,US-377/SR-99 & SR-9,Seminole,OK,3.026,35.23477,-96.64933,gazetteer
70748,CASEYS #3717,US-218,Vinton,IA,3.199,42.16311,-92.02621,gazetteer
70750,CASEYS #3787,"I-35, EXIT 222",Blackwell,OK,2.999,36.80134,-97.30087,gazetteer
70751,CASEYS #3795,"I-43, EXIT 96",Saukville,WI,3.289,43.38895,-87.94390,gazetteer
70752,CASEYS #3755,SR-7/SR-27,Russellville,AR,3.419,35.27633,-93.13874,gazetteer
70753,CASEYS #3798,"I-44, EXIT 211",Drumright,OK,3.119,35.98992,-96.59742,gazetteer
70754,CASEYS #3758,US-77,Douglass,KS,3.264,37.51694,-97.01042,gazetteer
70755,CASEYS #3809,US-56 & SR-51,Hugoton,KS,3.392,37.17451,-101.34454,gazetteer
70756,CASEYS #3780,US-40,Tonganoxie,KS,3.159,39.10789,-95.07909,gazetteer
70757,CASEYS #3811,US-69,McAlester,OK,3.226,34.92613,-95.77362,gazetteer
70759,CASEYS #3832,"I-35, EXIT 40A & US-14",Janesville,MN,3.582,44.11985,-93.70970,gazetteer
70760,CASEYS #2730,US-34 & SR-15,Seward,NE,3.369,40.90921,-97.09610,gazetteer
70761,CASEYS #3841,"US-61, EXIT 5",Kieler,WI,3.489,42.58231,-90.60518,gazetteer
70763,CASEYS #3854,"US-20, EXIT 275 & SR-13",Manchester,IA,3.546,42.48534,-91.45609,gazetteer
70764,CASEYS #3856,"I-51, EXIT 48 & SR-251",Tonica,IL,3.069,41.21587,-89.06996,gazetteer
70765,CEFCO #103,SR-36,Temple,TX,2.966,31.10494,-97.38851,gazetteer
70767,CASEYS #3493,SR-72,Shannon,IL,3.699,42.15245,-89.74017,gazetteer
70768,CASEYS #3497,SR-29,South Pekin,IL,3.619,40.49550,-89.65238,gazetteer
70769,CASEYS #3527,US-169 & US-60,Nowata,OK,3.182,36.69926,-95.63747,gazetteer
70770,CASEYS #3528,SR-92,Washington,IA,3.271,41.29791,-91.69367,gazetteer
70771,CASEYS #3545,US-14/CR-27,Sleepy Eye,MN,3.332,44.29895,-94.72359,gazetteer
70772,CASEYS #3554,"I-70, EXIT 52",Mulberry Grove,IL,3.489,38.92527,-89.26195,gazetteer
70773,CASEYS #3575,US-36,Seneca,KS,3.159,39.83800,-96.06961,gazetteer
70774,CASEYS #3079,"US-20, EXIT 71 & US-71",Early,IA,3.299,42.46110,-95.15241,gazetteer
70775,CASEYS #3576,US-56,Overbrook,KS,3.196,38.77937,-95.55697,gazetteer
70776,CASEYS #3579,US-36,Smith Center,KS,3.179,39.77394,-98.78347,gazetteer
70778,CASEYS #3588,"I-75 N, EXIT 69",Tipp City,OH,3.099,39.96447,-84.18638,gazetteer
70779,CASEYS #3204,"I-80, EXIT 29 & I-880, EXIT 29A",Minden,IA,3.159,41.46941,-95.54320,gazetteer
70780,CASEYS #3306,SR-15 & CR-47/CR-136,Saint Cloud,MN,3.249,45.52666,-94.17101,gazetteer
70782,CASEYS #3465,"I-80, EXIT 285 & US-30",Gibbon,NE,3.049,40.74593,-98.84585,gazetteer
70783,ENMARKET #820,"I-95/SR-405, EXIT 109 & SR-21",Port Wentworth,GA,3.091,32.19201,-81.20573,gazetteer
70784,CIRCLE K #2723046,"I-95, EXIT 41 & SR-59/CR2252",Hope Mills,NC,2.909,34.96919,-78.95989,gazetteer
70785,CIRCLE K #2705347,"I-77, EXIT 5 & SR-48",Columbia,SC,3.204,34.04052,-80.90610,gazetteer
70786,CIRCLE K #2741502,"I-37, EXIT 9",Corpus Christi,TX,3.061,27.75425,-97.17338,gazetteer
70787,LOVES TRAVEL STOP #778,"I-16, EXIT 143 & US-280",Ellabell,GA,3.296,32.12354,-81.48567,gazetteer
70788,SPEEDWAY #1031,"I-480 & I-271, EXIT 26",Bedford,OH,3.649,41.39212,-81.53468,gazetteer
70789,7FLEET #46080,"I-41 & US-41, EXIT 133",Neenah,WI,3.449,44.16492,-88.47963,gazetteer
70791,LOVES TRAVEL STOP #791,"I-40, EXIT 126",Holladay,TN,3.122,35.87195,-88.14494,gazetteer
70792,ANEW TRAVEL CENTER,US-6/34 & CR-410,Cambridge,NE,3.364,40.28430,-100.16580,gazetteer
70793,LOVES TRAVEL STOPS #119,"I-70, EXIT 160",Green River,UT,3.299,38.99346,-110.17342,gazetteer
70794,CASEYS #3747,SR-103 & CR-96,Carey,OH,3.176,40.94581,-83.38609,gazetteer
70796,QUICK FUEL #3177,"I-35W, EXIT 56",Fort Worth,TX,3.032,32.78195,-97.34857,gazetteer
70797,QUICK FUEL #3176,"I-35E, EXIT 442",Carrollton,TX,3.016,32.98939,-96.89994,gazetteer
70798,QUICK FUEL #1926,"I-90, EXIT 171B & US-14",Janesville,WI,3.399,42.68470,-89.01317,gazetteer
70833,FLYERS #764,SR-667,Reno,NV,4.052,39.54910,-119.84991,gazetteer
70845,FLYERS #759,"I-80, EXIT 19",Sparks,NV,4.051,39.57434,-119.71515,gazetteer
70855,FLYERS #761,"I-580, EXIT 5",Carson City,NV,3.699,39.15306,-119.74737,gazetteer
70858,SPEEDWAY #1012,"I-65, EXIT 158 & CR-6",Hope Hull,AL,3.052,32.26986,-86.35719,gazetteer
70860,FLYERS #726,"I-80, EXIT 303",Elko,NV,3.629,40.83811,-115.76781,gazetteer
70864,FLYERS #747,"I-580/US-395, EXIT 29 & SR-659",Reno,NV,4.054,39.54910,-119.84991,gazetteer
70870,ESSENTIAL FUELS,US-26,Scottsbluff,NE,3.599,41.86809,-103.66204,gazetteer
70871,ALLTOWN MARKETS #835,"I-95, EXIT 62",Madison,CT,4.239,41.27954,-72.59843,gazetteer
70873,TA LAKE CITY #288,"I-75, EXIT 414",Lake City,FL,3.299,30.18864,-82.64225,gazetteer
70874,CIRCLE T,SR-6 & SR-515,Navasota,TX,3.432,30.38640,-96.09073,gazetteer
70875,FUEL MAXX #57,SR-105 & SR-146,Liberty,TX,3.132,30.03883,-94.78880,gazetteer
70876,JIFFY MART,SR-123/SR-12,Walpole,NH,3.686,43.07834,-72.42480,gazetteer
70877,LOVES TRAVEL STOP #770,"US-41, EXIT 1A",Wadsworth,IL,3.759,42.45069,-87.92515,gazetteer
70878,MAVERIK COUNTRY STORE #630,I-15 EXIT 13,Malad City,ID,3.394,42.18991,-112.24969,gazetteer
70879,MAVERIK COUNTRY STORE #611,I-40 EXIT 154,Albuquerque,NM,3.194,35.10478,-106.64681,gazetteer
70880,RUTTERS #81,SR-61 & SR-73,Leesport,PA,3.897,40.44443,-75.96719,gazetteer
70881,RUTTERS #79,"I-99/US-220, EXIT 28 US-22/SR-764",Duncansville,PA,4.099,40.42631,-78.43026,gazetteer
70882,RUTTERS #77,US-11/US-15 & US-22,Duncannon,PA,4.294,40.39518,-77.02773,gazetteer
70883,RUTTERS #41,US-422,Lebanon,PA,3.799,40.34119,-76.42274,gazetteer
70884,RUTTERS #75,SR-194 & SR-550,Walkersville,MD,3.932,39.47432,-77.36335,gazetteer
70885,KWIK TRIP #1061,CR-CE & CR-HH,Combined Locks,WI,3.549,44.26199,-88.30953,gazetteer
70887,LOVES TRAVEL STOP #781,"I-20, EXIT 113 & SR-83",Madison,GA,3.849,33.57904,-83.47597,gazetteer
70888,HUTCHS #125,US-283,Altus,OK,2.999,34.65706,-99.30905,gazetteer
70889,TRUCK WORLD,I-90 EXIT 241 & SR-7,Conneaut,OH,3.359,41.92730,-80.56838,gazetteer
70890,PILOT #1299,US-287 & SR-148,Henrietta,TX,3.126,33.81431,-98.19277,gazetteer
70891,QUARLES #4908,I-64 EXIT 297,Chesapeake,VA,3.526,36.67938,-76.30179,gazetteer
70892,QUARLES #4001,I-95 EXIT 133,Fredericksburg,VA,3.759,38.29927,-77.48666,gazetteer
70893,QUARLES #4002,"I-95 EXIT 130A, SR-2",Fredericksburg,VA,3.759,38.29927,-77.48666,gazetteer
70894,QUARLES #4009,US-301,Waldorf,MD,3.759,38.60917,-76.91978,gazetteer
70895,QUARLES #4011/SHELL,I-95 EXIT 118,Woodford,VA,2.899,38.11319,-77.40887,gazetteer
70896,QUARLES #4200,US-522,Front Royal,VA,3.699,38.92495,-78.18343,gazetteer
70897,QUARLES #4302,SR-801 & SR-42,Broadway,VA,3.459,38.60849,-78.80137,gazetteer
70898,QUARLES #4303,"I-81 EXIT 243, US-11",Harrisonburg,VA,2.899,38.43626,-78.87330,gazetteer
70899,QUARLES #4304,"I-64 EXIT 96, SR-624",Waynesboro,VA,3.799,38.06716,-78.90142,gazetteer
70900,QUARLES #4306,I-81 EXIT 150A,Roanoke,VA,3.559,37.27846,-79.95817,gazetteer
70901,QUARLES #4307,"I-81 EXIT 137, US-11/460",Salem,VA,3.559,37.28533,-80.05524,gazetteer
70902,QUARLES #4309,US-460/29,Lynchburg,VA,3.774,37.39902,-79.19546,gazetteer
70903,QUARLES #4310,US-11,Roanoke,VA,3.559,37.27846,-79.95817,gazetteer
70904,QUARLES #4400,I-95 EXIT 166A,Lorton,VA,4.059,38.69872,-77.21665,gazetteer
70905,QUARLES #4401,US-29,Fairfax,VA,4.059,38.85318,-77.29903,gazetteer
70906,QUARLES #4403,"I-95 EXIT 29A, US-1",Beltsville,MD,3.899,39.03990,-76.92044,gazetteer
70907,QUARLES #4404,I-95 EXIT 43A,Elkridge,MD,3.499,39.19548,-76.74108,gazetteer
70908,QUARLES #4407,I-495 EXIT 11A,Upper Marlboro,MD,3.899,38.81650,-76.75367,gazetteer
70909,QUARLES #4408,SR-201,Bladensburg,MD,3.699,38.94237,-76.92591,gazetteer
70910,QUARLES #4409,I-95 EXIT 50B,Baltimore,MD,3.499,39.30003,-76.61048,gazetteer
70912,QUARLES #4411,"I-695 EXIT 1, SR-173",Curtis Bay,MD,3.499,39.22677,-76.58802,gazetteer
70913,QUARLES #4412,I-270 EXIT 8,Rockville,MD,3.759,39.08367,-77.15559,gazetteer
70914,QUARLES #4413,I-495 EXIT 15A,Capitol Heights,MD,3.899,38.87669,-76.90757,gazetteer
70915,QUARLES #4414,I-95 EXIT 60,Baltimore,MD,3.449,39.30003,-76.61048,gazetteer
70917,QUARLES #4416,US-13,Salisbury,MD,3.659,38.37533,-75.58593,gazetteer
70918,QUARLES #4417,I-895 EXIT 8B,Curtis Bay,MD,3.499,39.22677,-76.58802,gazetteer
70920,QUARLES #4423,SR-100 EXIT 11,Glen Burnie,MD,3.699,39.15627,-76.60700,gazetteer
70921,QUARLES #4424,SR-5,Clinton,MD,3.899,38.75092,-76.90267,gazetteer
70922,QUARLES #4425,US-50 EXIT 5,Hyattsville,MD,3.899,38.96120,-76.95494,gazetteer
70923,QUARLES #4426,SR-124,Gaithersburg,MD,3.759,39.14860,-77.19513,gazetteer
70924,QUARLES #4427,I-276 EXIT 351,Levittown,PA,3.846,40.15234,-74.85234,gazetteer
70925,QUARLES #4430,US-13,Sharon Hill,PA,3.869,39.90743,-75.26779,gazetteer
70926,QUARLES #4431,US-22,Allentown,PA,3.989,40.59365,-75.47839,gazetteer
70927,QUARLES #4434,SR-617,Springfield,VA,4.059,38.78157,-77.18392,gazetteer
70928,QUARLES #4435,"I-95 EXIT 41, US-1",Jessup,MD,3.499,39.14909,-76.77639,gazetteer
70929,QUARLES #4503,US-11,Martinsburg,WV,3.959,39.45777,-77.97821,gazetteer
70930,QUARLES #4504,I-81 EXIT 313A,Winchester,VA,3.799,39.17387,-78.17636,gazetteer
70931,QUARLES #4505,SR-65,Hagerstown,MD,3.899,39.64018,-77.72269,gazetteer
70933,QUARLES #4507,US-11,Winchester,VA,3.799,39.17387,-78.17636,gazetteer
70934,QUARLES #4509,I-270 EXIT 31B,Frederick,MD,3.599,39.43409,-77.41454,gazetteer
70935,QUARLES #4511,I-70 EXIT 55,Frederick,MD,3.599,39.43409,-77.41454,gazetteer
70937,QUARLES #4603,US-29/211,Warrenton,VA,3.799,38.71782,-77.79732,gazetteer
70938,QUARLES #4605,SR-606,Sterling,VA,3.659,39.00473,-77.40537,gazetteer
70939,QUARLES #4606,SR-234,Manassas,VA,3.859,38.74681,-77.48263,gazetteer
70940,QUARLES #4607,SR-28,Manassas,VA,3.859,38.74681,-77.48263,gazetteer
70941,QUARLES #4934,US-60,Sandston,VA,3.259,37.51306,-77.31301,gazetteer
70942,QUARLES #4608,SR-657,Chantilly,VA,3.659,38.88918,-77.44209,gazetteer
70943,QUARLES #4700,US-15BUS/29BUS,Culpeper,VA,3.799,38.47029,-77.99976,gazetteer
70944,QUARLES #4701,US-15 BUS & US-522,Culpeper,VA,3.799,38.47029,-77.99976,gazetteer
70945,QUARLES #4944,US-17,Bealeton,VA,3.759,38.58302,-77.77876,gazetteer
70946,QUARLES #4703,US-29 & SR-616,Ruckersville,VA,3.699,38.22805,-78.37748,gazetteer
70947,QUARLES #4946,"I-95, EXIT 130A, SR-3",Fredericksburg,VA,3.759,38.29927,-77.48666,gazetteer
70948,QUARLES #4804,I-40 EXIT 211,Greensboro,NC,3.649,36.09485,-79.82362,gazetteer
70949,QUARLES #4805,US-1 EXIT 95,Apex,NC,3.999,35.72558,-78.87992,gazetteer
70950,QUARLES #4807,I-40 EXIT 203,Kernersville,NC,3.199,36.10617,-80.08190,gazetteer
70951,QUARLES #4947,SR-7,Leesburg,VA,3.659,39.10640,-77.55920,gazetteer
70952,QUARLES #4810,I-540 EXIT 4A,Raleigh,NC,3.709,35.83187,-78.64104,gazetteer
70953,QUARLES #4948,"I-95, EXIT 126, US-1",Fredericksburg,VA,3.759,38.29927,-77.48666,gazetteer
70954,QUARLES #4811,SR-50/US-70,Garner,NC,3.599,35.68948,-78.61460,gazetteer
70955,QUARLES #4949,"I-95, EXIT 136, US-1",Fredericksburg,VA,3.759,38.29927,-77.48666,gazetteer
70956,QUARLES #4813,SR-133,Wilmington,NC,3.779,34.20923,-77.88577,gazetteer
70957,QUARLES #4950,"I-95, EXIT 126A, US-1",Fredericksburg,VA,3.759,38.29927,-77.48666,gazetteer
70958,QUARLES #4951,SR-3,Fredericksburg,VA,3.759,38.29927,-77.48666,gazetteer
70959,QUARLES #4814,US-117,Wilmington,NC,3.799,34.20923,-77.88577,gazetteer
70960,QUARLES #4962,"I-81, EXIT 222, US-250",Staunton,VA,2.899,38.15798,-79.06188,gazetteer
70961,QUARLES #4815,"I-140, EXIT 14",Wilmington,NC,3.799,34.20923,-77.88577,gazetteer
70962,QUARLES #4965,"I-295, EXIT 37A, US-360",Warsaw,VA,3.759,37.96035,-76.76095,gazetteer
70963,QUARLES #4817,"US-70, EXIT 333",Selma,NC,3.799,35.53973,-78.29174,gazetteer
70964,SEALSTON DELI,"I-95, EXIT 130A, SR-3",King George,VA,3.499,38.27944,-77.18431,gazetteer
70965,QUARLES #4822,US-401,Raleigh,NC,3.709,35.83187,-78.64104,gazetteer
70966,QUARLES #4927,SR-10 & SR-145,Chesterfield,VA,3.699,37.37709,-77.50582,gazetteer
70967,QUARLES #4823,I-95,Fayetteville,NC,3.799,35.08277,-78.97352,gazetteer
70968,QUARLES #4928,"I-95, EXIT 86A & SR-656",Ashland,VA,3.674,37.76042,-77.47241,gazetteer
70969,QUARLES #4824,I-40 EXIT 210,Greensboro,NC,3.699,36.09485,-79.82362,gazetteer
70970,QUARLES #4931,US-60 & SR-603,Powhatan,VA,3.699,37.54212,-77.92708,gazetteer
70971,QUARLES #4932,"I-64, EXIT 173 & SR-623",Rockville,VA,3.699,37.72598,-77.67832,gazetteer
70973,QUARLES #4826,US HWY 29/70,High Point,NC,3.666,35.99080,-79.99271,gazetteer
70974,QUARLES #4933,US-60,Richmond,VA,3.699,37.53140,-77.47601,gazetteer
70975,QUARLES #4935,"I-95, EXIT 64 & SR-613",Richmond,VA,3.699,37.53140,-77.47601,gazetteer
70977,QUARLES #4828,I-440 EXIT 13B,Raleigh,NC,3.709,35.83187,-78.64104,gazetteer
70978,QUARLES #4829,I-40 EXIT 298A,Raleigh,NC,3.599,35.83187,-78.64104,gazetteer
70979,QUARLES #4830,I-540 EXIT 3,Raleigh,NC,3.719,35.83187,-78.64104,gazetteer
70980,QUARLES #4938,"I-64, EXIT 159 & SR-522",Gum Spring,VA,3.699,37.77570,-77.89666,gazetteer
70982,EXXON/QUARLES #4942,"I-64/33, EXIT 205 & SR-249",Quinton,VA,3.509,37.53376,-77.12108,gazetteer
70983,QUARLES #4943,"I-295, EXIT 22A & SR-5",Henrico,VA,3.699,36.59264,-78.61611,gazetteer
70984,QUARLES #4831,US-64 EXIT 470,Rocky Mount,NC,3.409,35.96851,-77.80829,gazetteer
70985,QUARLES #4832,I-40 EXIT 189,Winston Salem,NC,3.572,36.10286,-80.26083,gazetteer
70986,QUARLES #4833,US-1,Youngsville,NC,3.699,36.03507,-78.48165,gazetteer
70987,QUARLES #4902,US-250/33,Richmond,VA,3.699,37.53140,-77.47601,gazetteer
70988,QUARLES #4909,I-664 EXIT 3,Hampton,VA,3.426,37.04796,-76.29729,gazetteer
70989,QUARLES #4911,I-264 EXIT 19B,Virginia Beach,VA,3.572,36.77952,-76.02914,gazetteer
70990,QUARLES #4915,I-664 EXIT 2,Hampton,VA,3.426,37.04796,-76.29729,gazetteer
70991,QUARLES #4917,I-64 EXIT 255,Newport News,VA,3.411,37.07614,-76.52198,gazetteer
70992,QUARLES #4904,I-64 EXIT 197B,Sandston,VA,3.259,37.51306,-77.31301,gazetteer
70993,QUARLES #4905,I-95 EXIT 89,Ashland,VA,3.699,37.76042,-77.47241,gazetteer
70994,QUARLES #4906,I-95 EXIT 73,Richmond,VA,3.699,37.53140,-77.47601,gazetteer
70995,QUARLES #4910,I-95 EXIT 61B,Chester,VA,3.799,37.35204,-77.43370,gazetteer
70996,QUARLES #4912,I-64 EXIT 136,Troy,VA,3.899,37.95097,-78.24639,gazetteer
70997,QUARLES #4913,SR-76,Midlothian,VA,3.699,37.48438,-77.64958,gazetteer
70998,QUARLES #4916,I-246 EXIT 6,Portsmouth,VA,3.466,36.85934,-76.35697,gazetteer
71001,QUARLES #4921,I-95 EXIT 83B,Richmond,VA,3.699,37.53140,-77.47601,gazetteer
71002,QUARLES #4922,US-250,Charlottesville,VA,3.899,38.03766,-78.48538,gazetteer
71004,QUARLES #4924,US-1 & SR-688,Doswell,VA,3.699,37.86014,-77.46415,gazetteer
71005,QUARLES #4925,I-95 EXIT 78,Richmond,VA,3.699,37.53140,-77.47601,gazetteer
71006,QUARLES #4926,I-95 EXIT 79,Richmond,VA,3.699,37.53140,-77.47601,gazetteer
71007,HAYDEN TRAVEL CENTER,"I-65, EXIT 284 & SR-160",Warrior,AL,3.129,33.81486,-86.81565,gazetteer
71009,WEIGELS #80,"I-40, EXIT 435 & US-321",Newport,TN,3.116,35.96162,-83.19762,gazetteer
71010,KEYSTOPS,"I-64, EXIT 17",Louisville,KY,3.196,38.16538,-85.64738,gazetteer
71011,Global,"I-84 E, EXIT 2 & US-6 E",Danbury,CT,3.459,41.39874,-73.47810,gazetteer
71012,ALLTOWN MARKETS #838,"I-95 N, EXIT 12",Darien,CT,3.832,41.07871,-73.46929,gazetteer
71013,ALLTOWN MARKETS #647,SR-3 EXIT 5,Plymouth,MA,3.959,41.95834,-70.66380,gazetteer
71014,Global,"I-95, EXIT 43 & US-1",Elkridge,MD,3.099,39.19548,-76.74108,gazetteer
71019,KWIK TRIP #489,SR-3,Northfield,MN,3.524,44.45564,-93.17031,gazetteer
71020,Fast Trac 21,SR-21 & CR-50,Caldwell,TX,3.299,30.52981,-96.69972,gazetteer
71021,Amoco,"I-39 & HWY 23, EXIT 54",Oglesby,IL,3.199,41.29321,-89.07104,gazetteer
71023,LOVES TRAVEL STOP #853,SR-302 & CR-313,Kermit,TX,3.251,31.85392,-103.09239,gazetteer
71024,LOVES TRAVEL STOP #804,US-34/US-67,Monmouth,IL,3.349,40.91423,-90.64307,gazetteer
71025,KWIK TRIP #644,SR-57 & SR-32,New Holstein,WI,3.391,43.94922,-88.09488,gazetteer
71027,Kwik Star #1068,I-35,Story City,IA,2.959,42.18574,-93.58688,gazetteer
71029,CASEYS #6445,I-355 EXIT 27 & SR-64,Lombard,IL,3.349,41.87384,-88.01549,gazetteer
71030,QUIKTRIP #1469,"I-10, EXIT 248 & SR-77",Marana,AZ,3.062,32.46594,-111.13540,gazetteer
71032,MAVERIK COUNTRY STORE #416,US-50 & US-95,Fallon,NV,3.526,39.47366,-118.77787,gazetteer
71033,MAVERIK COUNTRY STORE #560,I-580 & US-50,Carson City,NV,3.589,39.15306,-119.74737,gazetteer
71034,MAVERIK COUNTRY STORE #635,I-15 EXIT 57,Cedar City,UT,3.442,37.68382,-113.09554,gazetteer
71036,GOLDEN GATE PETRO,US-550,Montrose,CO,3.436,38.46889,-107.85898,gazetteer
71037,SUNOCO,US-220 EXIT 111,Lock Haven,PA,3.599,41.13712,-77.45324,gazetteer
71039,TURNPIKE MARKET EXPRESS,SR-5,Newton Falls,OH,3.259,41.19255,-80.96798,gazetteer
71042,SINCLAIR,I-580/US-395 EXIT 6,Carson City,NV,3.599,39.15306,-119.74737,gazetteer
71046,SPEEDWAY #9336,US-27/SR-126,Cincinnati,OH,3.699,39.14018,-84.50583,gazetteer
71047,LOVES TRAVEL STOP #722,"I-17, EXIT 262 & SR-69",Mayer,AZ,3.681,34.42327,-112.24075,gazetteer
71050,GILL MART CORNER STORE,US-131 & SR-216,Three Rivers,MI,3.699,41.94539,-85.62955,gazetteer
71051,SHEETZ #683,I-83 EXIT 28,York,PA,3.259,39.96480,-76.73184,gazetteer
71053,ROAD RANGER #279,"I-57, EXIT 45 & SR-148",Marion,IL,3.379,37.73445,-88.94116,gazetteer
71055,LOVES TRAVEL STOP #793,"I-840, EXIT 67 & COUCHVILLE PIKE",Mount Juliet,TN,3.252,36.19920,-86.50949,gazetteer
71056,SPEEDWAY #1044,US-72 & SR-20,Decatur,AL,3.426,34.57299,-86.98990,gazetteer
71057,LOVES TRAVEL STOP #795,US-97/US-26 & HALL RD,Madras,OR,3.689,44.66390,-121.16044,gazetteer
71059,CIRCLE K #2706781,US-17 & SR-200,Yulee,FL,3.342,30.63542,-81.56958,gazetteer
71060,CIRCLE K #2701537,"I-77, EXIT 100 & SR-89",Mount Airy,NC,2.859,36.50849,-80.61454,gazetteer
71061,CIRCLE K #2702344,US-78 & SR-39,Williston,SC,3.799,33.40166,-81.42190,gazetteer
71062,MAVERIK COUNTRY STORE #637,"I-70, EXIT 56 & US-89",SALINA,UT,3.442,38.93884,-111.86521,gazetteer
71063,MAVERIK COUNTRY STORE #639,"I-40, EXIT 153",Albuquerque,NM,3.197,35.10478,-106.64681,gazetteer
71065,MAVERIK COUNTRY STORE #429,US-40 & SR-121,Roosevelt,UT,3.439,40.28773,-109.98798,gazetteer
71066,Circle K #2745067,"I-75, EXIT 155",Macon,GA,3.089,32.80899,-83.69406,gazetteer
71067,7-ELEVEN #41219,I-385 EXIT 9,Laurens,SC,3.099,34.50269,-82.02141,gazetteer
71071,KWIK TRIP #1074,SR-35,Somerset,WI,3.524,45.12571,-92.67296,gazetteer
71072,LOVES TRAVEL STOP #801,I-75 EXIT 102,Cordele,GA,3.309,31.95609,-83.77008,gazetteer
71073,LOVES TRAVEL STOP #803,I-57 EXIT 54B,Marion,IL,3.739,37.73445,-88.94116,gazetteer
71074,Speedway #7764,SR-72 & SR-25,Dundee,IL,3.279,42.09891,-88.27147,nominatim
71075,TEXAS TRAVEL CENTER,"I-35, EXIT 277",Jarrell,TX,2.832,30.81026,-97.61512,gazetteer
71076,Kwik Star #589,US-151,Marion,IA,3.524,42.04460,-91.58616,gazetteer
71077,COMMUNITY CO OPS LAKE PARK,US-10,Lake Park,MN,3.509,46.88373,-96.09796,gazetteer
71079,DK,SR-375,El Paso,TX,2.699,31.84778,-106.43111,gazetteer
71080,BIG INDIAN SMOKE SHOP,I-90 & US-20,Irving,NY,2.929,42.56756,-79.11282,gazetteer
71083,SPRINT FOOD #701,US-78,Augusta,GA,3.226,33.36553,-82.07342,gazetteer
71084,FIESTA MART #42,US-75,Tulsa,OK,3.166,36.12795,-95.90232,gazetteer
71085,Sunoco,SR-49,Greenville,OH,3.599,40.10471,-84.62145,gazetteer
71086,THORNTONS #318,SR-59 & SR-38,West Chicago,IL,3.649,41.89447,-88.22112,gazetteer
71087,HALF SUN TRAVEL PLAZA,"I-90, EXIT 176",Moses Lake,WA,3.569,47.12785,-119.27638,gazetteer
71088,KARDES,US-151,Monticello,IA,3.399,42.23042,-91.18592,gazetteer
71090,CEFCO #2076,US-60 & SR-207,Panhandle,TX,2.946,35.34630,-101.38051,gazetteer
71091,BREAK TIME #3163,US-63 & CR-M,Moberly,MO,3.462,39.41811,-92.43654,gazetteer
71094,BP,US-63 & SR-137,Eddyville,IA,3.379,41.15933,-92.63033,gazetteer
71095,HOBO PANTRY #29,US-84/SR-12 & SR-95,Gordon,AL,3.659,31.14361,-85.09250,gazetteer
71096,GAS N WASH,US-30 & SR-394,Chicago Heights,IL,3.499,41.51068,-87.63407,gazetteer
71097,THORNTONS #329,"I-55, EXIT 267 & SR-53",Romeoville,IL,3.309,41.62792,-88.10118,gazetteer
71098,DANDY MINI MART #74,US-6 & SR-187,Wysox,PA,3.999,41.77452,-76.39938,gazetteer
71099,THORNTONS #336,"I-57, EXIT 335 & SR-50",Monee,IL,3.349,41.41783,-87.74989,gazetteer
71101,FOOD N FUEL,"I-55, EXIT 244 & SR-53",Elwood,IL,3.499,41.41814,-88.11717,gazetteer
71102,365 Food and Fuel,"I-35W/US-287, EXIT 54A & SR-183",Fort Worth,TX,2.976,32.78195,-97.34857,gazetteer
71103,FAT DOGS NORTH PLATTE SOUTH,"I-80, EXIT 177 & US-83",North Platte,NE,3.074,41.12496,-100.75036,gazetteer
71104,SPINX #364,"I-26, EXIT 194",Summerville,SC,3.399,33.00584,-80.17931,gazetteer
71105,SHEPHERD 700,US-64 & CR-450,Alva,OK,3.219,36.78957,-98.66488,gazetteer
71106,SECURITY OIL,"I-135, EXIT 10B & SR-96",Wichita,KS,3.299,37.69064,-97.34584,gazetteer
71107,SPARKYS ONE STOP,"US-20, EXIT 96 & SR-4",Rockwell City,IA,3.216,42.39813,-94.62887,gazetteer
71108,Stuckey’s Travel Center West,"I-10, EXIT 819 & FM-1663",Anahuac,TX,2.807,29.76516,-94.67850,gazetteer
71109,KWIK TRIP #1067,"SR-13, BETWEEN FAIRWAY & TRINITY DR",Phillips,WI,3.316,45.69403,-90.40142,gazetteer
71110,KWIK TRIP #1121,"I-94 & SR-26, EXIT 267",Watertown,WI,3.289,43.18941,-88.72891,gazetteer
71111,MAPCO #5167,"I-59, EXIT 21B & SR-35",Fort Payne,AL,3.479,34.45733,-85.68945,gazetteer
71112,BERKSHIRE ENERGY,"I-91, EXIT 8 & SR-80",New Haven,CT,3.549,41.31081,-72.92495,gazetteer
71113,PLATEU TRAVEL PLAZA,"I-95, EXIT 39A & US-1",Madras,OR,3.359,44.66390,-121.16044,gazetteer
71114,SHEETZ #672,"I-95, EXIT 11B & SR-606",Woodford,VA,2.899,38.11319,-77.40887,gazetteer
71115,FASTBREAK #6,US-50/US-151 & US-41,Vincennes,IN,4.039,38.67662,-87.50996,gazetteer
71116,CEFCO #101,US-59 & SR-49,Jefferson,TX,2.899,32.76349,-94.35084,gazetteer
71118,THORNTONS #0331,"I-35/US-51, EXIT 3 & CR-9",Roscoe,IL,3.419,42.42556,-89.00946,gazetteer
71120,GAS PRO TRAVEL CENTER,US-25 & SR-56,Waynesboro,GA,3.799,33.09128,-82.01429,gazetteer
71121,HAT CREEK TRAVEL,"I-10/US-70, EXIT 82A & US-180",Deming,NM,2.919,32.26308,-107.75249,gazetteer
71123,ONE9 XPRESS FUEL #1264,"I-10, EXIT 203",Eloy,AZ,3.139,32.74126,-111.59401,gazetteer
71124,LOVES TRAVEL STOP #761,"I-10, EXIT 343 & US-301",Jacksonville,FL,3.849,30.33686,-81.66160,gazetteer
71126,QUIKTRIP #1177,I-77 & US-21,Blythewood,SC,3.076,34.20925,-80.99529,gazetteer
71127,QUIKTRIP #4044,"I-10, EXIT 609",Seguin,TX,2.946,29.59023,-97.96861,gazetteer
71129,Queens Market,"I-85, EXIT 41 & SR-2480",Charlotte,NC,3.499,35.20905,-80.83099,gazetteer
71131,7-ELEVEN #38816,"I-85, EXIT 66 & US-29",Spartanburg,SC,3.306,34.94563,-81.92594,gazetteer
71132,CEFCO #104,US-259 & SR-315,Mount Enterprise,TX,2.959,31.91164,-94.68277,gazetteer
71133,AMIGOS TRAVEL CENTER,"I-35, EXIT 85 & FM-117",Dilley,TX,3.399,28.66752,-99.17646,gazetteer
71134,ALLSUPS CONVENIENCE STORE #2376,US-54/US-285 & US-60,Vaughn,NM,3.499,34.60721,-105.21259,gazetteer
71136,CIRCLE K #2706788,"I-795, EXIT 22 & US-70, EXIT 356",Goldsboro,NC,3.392,35.37823,-77.97187,gazetteer
71138,LUMMI BAY MARKET,"I-5, EXIT 260",Bellingham,WA,3.759,48.75344,-122.47018,gazetteer
71139,GAS N WASH,SR-47 & CR-9,Yorkville,IL,3.599,41.66174,-88.42860,gazetteer
71140,BP,"I-94, EXIT 267 & SR-26, EXIT 30",Jefferson,WI,3.209,43.00395,-88.80847,gazetteer
71141,CASEYS #3901,"I-55, EXIT 178 & CR-23",Lexington,IL,3.339,40.64695,-88.78414,gazetteer
71143,CASEYS #3904,SR-141,Manning,IA,3.209,41.90963,-95.06444,gazetteer
71144,CASEYS #3675,US-12 & US-75,Ortonville,MN,3.379,45.30244,-96.44222,gazetteer
71145,CASEYS #3905,I-74/US-421 EXIT 113,Shelbyville,IN,3.599,39.54528,-85.77950,gazetteer
71146,CASEYS #2968,US-34,Eagle,NE,3.239,40.81594,-96.43259,gazetteer
71147,CASEYS #3910,US-177 & SR-33,Perkins,OK,3.016,35.97976,-97.03129,gazetteer
71148,CASEYS #1892,US-65,Sheffield,IA,3.152,42.88876,-93.20714,gazetteer
71149,KOUNTRY KORNER,SR-20,Mount Pleasant,MI,3.619,43.59671,-84.77597,gazetteer
71150,LOVES TRAVEL STOP #812,"I-84, EXIT 141",Bliss,ID,3.786,42.92428,-114.94752,gazetteer
71151,LOVES TRAVEL STOP #880,US-50 & SR-130,Olney,IL,3.189,38.72811,-88.08422,gazetteer
71152,LOVES TRAVEL STOP #841,"US-24, EXIT 41",Napoleon,OH,3.689,41.39797,-84.12498,gazetteer
71153,KWIK TRIP #1083,SR-35,Osceola,WI,3.499,45.31925,-92.69579,gazetteer
71154,KWIK TRIP #489,CR-3,DUNDAS,MN,3.499,44.42769,-93.20379,gazetteer
71155,KWIK TRIP #1124,"SR-16, EXIT 184",Sussex,WI,3.377,43.13485,-88.22604,gazetteer
71158,CIRCLE K #2707533,"SR-570, EXIT 3 & SR-572",Lakeland,FL,3.532,28.05550,-81.95477,gazetteer
71160,CIRCLE K #4706316,"I-96, EXIT 46  & SR-6, EXIT 15",Caledonia,MI,3.639,42.79474,-85.51710,gazetteer
71161,CIRCLE K #2720931,"I-95, EXIT 107 & US-301",Kenly,NC,3.149,35.60077,-78.12793,gazetteer
71162,CIRCLE K #4705694,US-20 & CR-245,Norwalk,OH,3.614,41.24457,-82.60895,gazetteer
71163,DANDY MINI MART #68,"I-86/SR-17, EXIT 51A & CR-64",Elmira,NY,3.899,42.09339,-76.80961,gazetteer
71164,DANDY MINI MART #59,SR-287,Middlebury Center,PA,3.999,41.84368,-77.27442,gazetteer
71165,PALMETTO EXPRESS #115,"I-26, EXIT 125 & US-176",Gaston,SC,3.199,33.81797,-81.09975,gazetteer
71166,MAVERIK COUNTRY STORE #616,US-50,Montrose,CO,3.396,38.46889,-107.85898,gazetteer
71167,LOVES TRAVEL STOP #768,"I-55, EXIT 247",Channahon,IL,3.349,41.42279,-88.26295,gazetteer
71168,LOVES TRAVEL STOP #797,"I-80, EXIT 176",Winnemucca,NV,3.744,40.96443,-117.72458,gazetteer
71169,LOVES TRAVEL STOP #879,"I-69 EXIT,286 & US-24 & SR-9",Huntington,IN,3.501,40.88083,-85.50550,gazetteer
71170,LOVES TRAVEL STOP #849,"I-94, EXIT 292 & CR-21",Valley City,ND,3.969,46.92257,-98.00414,gazetteer
71171,TEXSTAR TRAVEL CENTER,I-35 EXIT 302,Temple,TX,2.912,31.10494,-97.38851,gazetteer
71172,ZIPPY JS #18,CR-577 & CR-80,Brenham,TX,3.199,30.15816,-96.39562,gazetteer
71173,ENMARKET #828,"I-95/SR-405, EXIT 102 & US-80",Pooler,GA,3.082,32.10563,-81.25603,gazetteer
71176,QUIKTRIP #1710,US-23/SR-365,Gainesville,GA,3.346,34.29010,-83.82911,gazetteer
71177,COMO TRAVEL CENTER,"I-55, EXIT 257 & SR-310",Como,MS,3.079,34.51356,-89.93995,gazetteer
71179,7-ELEVEN #41332,"I-26, EXIT 76 & SR-219",Newberry,SC,3.332,34.27988,-81.60033,gazetteer
71181,7-ELEVEN #38637,"I-85, EXIT 72 & I-585/US-176",Spartanburg,SC,3.116,34.94563,-81.92594,gazetteer
71186,7-ELEVEN #36837,US-29 & SR-904,Anderson,SC,3.089,34.52149,-82.64352,gazetteer
71187,KWIK TRIP #1041,SR-11 & CR-H,Sturtevant,WI,3.794,42.69890,-87.90155,gazetteer
71188,QUIKTRIP #1722,"I-75, EXIT 153",Macon,GA,3.089,32.80899,-83.69406,gazetteer
71189,QUIKTRIP #1198,"I-20, EXIT 55",Lexington,SC,3.129,33.99288,-81.22180,gazetteer
71190,LOVES TRAVEL STOPS #888,"I-80/US-30, EXIT 85 & SR-374",Green River,WY,3.589,41.51292,-109.47080,gazetteer
71191,MAVERIK COUNTRY STORE #631,I-80/5600 WEST,Salt Lake City,UT,3.459,40.77693,-111.93099,gazetteer
71193,ASAP GENERAL STORE #308,US-60 & SR-123,Bartlesville,OK,3.191,36.73767,-95.94845,gazetteer
71195,ASAP GENERAL STORE #301,"I-40, EXIT 108 & US-281/SR-8",Geary,OK,3.132,35.63708,-98.31698,gazetteer
71196,ASAP GENERAL STORE #302,SR-33 & SR 54,Thomas,OK,3.132,35.74477,-98.73969,gazetteer
71197,ASAP GENERAL STORE #304,US-60/SR-51 & US-283,Arnett,OK,3.232,36.13449,-99.77271,gazetteer
71198,LOVES TRAVEL STOP #844,"I-90, EXIT 233 & SR-74",Saint Charles,MN,3.569,43.96875,-92.05930,gazetteer
71199,LOVES TRAVEL STOP #814,"I-22, EXIT 14 & CR-35",Hamilton,AL,3.556,34.13871,-87.97083,gazetteer
71200,LOVES TRAVEL STOP #730,"I-80, EXIT 440 & SR-50",Omaha,NE,3.281,41.26270,-96.05348,gazetteer
71201,PRIDE TRAVEL CENTER,I-91 EXIT 33,Hartford,CT,3.509,41.76593,-72.68158,gazetteer
71202,QUIKTRIP #1181,"I-26, EXIT 154B & US-301",Orangeburg,SC,3.236,33.49360,-80.86688,gazetteer
71206,JACKSONS FOOD STORES #138,US-95/SR-339 & SR-208,Yerington,NV,3.679,38.95547,-119.11011,gazetteer
71207,GAS N WASH,"I-80, EXIT 148B & SR-43",Tinley Park,IL,3.499,41.56858,-87.80422,gazetteer
71208,RACEWAY #6789,US-301 & SR-150,Richmond,VA,3.429,37.53140,-77.47601,gazetteer
71209,RACETRAC #2529,"I-75, EXIT 285 & SR-52",San Antonio,FL,3.316,28.33986,-82.27860,gazetteer
71210,RACETRAC #2515,I-820 & BUS-287,Fort Worth,TX,2.877,32.78195,-97.34857,gazetteer
71211,KUM & GO #0138,US-67,Jacksonville,AR,3.099,34.88051,-92.13059,gazetteer
71212,KUM & GO #0426,BUS-71,Springdale,AR,3.149,36.19144,-94.15506,gazetteer
71213,KUM & GO #0429,US-62,Rogers,AR,3.009,36.31809,-94.15229,gazetteer
71214,MAVERIK #5317,"I-76, EXIT 22",Brighton,CO,3.234,39.96570,-104.79417,gazetteer
71215,MAVERIK #5319,SR-392 & SR-257,Windsor,CO,3.159,40.47827,-104.91505,gazetteer
71216,Maverik Country Store #5337,"I-35, EXIT 102 & SR-210",Huxley,IA,3.092,41.89605,-93.59250,gazetteer
71217,KUM & GO #0185,US-65,Bondurant,IA,3.095,41.69699,-93.45149,gazetteer
71218,KUM & GO #1435,US-65,Fair Grove,MO,3.156,37.38332,-93.15215,gazetteer
71219,KUM & GO #1568,"I-44, EXIT 156",Waynesville,MO,3.099,37.81943,-92.21926,gazetteer
71221,LOVES TRAVEL STOP #786,I-435 EXIT 55,Kansas City,MO,3.389,39.12515,-94.55031,gazetteer
71227,TEX BEST #529,SR-16 & SR-1604,Von Ormy,TX,3.049,29.27739,-98.65737,gazetteer
71228,SHELL,"I-80, EXIT 279 & SR-10",Gibbon,NE,3.299,40.74593,-98.84585,gazetteer
71229,THE PRIDE OF PALATINE,"I-90, EXIT 65 & SR-62",Palatine,IL,3.399,42.11647,-88.04436,gazetteer
71230,THE PRIDE OF LAKE COUNTY,US-12 & SR-53,Lake Zurich,IL,3.349,42.19501,-88.08773,gazetteer
71232,GATEWAY TRAVEL CENTER,US-16 & US-85,Newcastle,WY,3.324,43.85027,-104.19649,gazetteer
71233,Fuel America Travel Center #2,"I-35, EXIT 32",Encinal,TX,3.049,28.04048,-99.35449,gazetteer
71234,CHEVRON #352305,I-610 & SR-47,Chalmette,LA,3.139,29.94402,-89.96600,gazetteer
71239,CASEYS #3926,"I-29, EXIT 84 & SR-118",Mound City,MO,3.157,40.13650,-95.23374,gazetteer
71240,LOVES TRAVEL STOP #764,I-24 EXIT 117,Hillsboro,TN,3.326,35.40443,-85.95409,gazetteer
71241,WEIGLES #58,"I-40, Exit 356A & SR-58",Kingston,TN,3.169,35.87267,-84.50449,gazetteer
71242,LAST STOP TRAVEL CENTER,US-93,Willow Beach,AZ,3.496,35.86978,-114.66007,nominatim
71244,MAVERIK COUNTRY STORE #644,"I-84/I-15, EXIT 344 & SR-39",Ogden,UT,3.372,41.22839,-111.96815,gazetteer
71245,MAVERIK COUNTRY STORE #651,"I-15, EXIT 67 & US-30",Pocatello,ID,3.402,42.87275,-112.46384,gazetteer
71246,TOOT N TOTUM #99,I-40 EXIT 75,Amarillo,TX,3.046,35.19806,-101.83311,gazetteer
71247,LOVES TRAVEL STOP #848,"I-59, Exit 104",Sandersville,MS,3.162,31.78402,-89.03976,gazetteer
71248,RACETRAC #2560,"I-4, EXIT-55",Davenport,FL,3.289,28.16119,-81.61084,gazetteer
71249,RACETRAC #2589,"I-20, EXIT 185",Oxford,AL,2.999,33.59641,-85.86822,gazetteer
71250,NAVAJO BLUE TRAVEL CENTER,I-40 EXIT 219,Flagstaff,AZ,3.609,35.18521,-111.62070,gazetteer
71251,RUTTERS #91,US-30 & SR-772,Gap,PA,4.199,39.98989,-76.02125,gazetteer
71253,QUIKTRIP #4066,"I-35, EXIT 122 & SR-173",Devine,TX,2.966,29.14583,-98.90498,gazetteer
71255,Fuel N Treat,"I-70/US-40, EXIT 84 & CR-J",Nelson,MO,3.284,38.99450,-93.03082,gazetteer
71256,SIGNAL FOOD STORE #120,US-60,Seymour,MO,3.026,37.14742,-92.76884,gazetteer
71257,FARMERS UNION SOUTHERN VALLEY,US-75 & SR-210,Wahpeton,ND,3.499,46.27208,-96.61220,gazetteer
71259,LOVES TRAVEL STOP #846,I-10 EXIT 10,Irvington,AL,3.166,34.63981,-86.92917,gazetteer
71260,LOVES TRAVEL STOP #881,US HWY 224 & OH 225,Diamond,OH,3.452,41.09895,-81.02287,gazetteer
71261,Una Travel Center,I-94 EXIT 228,Roseville,MI,3.899,42.50759,-82.93658,gazetteer
71262,LOVES TRAVEL STOP #892,"I-70, EXIT 118 & SR-310",Etna,OH,3.461,39.95517,-82.68608,gazetteer
71263,Loves Travel Stop # 660,"I-25, Exit 49",Walsenburg,CO,4.249,37.63060,-104.78172,gazetteer
71264,MAVERIK COUNTRY STORE #649,I-25/US-85 EXIT 220 & SR-500,Albuquerque,NM,3.206,35.10478,-106.64681,gazetteer
71265,U SAVE FOOD STORES 1,SR-39/SR-55,Richwood,WV,3.599,38.22244,-80.53796,gazetteer
71266,LOVES TRAVEL STOP #787,"I-81, EXIT 30 & SR-70",Mosheim,TN,3.556,36.19590,-82.96668,gazetteer
71267,LOVES TRAVEL STOP #878,"US-131/SR-43, EXIT 44",Kalamazoo,MI,3.589,42.27516,-85.58850,gazetteer
71268,MAVERIK COUNTRY STORE #650,SR 85 & W 900 S,West Jordan,UT,3.432,40.60267,-112.00126,gazetteer
71269,Maverik Country Store #652,I-84 & SR 79,Jerome,ID,3.394,42.71809,-114.51579,gazetteer
71270,QUIKTRIP #7904,I-20 EXIT 285,Abilene,TX,2.876,32.45451,-99.73815,gazetteer
71271,MAVERIK COUNTRY STORE #672,SR-69,Dewey,AZ,3.219,34.53003,-112.24127,gazetteer
71275,ALLSUPS CONVENIENCE STORE #2272,US-67/US-84,Bangs,TX,2.932,31.71613,-99.13032,gazetteer
71276,Circle K #2706617,I-4 EXIT 28,Lakeland,FL,3.251,28.05550,-81.95477,gazetteer
71277,CIRCLE K #2706619,I-75 EXIT 354,Ocala,FL,3.457,29.17751,-82.15103,gazetteer
71278,Kwik Trip #1506,SR-26,Fort Atkinson,WI,3.577,42.92398,-88.84549,gazetteer
71281,Pride (One9 Fuel Network) #1213,"I-40, Exit 25",Yucca,AZ,3.559,34.86299,-114.14615,gazetteer
71282,QuikTrip #4128,SR-71,Bastrop,TX,2.966,30.11110,-97.31815,gazetteer
71283,QUIKTRIP #7135,US-17,Hardeeville,SC,2.999,32.29531,-81.04098,gazetteer
71284,Loves Travel Stop #889,"I-22, Exit 30",Holly Springs,MS,3.316,34.77802,-89.44582,gazetteer
71285,Shrees Truck Stop Seattle,SR-509,Seattle,WA,3.799,47.61933,-122.35154,gazetteer
71286,RACETRAC #2323,I-75 EXIT 128,Fort Myers,FL,3.299,26.61982,-81.83167,gazetteer
71287,RACETRAC #482,I-310 EXIT 2A,Saint Rose,LA,3.126,29.96347,-90.30789,gazetteer
71288,SHEETZ #700,"I-270, EXIT 49 & SR-317",Groveport,OH,3.059,39.85734,-82.89144,gazetteer
71289,7-ELEVEN #38835,I-75 EXIT 139,Fort Myers,FL,3.599,26.61982,-81.83167,gazetteer
71290,LOVES TRAVEL STOP #808,"US-19/SR-3, EXIT 3 & US-82",Albany,GA,3.789,31.57812,-84.17622,gazetteer
71291,HUCKS FOOD & FUEL #351 DBA ONE9 #1286,"I-57, Exit 116",Salem,IL,3.099,38.62754,-88.95945,gazetteer
71295,MOUNTAINEER MART #33,US-33/119,Buckhannon,WV,3.899,38.99273,-80.22824,gazetteer
71298,QUIKTRIP #1923,"I-45, EXIT 229",Corsicana,TX,2.849,32.08240,-96.46670,gazetteer
71299,QUIKTRIP #7903,"I-35, EXIT 331",Waco,TX,2.956,31.55799,-97.18975,gazetteer
71300,SPEEDWAY #1407,"I-94, EXIT 145",Jackson,MI,3.549,42.24344,-84.40486,gazetteer
71301,Atlanta IL Visitors Center,I-55 EXIT 140,Atlanta,IL,3.399,40.26357,-89.23085,gazetteer
71302,KWIK STAR #1107,I-380 EXIT 18,Cedar Rapids,IA,3.574,41.96419,-91.67917,gazetteer
71303,KWIK TRIP #1132,SR-21,Omro,WI,3.377,44.03897,-88.73699,gazetteer
71307,Speedway #1221,"I-24/69, EXIT 27 & US-62",Calvert City,KY,3.449,37.04642,-88.39554,gazetteer
71308,QUIKTRIP #7145,"I-40, EXIT 239A",Lebanon,TN,2.916,36.19938,-86.34463,gazetteer
71309,SUGAR CROSSING CONVENIENCE,US-33 & CR-63,Lancaster,OH,3.382,39.72523,-82.60525,gazetteer
71310,CIRCLE K #2722120,US-441/27,Summerfield,FL,3.526,29.00859,-82.03481,gazetteer
71311,CIRCLE K #708,"I-85, EXIT 64 & US-29",Opelika,AL,3.266,32.66074,-85.37889,gazetteer
71313,LOVES TRAVEL STOP  #821,"US-70, Exit W Main St",Durant,OK,3.489,33.99515,-96.39254,gazetteer
71315,KWIK TRIP #1062,SR-33,West Bend,WI,3.556,43.41749,-88.18169,gazetteer
71316,KWIK TRIP #1084,SR-97,Marshfield,WI,3.476,44.66329,-90.17174,gazetteer
71318,LOVES TRAVEL STOP  #800,SR-83,Elk Grove Village,IL,3.379,42.00578,-87.99303,gazetteer
71319,LOVES TRAVEL STOP #868,"I-95, EXIT 223",Mims,FL,3.689,28.69132,-80.84400,gazetteer
71320,TA EXPRESS EDGERTON #284,I-35 EXIT 205,Edgerton,KS,3.699,38.76931,-94.96514,gazetteer
71321,Kwik Star #1119,US-18,Emmetsburg,IA,3.449,43.11480,-94.67958,gazetteer
71322,KWIK TRIP #1101,US-141,Crivitz,WI,3.304,45.23335,-88.00695,gazetteer
71323,MAVERIK COUNTRY STORE #517,SR-114 & E MILL RD,Orem,UT,3.441,40.29807,-111.69944,gazetteer
71324,7-ELEVEN #38992,"I-85/US-29, EXIT 40 & I-185, EXIT 12",Piedmont,SC,3.499,34.70562,-82.46675,gazetteer
71325,QUIKTRIP #7223,"I-20, EXIT 23 & SR-782-2",Bossier City,LA,2.892,32.52367,-93.65543,gazetteer
71326,CIRCLE K #4705730,"I-480 & SR-82, EXIT 36",Twinsburg,OH,3.989,41.32259,-81.44312,gazetteer
71327,MAVERIK COUNTRY STORE #668,"I-80, EXIT 313",Laramie,WY,3.246,41.30595,-105.60864,gazetteer
71328,IRVING,US-1,Norwood,MA,3.694,42.18736,-71.19597,gazetteer
71329,SPEEDWAY #1439,I-20 Exit 100,Mc Calla,AL,2.902,33.30311,-87.02666,gazetteer
71330,JORDAN MINI MART,SR- 31 & CR-59,Jordan,NY,3.799,43.06707,-76.47292,gazetteer
71332,ALLSUPS CONVENIENCE STORE #2308,SR-128 & SR-18,Jal,NM,3.129,32.11484,-103.19000,gazetteer
71333,ALLSUPS CONVENIENCE STORE #2105,"I-20, EXIT 332 & US-183",Cisco,TX,2.929,32.38743,-98.98192,gazetteer
71335,ALLSUPS CONVENIENCE STORE #2367,"I-27/US-87, EXIT 49B & US-70",Plainview,TX,2.909,34.19112,-101.72350,gazetteer
71336,ALLSUPS CONVENIENCE STORE #2180,US-84 & US-180,Snyder,TX,2.986,32.71356,-100.91190,gazetteer
71337,ALLSUPS CONVENIENCE STORE #2229,US-377 & SR-108,Stephenville,TX,3.159,32.21454,-98.21989,gazetteer
71338,KWIK TRIP #755,US-18,Fennimore,WI,3.424,42.97939,-90.64917,gazetteer
71339,CASEYS #3934,"I-35, EXIT 89 & CO-R6F",Ankeny,IA,3.099,41.73016,-93.60108,gazetteer
71340,KWIK TRIP #180,US-14/SR-68,New Ulm,MN,3.349,44.31207,-94.46890,gazetteer
71341,QUIKTRIP #7147,"I-40, EXIT 172 & SR-46",Dickson,TN,2.916,36.06332,-87.36884,gazetteer
71342,CASEYS #3505,US-212,Stewart,MN,3.369,44.72377,-94.48659,gazetteer
71343,ALLSUPS CONVENIENCE STORE #2014,US-377/US-67,Dublin,TX,3.159,32.08776,-98.33886,gazetteer
71345,ALLSUPS CONVENIENCE STORE #2084,US-377 & CR-234,Brownwood,TX,2.949,31.71286,-98.97705,gazetteer
71346,ALLSUPS CONVENIENCE STORE #2094,US-277 & US-83,Abilene,TX,2.889,32.45451,-99.73815,gazetteer
71347,ALLSUPS CONVENIENCE STORE #2128,"I-20, EXIT 301 & CR-276",Clyde,TX,2.889,32.40559,-99.50392,gazetteer
71348,ALLSUPS CONVENIENCE STORE #2142,US-62/US-180,Hobbs,NM,3.382,32.72909,-103.16059,gazetteer
71349,ALLSUPS CONVENIENCE STORE #2204,SR-115 & CR-201,Wink,TX,3.089,31.75450,-103.15412,gazetteer
71350,ALLSUPS CONVENIENCE STORE #2206,US-385 & SR-176,Andrews,TX,3.392,32.32134,-102.55185,gazetteer
71351,ALLSUPS CONVENIENCE STORE #2207,US-377/US-67 & SR-36,Comanche,TX,3.159,31.90048,-98.60436,gazetteer
71352,ALLSUPS CONVENIENCE STORE #2223,US-285 & SR-357,Artesia,NM,3.399,32.85217,-104.42457,gazetteer
71353,ALLSUPS CONVENIENCE STORE #2246,US-84 & SR-268,Melrose,NM,3.812,34.42948,-103.62937,gazetteer
71354,ALLSUPS CONVENIENCE STORE #2247,US-377 & SR-16,Comanche,TX,3.162,31.90048,-98.60436,gazetteer
71355,ALLSUPS CONVENIENCE STORE #2249,US-377 & US-281,Stephenville,TX,3.159,32.21454,-98.21989,gazetteer
71356,ALLSUPS CONVENIENCE STORE #2266,I-20 & US-285,Pecos,TX,3.379,31.42291,-103.49323,gazetteer
71357,ALLSUPS CONVENIENCE STORE #2279,SR-115 & SR-18,Kermit,TX,3.089,31.85392,-103.09239,gazetteer
71358,ALLSUPS CONVENIENCE STORE #2285,US-285 & US-62,Carlsbad,NM,3.194,32.40079,-104.24101,gazetteer
71359,ALLSUPS CONVENIENCE STORE #2350,"I-20, EXIT 285 & US-83",Abilene,TX,2.876,32.45451,-99.73815,gazetteer
71360,ALLSUPS CONVENIENCE STORE #2353,US-76/US-277,San Angelo,TX,3.196,31.44108,-100.45050,gazetteer
71361,ALLSUPS CONVENIENCE STORE #2358,US-277/US-87,Wall,TX,3.206,31.37405,-100.30759,gazetteer
71362,ALLSUPS CONVENIENCE STORE #2359,US-377/US-67 & CR-498,Stephenville,TX,3.159,32.21454,-98.21989,gazetteer
71363,ALLSUPS CONVENIENCE STORE #2360,FM-988 & FM-8,Stephenville,TX,3.159,32.21454,-98.21989,gazetteer
71364,QUICK FUEL #3188,I-75,Sidney,OH,3.332,40.28953,-84.16673,gazetteer
71365,COLES BP,SR 49,Brownsville,WI,3.099,43.61461,-88.49522,gazetteer
71366,AMOCO,SR 31,Kenosha,WI,3.719,42.58753,-87.88000,gazetteer
71367,ROAD RANGER #280,"I-20, EXIT 79 & SR-464",Monahans,TX,3.459,31.65572,-103.08369,gazetteer
71368,Kwik Star #1071,I-280 E and US-61 N,Davenport,IA,3.324,41.55682,-90.60395,gazetteer
71369,MR GAS TRAVEL CENTER #21,I-84 EXIT 59A,Boise,ID,3.696,43.61350,-116.20345,gazetteer
71371,BREAK TIME #3167,US-65 & HWY-HH,Sedalia,MO,3.294,38.70524,-93.23582,gazetteer
71372,Simonson Station,US-71 & SR-34,Park Rapids,MN,3.599,46.91639,-95.05793,gazetteer
71376,7-ELEVEN #41127,SR-29,Labelle,FL,3.559,26.72095,-81.45248,gazetteer
71377,7-ELEVEN #38485,I-76 Exit 25,Brighton,CO,3.599,39.96570,-104.79417,gazetteer
71378,QUIKTRIP #1410,"I-10, EXIT 136B & SR-202, EXIT 78A",Phoenix,AZ,3.369,33.57215,-112.09013,gazetteer
71379,QUIKTRIP #7211,"I-30/US-67/US-70, EXIT 128",Little Rock,AR,3.049,34.72539,-92.35856,gazetteer
71381,KWIK TRIP #1112,US-63 & SR-77,Hayward,WI,3.639,46.00659,-91.48968,gazetteer
71382,KWIK TRIP #346,US-151 BUS & CR-G/CR-D,Beaver Dam,WI,3.196,43.46811,-88.83090,gazetteer
71383,Caseys #3940,I-69 & SR 4,Ashley,IN,3.597,41.52149,-85.06140,gazetteer
71384,CASEYS #3944,I-29 & CR-106,Tea,SD,3.199,43.45563,-96.82400,gazetteer
71385,CASEYS #3907,I-675 & SR-235,Fairborn,OH,3.679,39.79958,-84.00848,gazetteer
71386,CASEYS #3952,SR-1 & SR-9,Hoopeston,IL,3.189,40.46082,-87.66357,gazetteer
71387,CASEYS #3954,"I-80, Exit 168",Newton,IA,3.249,41.69634,-93.04051,gazetteer
71388,CASEYS #3850,US HWY 77,Wahoo,NE,3.174,41.21712,-96.61784,gazetteer
71389,SPEEDWAY #1590,"I-95, EXIT 193",Dillon,SC,3.126,34.42441,-79.36756,gazetteer
71390,SPEEDWAY #7269,I-270 EXIT 6B,Granite City,IL,3.379,38.72928,-90.12547,gazetteer
71391,QUIKTRIP #7210,I-40 EXIT 142,North Little Rock,AR,3.049,34.78175,-92.23506,gazetteer
71392,Loves Travel Stop #834,SR 17 & SR 1,Grant Park,IL,3.329,41.24275,-87.63585,gazetteer
71393,CASEYS #3303,HWY 15 AND HWY 55,Kimball,MN,3.199,45.31433,-94.30081,gazetteer
71395,KWIK TRIP #340,US-18 & SR-23,Dodgeville,WI,3.489,42.96601,-90.12972,gazetteer
71397,RACEWAY #6971,US-82/SR-520,Leesburg,GA,3.109,31.73206,-84.16855,gazetteer
71398,KWIK STAR #1089,SR 415,Polk City,IA,3.159,41.78189,-93.72276,gazetteer
71399,Loves Travel Stop  #809,"I-70 & MO Hwy D, Exit 31",Bates City,MO,3.221,39.00394,-94.06339,gazetteer
71401,KWIK TRIP #1169,"I-694, EXIT 52B & SR-36",Saint Paul,MN,3.516,44.94890,-93.10406,gazetteer
71402,FIREBIRD FUEL #6196,US-60 & SR-303,Surprise,AZ,3.383,33.67080,-112.45255,gazetteer
71404,Flyers #3200,"I-17, Exit 215B",Phoenix,AZ,3.352,33.57215,-112.09013,gazetteer
71405,FLYERS #3201,"US-60, Exit 157",Phoenix,AZ,3.369,33.57215,-112.09013,gazetteer
71407,FLYERS #3204,SR 202,Phoenix,AZ,3.352,33.57215,-112.09013,gazetteer
71408,Flyers #3205,"I-17, Exit 195B",Phoenix,AZ,3.382,33.57215,-112.09013,gazetteer
71410,Flyers #3213,"US-60, Exit 181",Mesa,AZ,3.352,33.40063,-111.71649,gazetteer
71411,Flyers #3214,"I-10, Exit 161C",Chandler,AZ,3.352,33.28276,-111.85182,gazetteer
71412,FLYERS #3215,SR 87,Chandler,AZ,3.352,33.28276,-111.85182,gazetteer
71413,Flyers #3216,"US 60, Exit 194",Apache Junction,AZ,3.422,33.38277,-111.54051,gazetteer
71416,FLYERS #3225,"I-10, Exit 255",Tucson,AZ,3.359,32.15304,-110.87077,gazetteer
71417,Flyers #3227,"I-10, Exit 263A",Tucson,AZ,3.356,32.15304,-110.87077,gazetteer
71418,Quick Fuel #3228,"I-10, Exit 264",Tucson,AZ,3.362,32.15304,-110.87077,gazetteer
71421,FLYERS #3236,"SR 601, Exit 22",El Paso,TX,3.229,31.84778,-106.43111,gazetteer
71428,KWIK TRIP #1140,SR-69/SR-92 & HWY-CC,Belleville,WI,3.604,42.86402,-89.53962,gazetteer
71429,QUIKTRIP #1432,SR 202 EXIT 76,Phoenix,AZ,3.369,33.57215,-112.09013,gazetteer
71430,QUIKTRIP #7144,US-31W,Goodlettsville,TN,2.916,36.33303,-86.70423,gazetteer
71433,Kwik Star #1146,US HWY 151,Cedar Rapids,IA,3.624,41.96419,-91.67917,gazetteer
71434,KWIK STAR #1154,"SR 18 & SR 60, Exit 34",Sheldon,IA,3.199,43.17965,-95.84335,gazetteer
71435,QUIKTRIP #1036,I-85 Exit 40,Charlotte,NC,3.304,35.20905,-80.83099,gazetteer
71436,GOOD 2 GO #213,I-90 EXIT 58 & US-16,Buffalo,WY,3.525,44.33855,-106.71534,gazetteer
71438,LOVES TRAVEL STOP #893,US-80 & SR-307,Savannah,GA,3.289,32.01804,-81.19649,gazetteer
71440,MAVERIK COUNTRY STORE #667,"I-90, EXIT 289 & SR-27",Spokane,WA,3.969,47.66694,-117.43332,gazetteer
71441,MAVERIK COUNTRY STORE #678,US-191,Vernal,UT,3.442,40.45170,-109.53801,gazetteer
71442,RACETRAC #2597,"I-65, EXIT 91 & US-31W",Elizabethtown,KY,2.919,37.70400,-85.87888,gazetteer
71443,LOVES TRAVEL STOP #810,US-33 & SR-540,Bellefontaine,OH,3.352,40.36270,-83.76299,gazetteer
71444,One9 #1318,"I-44, Exit 88",Strafford,MO,2.986,37.26888,-93.11804,gazetteer
71445,SPEEDWAY #1051,I-90 & I-94 Exit 69,Mauston,WI,3.299,43.79998,-90.07955,gazetteer
71446,SPEEDWAY #4221,I-80 Exit 292,Davenport,IA,3.749,41.55682,-90.60395,gazetteer
71447,KWIK TRIP #612,SR-116,Winneconne,WI,3.532,44.11131,-88.71198,gazetteer
71449,MAVERIK COUNTRY STORE #628,I-15 & CR-215,Las Vegas,NV,3.356,36.23350,-115.26404,gazetteer
71450,MAVERIK COUNTRY STORE #664,I-25 EXIT 203,Los Lunas,NM,3.202,34.80087,-106.78869,gazetteer
71452,ALLSUPS CONVENIENCE STORE #2016,SR-214 & SR-114,Morton,TX,3.399,33.72482,-102.75921,gazetteer
71453,ALLSUPS CONVENIENCE STORE #2025,US-285,Roswell,NM,3.286,33.37344,-104.52939,gazetteer
71455,ALLSUPS CONVENIENCE STORE #2043,US-62,Idalou,TX,2.966,33.66240,-101.68370,gazetteer
71456,ALLSUPS CONVENIENCE STORE #2058,"I-40, Exit 332 & SR-209",Tucumcari,NM,3.355,35.17029,-103.70505,gazetteer
71457,ALLSUPS CONVENIENCE STORE #2075,US-70 & SR-6,Crowell,TX,3.199,33.98356,-99.72437,gazetteer
71458,ALLSUPS CONVENIENCE STORE #2082,SR-70,Spur,TX,3.199,33.47658,-100.85022,gazetteer
71460,ALLSUPS CONVENIENCE STORE #2101,SR-136,Fritch,TX,3.149,35.64307,-101.59643,gazetteer
71461,ALLSUPS CONVENIENCE STORE #2111,US-87 &,Texline,TX,2.966,36.37649,-103.01888,gazetteer
71462,ALLSUPS CONVENIENCE STORE #2138,CR-61,Hobbs,NM,3.382,32.72909,-103.16059,gazetteer
71463,ALLSUPS CONVENIENCE STORE #2146,SR-18,Hobbs,NM,3.212,32.72909,-103.16059,gazetteer
71465,ALLSUPS CONVENIENCE STORE #2173,US-20,Sweetwater,TX,2.846,32.46939,-100.40865,gazetteer
71466,ALLSUPS CONVENIENCE STORE #2185,US-380 & 9TH ST,Aspermont,TX,3.366,33.14092,-100.22487,gazetteer
71467,ALLSUPS CONVENIENCE STORE #2192,SR-86 & SR-207,Silverton,TX,3.159,34.47137,-101.30405,gazetteer
71468,ALLSUPS CONVENIENCE STORE #2212,SR-6,Stamford,TX,3.129,33.04619,-99.59702,gazetteer
71469,ALLSUPS CONVENIENCE STORE #2227,SR-114,Morton,TX,3.399,33.72482,-102.75921,gazetteer
71470,ALLSUPS CONVENIENCE STORE #2267,"I-20, EXIT 42 & CR-761",Pecos,TX,3.379,31.42291,-103.49323,gazetteer
71471,ALLSUPS CONVENIENCE STORE #2269,SR-524 & CR-658,Carlsbad,NM,3.249,32.40079,-104.24101,gazetteer
71472,ALLSUPS CONVENIENCE STORE #2276,HWY 84 & CR-466,Hermleigh,TX,2.972,32.64077,-100.75048,gazetteer
71473,ALLSUPS CONVENIENCE STORE #2378,US-BUS 287 & SR-25,Electra,TX,2.999,34.03229,-98.92024,gazetteer
71474,PILOT #1292,US-290 & SR-21,Paige,TX,3.499,30.21294,-97.12584,gazetteer
71476,KWIK TRIP #493,US HWY 12,Whitewater,WI,3.499,42.83744,-88.73428,gazetteer
71477,KWIK TRIP #1141,SR 54,Luxemburg,WI,3.482,44.54466,-87.70657,gazetteer
71478,RACEWAY #6970,SR-1 & Coker Rd,Rome,GA,3.199,34.26613,-85.18605,gazetteer
71479,RACETRAC #118,I-575 & SR-15,Jasper,GA,3.309,34.46620,-84.43586,gazetteer
71480,Loves Travel Stop #836,US-87,Dalhart,TX,3.436,36.05742,-102.51221,gazetteer
71481,Loves Travel Stop #843,"I-29, Exit 187",Drayton,ND,3.566,48.56206,-97.17950,gazetteer
71484,CIRCLE K #2745064,"I-75/SR-401, EXIT 101 & US-280/SR-30",Cordele,GA,2.999,31.95609,-83.77008,gazetteer
71485,Circle K #2709088,US-521 & SR-9,Lancaster,SC,3.299,34.72392,-80.78570,gazetteer
71486,HUCKS FOOD & FUEL #338,US-50/US-150 & US-41 BUS,Vincennes,IN,3.959,38.67662,-87.50996,gazetteer
71488,LOVES TRAVEL STOP #816,"I-90, EXIT 284",Kimball,SD,3.571,43.74696,-98.95656,gazetteer
71491,SPEEDWAY #1520,"I-55, EXIT 58 & SR-80",Matthews,MO,3.189,36.75680,-89.56748,gazetteer
71493,NEW TRAVEL PLAZA,I-20 EXIT 86,Ruston,LA,3.066,32.53299,-92.63533,gazetteer
71494,SPEEDWAY/7FLEET #7008,"I-90, EXIT 48A & SR-77",Corfu,NY,3.889,42.96116,-78.40261,gazetteer
71495,SPEEDWAY #1212,"I-65, EXIT 99 & US-31",Greenwood,IN,3.597,39.60337,-86.10523,gazetteer
71496,SPEEDWAY/7fleet #1052,US-30 & SR-57,Orrville,OH,3.499,40.84827,-81.77689,gazetteer
71498,KWIK TRIP #1143,US HWY 45,Antigo,WI,3.507,45.14127,-89.15523,gazetteer
71499,KWIK TRIP #1130,US HWY 151/18,Mount Horeb,WI,3.589,43.00600,-89.73158,gazetteer
71500,KWIK TRIP #1114,SR-35,Holmen,WI,3.331,43.97077,-91.26578,gazetteer
71502,ROAD RANGER #281,I-20 EXIT 332,Cisco,TX,3.141,32.38743,-98.98192,gazetteer
71503,LOVES TRAVEL STOP #093,US-80 & US-400/US-50,Garden City,KS,3.729,37.97588,-100.85088,gazetteer
71504,MAVERIK COUNTRY STORE #378,"I-84/I-15, EXIT 346 & SR-126",Ogden,UT,3.379,41.22839,-111.96815,gazetteer
71505,KWIK TRIP #1029,I-43 & SR-20,East Troy,WI,3.174,42.78518,-88.39557,gazetteer
71506,KWIK STAR #1165,SR-60,Sibley,IA,3.224,43.40148,-95.74303,gazetteer
71509,MAPLEFIELDS IRVING,I-91 & US-2,Saint Johnsbury,VT,3.599,44.43044,-72.00858,gazetteer
71510,RACETRAC #2601,"I-64, Exit 58",Frankfort,KY,2.919,38.19497,-84.86588,gazetteer
71511,RACETRAC #2592,US HWY 29,Athens,GA,3.312,33.94960,-83.37009,gazetteer
71512,RACETRAC #2603,Country Road 527,Orlando,FL,3.299,28.40865,-81.25481,gazetteer
71514,LOVES TRAVEL STOP #817,SR-136,Santa Teresa,NM,3.262,31.87136,-106.67342,gazetteer
71515,LOVES TRAVEL STOP #824,"I-64 & SR-37, Exit 80",Mount Vernon,IL,3.349,38.31421,-88.91747,gazetteer
71516,LOVES TRAVEL STOP #833,"I-90, EXIT 61 & US-20",Ripley,NY,3.879,42.26569,-79.71230,gazetteer
71517,7-ELEVEN #41905,I-85 & CR-2120,Salisbury,NC,3.749,35.66616,-80.49263,gazetteer
71518,SPEEDWAY/7Fleet #9305,SR-18 & SR-1,Forrest City,AR,3.174,35.01360,-90.79321,gazetteer
71519,SPEEDWAY #1506,US-231 & SR-271,Montgomery,AL,3.042,32.34850,-86.26731,gazetteer
71520,KWIK TRIP #1104,SR-35/65 & SR-29,River Falls,WI,3.406,44.86085,-92.62571,gazetteer
71521,KWIK TRIP #1065,US-12 & SR-89,Whitewater,WI,3.424,42.83744,-88.73428,gazetteer
71522,Y NOT STOP BARBER SPUR,SR-10 & SR-13,Ville Platte,LA,3.499,30.68986,-92.27416,gazetteer
71523,QUIKTRIP #7170,I-59 EXIT 77,Cottondale,AL,2.916,33.19305,-87.45486,gazetteer
71524,Loves Travel Stop #813,"I-77, Exit 112",North Canton,OH,3.627,40.87415,-81.39713,gazetteer
71525,LOVES TRAVEL STOP #796,"I-40, EXIT 432B & U-25W/US-411/US-70",Newport,TN,3.689,35.96162,-83.19762,gazetteer
71526,LOVES TRAVEL STOP #820,"I-90, EXIT 41 & SR-414",Waterloo,NY,4.149,42.90459,-76.85902,gazetteer
71527,D & C FUEL EAST,US-6/SR-92,Tunkhannock,PA,3.699,41.54108,-75.94906,gazetteer
71528,GOOD 2 GO #218,I-90 EXIT 25 & US-14,Sheridan,WY,3.442,44.79622,-106.96417,gazetteer
71529,Kwik Trip #1161,US-BUS 53,Eau Claire,WI,3.407,44.81834,-91.49477,gazetteer
71531,BERT'S TRAVEL PLAZA,SR-33,Wellsville,KS,3.316,38.71766,-95.07786,gazetteer
71534,GOLDEN GATE - YERINGTON,SR-339 & US-95 ALT,Yerington,NV,3.716,38.95547,-119.11011,gazetteer
71535,GOLDEN GATE BATTLE MOUNTAIN,"I-80, EXIT 233",Battle Mountain,NV,3.339,40.62837,-116.94855,gazetteer
71536,PILOT TRAVEL CENTERS  #1106,"I-25/US-85, EXIT 215 & SR-47",Albuquerque,NM,3.566,35.10478,-106.64681,gazetteer
71542,CIRCLE K #2706625,US-85,Eaton,CO,3.399,40.52569,-104.71299,gazetteer
71543,THE SOCO GROUP #4,SR-111,El Centro,CA,4.839,32.78635,-115.56021,gazetteer
71555,Kwik Trip #307,SR-35/US-18,Prairie Du Chien,WI,3.599,43.04162,-91.13541,gazetteer
71556,KWIK TRIP #1167,"HWY 29, EXIT 108",Thorp,WI,3.452,44.95796,-90.80218,gazetteer
71557,MUSKOGEE TRAVEL PLAZA,US-69,Muskogee,OK,3.016,35.74380,-95.35640,gazetteer
71558,ALLSUPS #2384,US-60,Friona,TX,2.994,34.63943,-102.72312,gazetteer
71559,ALLSUPS CONVENIENCE STORE #2228,US-83 & CR-613,Tuscola,TX,2.917,32.21156,-99.79826,gazetteer
71560,CIRCLE K #2709675,"I-25, EXIT 41 & SR-543/SR-26",Hatch,NM,3.799,32.67312,-107.16199,gazetteer
71561,ABBOTTS TRAVEL CENTER,I-35 EXIT 359,Abbott,TX,3.066,31.88514,-97.07411,gazetteer
71563,Kwik Star #1081,SR-9,Decorah,IA,3.579,43.30162,-91.78475,gazetteer
71564,GRAB N GO,SR-200 & SR-22,Killdeer,ND,3.549,47.36875,-102.74620,gazetteer
71565,CIRCLE K #2741253,"SR 375, Exit 39",El Paso,TX,3.196,31.84778,-106.43111,gazetteer
71566,Mankato Travel Center,US HWY 14 & SR 22,Mankato,MN,3.499,44.17112,-93.97638,gazetteer
71567,PRIDE CONVENIENCE STORE,"I-91, EXIT 40 & SR-20",East Granby,CT,3.649,41.94121,-72.72732,gazetteer
71568,QUIKTRIP #294,I-35,Gardner,KS,2.999,38.80868,-94.92251,gazetteer
71570,STEELE 66 TRUCK PLAZA,Hwy O & CR-425,Steele,MO,3.399,36.09479,-89.86210,gazetteer
71571,RACETRAC #2587,I-75 & US-98,Brooksville,FL,3.299,28.51658,-82.40466,gazetteer
71572,7-ELEVEN #41525,US-460 & SR-630,Disputanta,VA,2.999,37.12355,-77.22486,gazetteer
71573,RACETRAC #2588,I-4 & US-301,Tampa,FL,3.299,27.97009,-82.47967,gazetteer
71574,RACETRAC #2594,US-441,Dublin,GA,2.999,32.53547,-82.92881,gazetteer
71576,RACETRAC #2429,SR-161,Irving,TX,2.901,32.85775,-96.97002,gazetteer
71577,TOOT N TOTUM #130,US-87 & Dorsey Rd,Clayton,NM,3.199,36.44603,-103.14886,gazetteer
71578,RACETRAC #2595,I-65 EXIT 284,Alabaster,AL,2.999,33.21435,-86.82308,gazetteer
71579,KWIK TRIP #1138,SR 28,Sheboygan,WI,3.242,43.73871,-87.73153,gazetteer
71580,MAVERIK COUNTRY STORE #676,"I-15/I-84, EXIT 376 & SR-13",Tremonton,UT,3.444,41.71835,-112.18784,gazetteer
71582,LOVES TRAVEL STOP #847,US-601 & SR-207,Pageland,SC,3.386,34.77012,-80.38571,gazetteer
71583,CIRCLE K #2706993,SR 27 N,Lake Wales,FL,3.799,27.92070,-81.59950,gazetteer
71586,ALLTOWN FRESH,US-9 & SR-23,Livingston,NY,3.659,42.14203,-73.77791,gazetteer
71590,TA SPRINGER,I-25 EXIT 419,Springer,NM,3.529,36.36541,-104.60022,gazetteer
71592,THE WOODSHED,US-59 & SR-10,Welch,OK,3.099,36.87441,-95.09440,gazetteer
71594,BP,US-20 & SR13,Middlebury,IN,3.799,41.67056,-85.70868,gazetteer
71595,Hucks Market #100,US-36,Hannibal,MO,3.132,39.71021,-91.39404,gazetteer
71596,ALLSUPS #2379,US-70/US-380,Tinnie,NM,3.359,33.37065,-105.22637,gazetteer
71597,Allsups #2380,US-84,Sudan,TX,3.199,34.06641,-102.52419,gazetteer
71598,Allsups #2381,SR-199,Azle,TX,2.919,32.89555,-97.53923,gazetteer
71600,TA EXPRESS #290,"I-45, EXIT 198 & FM-27",Fairfield,TX,3.439,31.71744,-96.17048,gazetteer
71601,Circle K #2723479,"I-40, EXIT 306B & US-70",Garner,NC,3.369,35.68948,-78.61460,gazetteer
71603,FLYERS #3223,US-70/191,Safford,AZ,3.862,32.83330,-109.69742,gazetteer
71604,MAVERIK COUNTRY STORE #669,"I-80, Exit 113 & SR-172",Salt Lake City,UT,3.446,40.77693,-111.93099,gazetteer
71606,Allsups #2396,HWY 62 82 179,Wolfforth,TX,2.916,33.50902,-102.00508,gazetteer
71607,Loves Travel Stop #827,"I-90, Exit 174",Moses Lake,WA,3.889,47.12785,-119.27638,gazetteer
71608,Loves Travel Stop #842,"I-194, eXIT 164",Saint Cloud,MN,3.291,45.52666,-94.17101,gazetteer
71609,QUIKTRIP #73,"US-75, US 62",Henryetta,OK,3.026,35.44165,-95.98642,gazetteer
71610,FRIENDLY GUS #25,US-80 & SR-338,Dudley,GA,3.832,32.53348,-83.08362,gazetteer
71612,RACEWAY #6898,"I-95, EXIT 373 & HWY A1A",Yulee,FL,3.271,30.63542,-81.56958,gazetteer
71614,7-ELEVEN #41808,"I-85, EXIT 106 & US-29",Blacksburg,SC,3.359,35.12209,-81.51812,gazetteer
71615,HUTCHS #128,US-62 & US-281/SR-8,Anadarko,OK,2.999,35.06530,-98.24447,gazetteer
71616,ALLSUPS CONVENIENCE STORE #2382,"I-20, EXIT 366 & US-281",Mineral Wells,TX,2.946,32.82348,-98.07880,gazetteer
71617,CIRCLE K #2709087,US-98/US-19,Chiefland,FL,3.582,29.49225,-82.86633,gazetteer
71618,Loves Travel Stop #837,"I-35, Exit 52",Cameron,MO,3.689,39.74450,-94.23232,gazetteer
71619,7-ELEVEN # 41365,"I-840/I-785, EXIT 18 & US-70",Greensboro,NC,3.199,36.09485,-79.82362,gazetteer
71621,TOOT N TOTUM #127,"I-27, Exit 49B",Plainview,TX,2.896,34.19112,-101.72350,gazetteer
71622,Circle K #2706628,SR-193 & SR-163,Theodore,AL,3.392,30.53869,-88.18757,gazetteer
71623,Circle K #2706637,US-43,Grove Hill,AL,3.719,31.69867,-87.77287,gazetteer
71624,MAVERIK COUNTRY STORE #681,"I-80, Exit 410",West Wendover,NV,3.386,40.74025,-114.07863,gazetteer
71625,MAVERIK COUNTRY STORE #679,US-160/285 & SR-17,Alamosa,CO,3.349,37.47453,-105.87696,gazetteer
71627,QUIKTRIP #1730,I-75 EXIT 185,Forsyth,GA,3.089,33.03936,-83.93444,gazetteer
71628,QUIKTRIP #7171,I-65 EXIT 231,Calera,AL,2.999,33.12232,-86.74564,gazetteer
71629,KWIK TRIP #1139,SR-95 & SR-65,Cambridge,MN,3.399,45.56077,-93.22770,gazetteer
71630,CIRCLE K #2701524,"US-52, Exit 134 & SR-268",Pilot Mountain,NC,3.429,36.38394,-80.47422,gazetteer
71631,RACEWAY #6891,SR-20 & SR-67,Decatur,AL,3.099,34.57299,-86.98990,gazetteer
71632,Loves Travel Stop #819,SR-21 & SR-275,Rincon,GA,3.331,32.29469,-81.23535,gazetteer
71634,76,"US HWY 278, US HWY 45",Tupelo,MS,3.149,34.27060,-88.73246,gazetteer
71635,Racetrac #2610,US-231,Murfreesboro,TN,3.049,35.85392,-86.42122,gazetteer
71636,RACETRAC #2580,US-41 & SR-268,Murfreesboro,TN,3.032,35.85392,-86.42122,gazetteer
71637,HORSESHOE #4,SR-114,Smyer,TX,2.959,33.58738,-102.16350,gazetteer
71639,PAR MAR FOOD STORE #13,"I-77, EXIT 1 & SR-7",Hannibal,OH,3.899,39.67177,-80.87411,gazetteer
71640,RACETRAC #2544,SR-81 & SR-316,Bethlehem,GA,3.312,33.93795,-83.70998,gazetteer
71641,76,I-17,Phoenix,AZ,3.232,33.57215,-112.09013,gazetteer
71642,MAVERIK COUNTRY STORE #398,HWY 89 & LAKE POWELL BLVD,Page,AZ,3.456,36.94181,-111.51328,gazetteer
71643,Pilot #1319,I-35 Exit 30,Alvarado,TX,3.206,32.40938,-97.21079,gazetteer
71644,CHISUM TRAVEL CENTER #38,I-20 EXIT 210,Colorado City,TX,2.926,32.39949,-100.85830,gazetteer
71646,SPEEDWAY #6542,"I-10, Exit 192",Midway,FL,3.599,30.40506,-87.00961,gazetteer
71647,QUIKTRIP #667,I-44 Exit 189,Rolla,MO,2.982,37.94594,-91.76120,gazetteer
71648,QUIKTRIP #7149,I-24 Exit 8,Clarksville,TN,2.916,36.56643,-87.34522,gazetteer
71649,Allsups Convenience Store #2385,US-183 & US-180,Breckenridge,TX,3.307,32.75675,-98.91299,gazetteer
71650,ALLSUPS CONVENIENCE STORE #2405,SR-208 & SR-158,Robert Lee,TX,3.266,31.89570,-100.48501,gazetteer
71651,QUIKTRIP #4151,"I-35, Exit 220",Buda,TX,2.916,30.08040,-97.85570,gazetteer
71652,CIRCLE K #4705575,SR-261,Akron,OH,3.769,41.08046,-81.52143,gazetteer
71653,MAVERIK COUNTRY STORE #701,US-160,Durango,CO,3.299,37.26453,-107.87412,gazetteer
71654,LOVES TRAVEL STOP  #851,"I-39/US-51, EXIT 111 & SR-72",Monroe Center,IL,3.749,42.09993,-88.99440,gazetteer
71655,79 ONE STOP,SR-62 & SR-37,Saint Croix,IN,3.499,38.22395,-86.58637,gazetteer
71656,CASEYS #3268,US-59 & SR-119,Appleton,MN,3.446,45.19947,-96.02223,gazetteer
71657,CASEYS #2855,US HWY 63,Cabool,MO,3.259,37.12648,-92.10322,gazetteer
71659,Loves Travel Stop #646,"I-84, Exit 71",Willington,CT,4.359,41.87579,-72.26428,nominatim
71661,Loves Travel Stop #822,"I-40,  Exit 57 & S Crawford St",Clarksville,AR,3.392,35.45392,-93.48156,gazetteer
71662,PUMP & PANTRY #33,SR-22/39,Genoa,NE,3.289,41.44587,-97.73327,gazetteer
71663,Allsups #2388,I-27 & SR-217,Canyon,TX,2.901,34.99029,-101.91895,gazetteer
71664,RUTTERS #95,SR-9,Martinsburg,WV,3.999,39.45777,-77.97821,gazetteer
71666,Circle K#2746513,SR-13/SIOUX TRL,Savage,MN,3.799,44.75906,-93.36421,gazetteer
71667,7-Eleven #38986,"I-75, EXIT 301 & US-98",Brooksville,FL,3.399,28.51658,-82.40466,gazetteer
71668,7-ELEVEN #41572,I-77 & US-70,Statesville,NC,2.859,35.78549,-80.87296,gazetteer
71672,7-ELEVEN #41573,US-67,Glen Rose,TX,3.589,32.24682,-97.74805,gazetteer
71673,7-ELEVEN #41792,"I-85, EXIT 27",Anderson,SC,2.959,34.52149,-82.64352,gazetteer
71674,Kwik Trip #1177,SR-65,Cambridge,MN,3.424,45.56077,-93.22770,gazetteer
71676,CIRCLE K #4702409,US-52,Lafayette,IN,3.157,40.39941,-86.86281,gazetteer
71679,TOOT N TOTUM #22,FM 1541 & FM 1151,Amarillo,TX,2.967,35.19806,-101.83311,gazetteer
71680,Alexs Shelby Truck Stop,US HWY 278 & SR 32,Shelby,MS,3.199,33.95053,-90.76509,gazetteer
71681,WASPYS TRUCK STOP,US-71,Audubon,IA,3.316,41.71802,-94.92837,gazetteer
71682,Gas N Wash,"SR 83, SR 50, I-294",Alsip,IL,3.299,41.67027,-87.73708,gazetteer
71683,GAS N WASH,US HWY 6,Joliet,IL,3.799,41.51687,-88.14796,gazetteer
71686,Allsups #2391,I-20 Exit 269,Merkel,TX,2.876,32.46973,-100.01110,gazetteer
71687,ALLSUPS #2386,I-20 EXIT 216,Colorado City,TX,2.942,32.39949,-100.85830,gazetteer
71688,KWIK TRIP #1151,"I-90, EXIT 183 & CR-BT",Beloit,WI,3.374,42.52351,-89.01766,gazetteer
71689,KWIK TRIP #1108,"I-41/US-45, EXIT 52 & SR-164",Colgate,WI,3.247,43.19306,-88.20676,gazetteer
71691,ALLSUPS #2399,US-287 & SR-207,Claude,TX,2.929,35.10737,-101.36288,gazetteer
71692,GXP #200,"I-85/SR-403, EXIT 140 & SR-82",Jefferson,GA,3.239,34.13624,-83.60216,gazetteer
71694,J&H Family Store,"I-96, Exit 19",Coopersville,MI,3.499,43.06547,-85.93375,gazetteer
71695,KWIK TRIP #1126,US-14/US-61,La Crosse,WI,3.384,43.82469,-91.22462,gazetteer
71696,SUPER SAVE #10,I-220 EXIT 1A,Shreveport,LA,3.199,32.46688,-93.79219,gazetteer
71697,LOVES TRAVEL STOP #829,I-80 EXIT 81,Brookville,PA,4.019,41.16168,-79.08265,gazetteer
71698,Kwik Star #1142,hwy 6,Iowa City,IA,3.134,41.65566,-91.53086,gazetteer
71699,KWIK TRIP #597,"I-94, EXIT 344 & SR-31",Kenosha,WI,3.744,42.58753,-87.88000,gazetteer
71700,ARCO,US-19/US-98/US-27Alt & CR-30A,Perry,FL,3.699,30.10905,-83.58227,gazetteer
71701,CIRCLE K #2746510,SR 32,De Pere,WI,3.349,44.43099,-88.07994,gazetteer
71702,SHOP AND SAVE,US-220 & CR-734,Ridgeway,VA,3.909,36.57817,-79.85829,gazetteer
71704,QUIKTRIP #962,"I-30, Exit 61A",Garland,TX,2.897,32.90983,-96.63033,gazetteer
71705,STRIPES #41980,"I-37, EXIT 11A",Corpus Christi,TX,3.199,27.75425,-97.17338,gazetteer
71706,QUIKTRIP #1176,I-77Exit 2,West Columbia,SC,3.309,33.99013,-81.09935,gazetteer
71707,QUARLES #4437,US HWY 30,Lancaster,PA,3.999,40.04206,-76.30099,gazetteer
71708,QUARLES #4936,I-95 Exit 69,Richmond,VA,3.699,37.53140,-77.47601,gazetteer
71709,MAPCO EXPRESS #7553,SR 153 EXIT 2,Chattanooga,TN,2.994,35.06596,-85.24839,gazetteer
71710,KWIK STAR #1180,SR-141,Perry,IA,3.061,41.83791,-94.09325,gazetteer
71712,MAVERIK COUNTRY STORE #693,"I-70, Exit 160 & hwy 191",Green River,UT,3.282,38.99346,-110.17342,gazetteer
71714,RACETRAC #2576,SR-997 & SR-994,Miami,FL,3.287,25.77516,-80.20861,gazetteer
71716,Allsups #2404,US-62,Carlsbad,NM,3.194,32.40079,-104.24101,gazetteer
71717,Kwik Trip #1199,US-14,Darien,WI,3.199,42.59900,-88.71427,gazetteer
71718,KWIK STAR #1158,US-30,Ames,IA,3.174,42.02633,-93.62126,gazetteer
71719,LOVES TRAVEL STOP #832,"I-35, EXIT 129",Forest Lake,MN,3.362,45.25083,-92.96692,gazetteer
71721,HUCKS FOOD & FUEL #314,US-50/150,Washington,IN,3.462,38.65823,-87.16036,gazetteer
71722,MAVERIK #5392,FM-16,Keenesburg,CO,3.154,40.15517,-104.56342,gazetteer
71723,ALLSUPS CONVENIENCE #2398,SR-70,Pampa,TX,3.079,35.54785,-100.96503,gazetteer
71724,ALLSUPS CONVENIENCE #2403,US-180,Mineral Wells,TX,3.006,32.82348,-98.07880,gazetteer
71725,Allsups Convenience Store #2406,US-67,Rankin,TX,3.499,31.22536,-101.93944,gazetteer
71726,Kwik Trip #1152,US HWY 169,Saint Peter,MN,3.724,44.32928,-93.96766,gazetteer
71735,Loves Travel Stop #811,US-395,Pasco,WA,4.589,46.26611,-119.12143,gazetteer
71736,Racetrac #2312,US-41/SR-92,Acworth,GA,3.209,34.06199,-84.68112,gazetteer
71737,RACETRAC #2605,"I-295, EXIT 25",Jacksonville,FL,3.249,30.33686,-81.66160,gazetteer
71738,KWIK TRIP #1196,"US-151, EXIT 21",Platteville,WI,3.514,42.72792,-90.46810,gazetteer
71739,TA EXPRESS #418,"I-16/SR-404, EXIT 116 & US-301/25",Register,GA,3.286,32.36453,-81.88049,gazetteer
71740,SPRINT FOODS #735,US-78/US-1 & SR-19,Aiken,SC,3.172,33.53159,-81.72507,gazetteer
71741,SPRINT FOOD STORE #733,"I-20, EXIT 183 & US-221",Harlem,GA,3.599,33.43535,-82.31606,gazetteer
71769,DUCK THRU FOOD STORE #60,US HWY 64,Spring Hope,NC,3.469,35.94413,-78.10897,gazetteer
71770,ONVO TRAVEL PLAZA,"I-81, Exit 155",Mountain Top,PA,3.587,41.13530,-75.90443,gazetteer
71771,BREAK TIME #3170,SR-13 & HWY-T,Bolivar,MO,3.374,37.60670,-93.41671,gazetteer
71772,Kwik Trip #1137,US-8,Saint Croix Falls,WI,3.524,45.41137,-92.62469,gazetteer
71773,KWIK STAR #710,US-30 EXIT-202,Toledo,IA,3.399,41.99017,-92.58034,gazetteer
71774,CASEYS #4292,1020 5TH ST,Carrollton,IL,3.239,39.29449,-90.40689,gazetteer
71775,Caseys #3950,US-270 & US-54,Liberal,KS,3.319,37.04611,-100.92771,gazetteer
71776,QUIKTRIP #7172,"I-85/US-29, EXIT 58 & SR-169",Opelika,AL,2.999,32.66074,-85.37889,gazetteer
71779,TCI PHOENIX,"I-10, EXIT 138 & US-202, EXIT 76",Phoenix,AZ,2.922,33.57215,-112.09013,gazetteer
71784,7-ELEVEN #41750,I-4 & SR-33,Lakeland,FL,3.289,28.05550,-81.95477,gazetteer
71785,7-ELEVEN #41266,I-81 & SR-924,Hazleton,PA,3.839,40.95047,-75.97251,gazetteer
71786,SHEETZ #751,I-76 EXIT 91,Donegal,PA,3.259,40.11202,-79.38077,gazetteer
71787,PUMP & PANTRY #55,US-159 & US-73,Falls City,NE,3.239,40.06221,-95.59901,gazetteer
71792,KWIK TRIP #1147,US-71 & SR-60,Windom,MN,3.349,43.87355,-95.11914,gazetteer
71793,QUARLES #4602,"SR-267, EXIT 8B & SR-606",Sterling,VA,3.659,39.00473,-77.40537,gazetteer
71794,KWIK TRIP #1174,US-51 & US-2,Ironwood,MI,3.139,46.45221,-90.15043,gazetteer
71795,CIRCLE  K #2654290,I-85 EXIT 13,Lagrange,GA,3.899,33.02698,-85.03826,gazetteer
71797,KWIK STAR #1186,"I-80/US-6, EXIT 142 & US-65",Altoona,IA,3.199,41.65064,-93.48002,gazetteer
71798,Space Age #202,"I-5, EXIT 52",Castle Rock,WA,3.659,46.27186,-122.90393,gazetteer
71800,Stuckeys Travel Plaza,"I-44, EXIT 179",Newburg,MO,2.972,37.91558,-91.90037,gazetteer
71801,Love's Travel Stop #869,US HWY 75,Le Mars,IA,3.456,42.78151,-96.17331,gazetteer
71803,KENT KWIK #321,I-20 EXIT 143,Midland,TX,2.941,32.02464,-102.11347,gazetteer
71804,GAS N WASH,I-88 EXIT 114,Montgomery,IL,3.599,41.72102,-88.35811,gazetteer
71805,RACETRAC #2583,I-24E,La Vergne,TN,2.899,36.02224,-86.55938,gazetteer
71806,RACETRAC #2600,SR-70,Okeechobee,FL,3.299,27.24161,-80.82931,gazetteer
71807,KWIK TRIP #1270,SR-172,Green Bay,WI,3.291,44.52154,-87.98657,gazetteer
71808,WEIGELS #100,SR 153,Chattanooga,TN,3.016,35.06596,-85.24839,gazetteer
71811,7-ELEVEN #41826,SR-722 & SR-283,Lancaster,PA,4.129,40.04206,-76.30099,gazetteer
71812,KWIK TRIP #1198,I-43 & Hwy AA,Oostburg,WI,3.242,43.62413,-87.78811,gazetteer
71813,Kweik Star #1156,SR-150 & SR-3,Oelwein,IA,3.582,42.67158,-91.91279,gazetteer
71814,TEX-BEST #531,US-90,Uvalde,TX,2.874,29.21518,-99.77721,gazetteer
71815,MAVERIK COUNTRY STORE #688,I-15 EXIT 339,Ogden,UT,3.386,41.22839,-111.96815,gazetteer
71816,MAVERIK COUNTRY STORE #694,I-15 EXIT 222,Nephi,UT,3.406,39.70470,-111.83335,gazetteer
71817,KWIK TRIP #1128,US-12,Altoona,WI,3.332,44.79996,-91.43958,gazetteer
71818,TA EXPRESS RIVERTON #433,I-72 EXIT 108,Riverton,IL,3.409,39.84614,-89.53637,gazetteer
71822,DK,SR 176,Lenorah,TX,3.532,32.30456,-101.87625,gazetteer
71823,MARKER 126,US HWY 20,Duncombe,IA,3.059,42.46979,-93.99679,gazetteer
71824,QuikTrip #4052,US 181 S,San Antonio,TX,2.922,29.46281,-98.52464,gazetteer
71826,KWIK TRIP #1183,US-2,Bessemer,MI,3.139,46.47758,-90.04984,gazetteer
71827,KWIK TRIP #1188,US-12,Cokato,MN,3.474,45.07672,-94.18755,gazetteer
71828,KWIK TRIP #1209,SR-42,Sturgeon Bay,WI,3.582,44.82268,-87.36981,gazetteer
71830,One9 #1330,"I-40/US-63, EXIT 216 & US-49",Brinkley,AR,3.199,34.88978,-91.18982,gazetteer
71831,Loves Travel Stop #865,"I-35, Exit 186",Perry,OK,3.389,36.28015,-97.30819,gazetteer
71832,SHEETZ #753,SR 3,Seville,OH,3.082,41.02073,-81.86714,gazetteer
71833,Circle K #2706636,US HWY 43,Jackson,AL,3.899,31.53232,-87.89118,gazetteer
71835,CUZZS TRAVEL DEPOT,US 43 N,Thomasville,AL,3.599,31.91501,-87.73720,gazetteer
71836,DUCK THRU FOOD STORE #59,US 13 EXIT 119,Greenville,NC,3.499,35.59643,-77.37526,gazetteer
71837,RUTTERS #86,"US-15, EXIT 17 & SR-26",Frederick,MD,3.899,39.43409,-77.41454,gazetteer
71838,RUTTERS #24,SR-74 & SR-2069,Brogue,PA,4.099,39.87177,-76.48302,gazetteer
71839,RUTTERS #92,US-222 & SR-737,Kutztown,PA,3.699,40.52131,-75.77729,gazetteer
71840,NEON MARKETPLACE,"SR-79, EXIT 10",Fall River,MA,3.949,41.72535,-71.09416,gazetteer
71841,Quick Fuel #3193,US-69,Kansas City,KS,3.346,39.12254,-94.74178,gazetteer
71844,HD EXPRESS MART,US 20,Clyde,OH,3.379,41.30358,-82.97943,gazetteer
71845,ALLSUPS #2424,US 180,Millsap,TX,2.984,32.74991,-98.01147,gazetteer
71849,TOOT N TOTUM #128,I-40 EXIT 57,Amarillo,TX,3.089,35.19806,-101.83311,gazetteer
71850,CEDAR GROVE OASIS,"I-43, Exit 113",Cedar Grove,WI,3.239,43.56825,-87.82297,gazetteer
71851,PWI #164,I-35/US-77 & FM-3115,Abbott,TX,2.892,31.88514,-97.07411,gazetteer
71852,KWIK TRIP #1164,US-63,Spooner,WI,3.599,45.82592,-91.88613,gazetteer
71853,Landmark Travel Center,I-20 EXIT 301,Clyde,TX,2.901,32.40559,-99.50392,gazetteer
71854,EXXON DBA Pilot #1289,US 75 EXIT 72,Denison,TX,3.239,33.76694,-96.58067,gazetteer
71855,BYRNE DAIRY #136,I-90 Exit 37,Liverpool,NY,3.659,43.10557,-76.20966,gazetteer
71856,GO TIME #7,"I-75, EXIT 29",Corbin,KY,2.999,36.93158,-84.10079,gazetteer
71857,QUIKTRIP #1196,"I-20, EXIT 11 & SR-144",Graniteville,SC,3.159,33.56468,-81.80923,gazetteer
71858,QUIKTRIP #7224,"I-20, EXIT 112",West Monroe,LA,2.892,32.51234,-92.15107,gazetteer
71859,ALLSUPS #2415,SR 6,Meridian,TX,2.966,31.92660,-97.64909,gazetteer
71860,PILOT #1347,"I-59, EXIT 5A",Pearl River,LA,3.164,30.37135,-89.75036,gazetteer
71862,Loves Travel Stop #863,I-90 & SR-528,Madison,OH,3.849,41.77226,-81.05298,gazetteer
71864,MPC #30,"I-44, Exit 195",Saint James,MO,2.986,38.00236,-91.61337,gazetteer
71865,RACETRAC #574,"I-30, EXIT 68",Rockwall,TX,2.924,32.91806,-96.43805,gazetteer
71866,RACETRAC #2615,"I-65, EXIT 128",Louisville,KY,2.919,38.16538,-85.64738,gazetteer
71867,HOLIDAY STATIONSTORE #2653855,US-12,Aberdeen,SD,3.107,45.46468,-98.46810,gazetteer
71868,RACETRAC #2456,SR-44 & CR-491,Lecanto,FL,3.316,28.82509,-82.49979,gazetteer
71869,PORT FUEL CENTER,"I-516, EXIT 7B & SR-21",Port Wentworth,GA,3.182,32.19201,-81.20573,gazetteer
71870,Circle K #2706479,US-280,Sylacauga,AL,3.799,33.18867,-86.27480,gazetteer
71871,KWIK TRIP #1133,US-10 & SR-85,Durand,WI,3.431,44.62241,-91.96031,gazetteer
71872,KWIK STAR #1189,"I-80, EXIT 110",De Soto,IA,3.224,41.53778,-94.00995,gazetteer
71873,KWIK TRIP #1182,"I-35E, EXIT 123B",Hugo,MN,3.377,45.16423,-92.96010,gazetteer
71874,Rutters #85,I-76 & US-30,Bedford,PA,4.099,40.01512,-78.50302,gazetteer
71875,LOVES TRAVEL STOP #615,US-59 & US-79,Carthage,TX,3.102,32.15205,-94.33711,gazetteer
71876,LOVES TRAVEL STOP #861,"I-75, EXIT 72 & SR-72",Loudon,TN,3.587,35.73724,-84.36210,gazetteer
71877,LOVES TRAVEL STOP #859,"I-80, EXIT 116 & US-6",Morris,IL,3.789,41.38023,-88.42433,gazetteer
71878,LOVES TRAVEL STOP #872,SR-78 & CR-27,Lancaster,OH,3.276,39.72523,-82.60525,gazetteer
71879,Gas N Wash Schoolhouse,FM-74,New Lenox,IL,3.699,41.51002,-87.97000,gazetteer
71883,QUIKTRIP #4178,SR-130,Hutto,TX,2.916,30.54162,-97.54425,gazetteer
71886,QUIKTRIP #7136,US-17,Brunswick,GA,3.074,31.13615,-81.46694,gazetteer
71887,SHELL,I-80 & SR-63,Greenwood,NE,3.399,40.96169,-96.44304,gazetteer
71888,KJS ALPINE,US HWY 26,Alpine,WY,3.799,43.16039,-111.01475,gazetteer
71889,Payson Cardlock,SR 260 & SR 87,Payson,AZ,3.709,34.24384,-111.31896,gazetteer
71892,Tropic Fleet Bradenton Cardlock,US 301,Bradenton,FL,3.499,27.48980,-82.57680,gazetteer
71893,Tropic Fleet Rechtien Cardlock,SR-934,Miami,FL,3.471,25.77516,-80.20861,gazetteer
71894,Majors 663 Nacogdoches Truck Plaza,US-259 & US-59,Nacogdoches,TX,3.029,31.61236,-94.65205,gazetteer
71897,ONE9 XPRESS FUEL #1349,I-10 EXIT 140B,Van Horn,TX,3.459,31.04067,-104.83415,gazetteer
71898,Loves Travel Stop #867,I-55 Exit 165,Normal,IL,3.389,40.52014,-88.99223,gazetteer
71902,MURPHY EXPRESS #8928,FM-1472,Laredo,TX,2.846,27.56038,-99.48918,gazetteer
71903,ALLSUPS #2412,SR 199 W,Springtown,TX,2.919,32.96930,-97.68042,gazetteer
71904,SHEETZ #745,I-90 EXIT 212,Madison,OH,3.082,41.77226,-81.05298,gazetteer
71906,COMPASS TRAVEL CENTER,"I-65, EXIT 230",Demotte,IN,3.242,41.19927,-87.19545,gazetteer
71909,RACETRAC #2604,I-75 Exit 126,Mcdonough,GA,3.199,33.44222,-84.15096,gazetteer
71910,KWIK TRIP #793,"I-35, EXIT 59",Faribault,MN,3.424,44.29971,-93.27895,gazetteer
71911,MAVERIK COUNTRY STORE #706,SR-10,Castle Dale,UT,3.439,39.22166,-111.02268,gazetteer
71912,FUEL CITY WYLIE,SR-78,Wylie,TX,2.966,33.02914,-96.52704,gazetteer
71913,Circle K #4702456,I-69,Martinsville,IN,3.599,39.41471,-86.43170,gazetteer
71914,HUCKS FOOD & Fuel #309,I-169 Exit 8,Hopkinsville,KY,3.474,36.83928,-87.47354,gazetteer
71916,Spinx 317,US-17 ALT,Moncks Corner,SC,3.312,33.19976,-79.98660,gazetteer
71919,THE SPORTSMAN 2 TRAVEL PLAZA,I-35 EXIT 480,Sanger,TX,2.976,33.38210,-97.16541,gazetteer
71922,Plaza of The Flint Hills,I-70 Exit 32B,Alma,KS,3.299,39.01568,-96.28710,gazetteer
71923,SHEETZ #740,US-23  & SR-752,Ashville,OH,3.102,39.72434,-82.95747,gazetteer
71924,JIFFY,I-80 Exit 60,Shippenville,PA,4.132,41.25099,-79.46263,gazetteer
71925,QUIKTRIP #7140,"I-24, EXIT 175 & US-41",Chattanooga,TN,2.916,35.06596,-85.24839,gazetteer
71926,QUIKTRIP #186,SR-150,Grandview,MO,3.199,38.88136,-94.52274,gazetteer
71927,Allsups Convenience #2420,US 283,Altus,OK,2.979,34.65706,-99.30905,gazetteer
71929,STUCKEYS TRAVEL CENTER,I-10 & FM-365,Beaumont,TX,2.824,30.08491,-94.14533,gazetteer
71931,QUIKTRIP #7071,I-75 & SR-133/401,Valdosta,GA,3.032,30.85013,-83.27883,gazetteer
71932,MCCLURE OIL #60,US 35,Logansport,IN,3.799,40.74807,-86.35472,gazetteer
71933,RHODES CONVENIENCE STORES,US-62,Sikeston,MO,3.351,36.88373,-89.58720,gazetteer
71934,SHEETZ #759,I-71 & SR-734,Jeffersonville,OH,3.066,39.65344,-83.55156,gazetteer
71935,SPEEDWAY #1695,I-87 EXIT 23,Albany,NY,3.849,42.66575,-73.79835,gazetteer
71936,QUIKTRIP #7907,I-44 EXIT 1D,Wichita Falls,TX,2.859,33.90665,-98.52585,gazetteer
71937,KWIK TRIP #1173,CR-10,Waconia,MN,3.607,44.84153,-93.79009,gazetteer
71941,RACETRAC #2628,I-85 EXIT 62 & US-280,Opelika,AL,2.999,32.66074,-85.37889,gazetteer
71942,BYRNE DAIRY #135,I-81 & SR-481,Liverpool,NY,4.199,43.10557,-76.20966,gazetteer
71943,DK #11823,I-20 & FM-1768,Midland,TX,2.982,32.02464,-102.11347,gazetteer
71944,DK #13903,SR-108,Texarkana,AR,3.041,33.43634,-93.98712,gazetteer
71945,DK #13904,I-40 EXIT 233 & SR-261,Palestine,AR,3.016,34.97031,-90.90823,gazetteer
71946,Allsups #102450,US-87,Eden,TX,3.179,31.21625,-99.84396,gazetteer
71947,PETRO USA,I-76 EXIT 2 & SR-3,Seville,OH,3.079,41.02073,-81.86714,gazetteer
71948,19 AND 75 FILLING STATION,US-75 & SR-19,Ivanhoe,MN,3.394,44.46428,-96.25173,gazetteer
71949,24 STORE SHELBY,SR-61,Shelby,OH,3.499,40.88514,-82.65831,gazetteer
71950,77/36 DUCHESS,I-77 & US-36,Newcomerstown,OH,3.299,40.27526,-81.59603,gazetteer
71951,7-ELEVEN #39448,I-81 & SR-682,Mount Crawford,VA,3.316,38.36088,-78.94103,gazetteer
71953,ALEX'S TRUCK STOP,US-61,Tunica,MS,3.299,34.68814,-90.38094,gazetteer
71957,B&M Quickstop,SR-8,Mineral Point,MO,3.699,37.94558,-90.72463,gazetteer
71958,BELL STORES,I-77 & CR-80,Dover,OH,3.399,40.53005,-81.48103,gazetteer
71960,BELL STORES #1159,US-30 & CR-144,Wooster,OH,3.659,40.81906,-81.93156,gazetteer
71961,BELL STORES #54,US-250 & SR-241,Mount Eaton,OH,3.499,40.69481,-81.70216,gazetteer
71962,BELLSTORES,SR-598,Galion,OH,3.499,40.73822,-82.78133,gazetteer
71965,CIRCLE K #2709989,US-167 & CR-405,Sheridan,AR,3.599,34.32158,-92.44307,gazetteer
71966,BLACK DIAMOND TRAVEL CENTER,I-26 & SR-173,Unicoi,TN,3.402,36.22177,-82.32922,gazetteer
71967,BLOC STOP TRAVEL CENTER,US-19 & SR-133,ALBANY,GA,3.799,31.57812,-84.17622,gazetteer
71968,BLONDIES FOOD AND FUEL,US-90 & SR-69,Grand Ridge,FL,3.591,30.70411,-85.02261,gazetteer
71969,BORDERVIEW GROCERY,US-11 & CR-19,Champlain,NY,3.799,44.98828,-73.43243,gazetteer
71970,BLUE BIRD 3 EXPRESS,"US-78, EXIT 1",Olive Branch,MS,3.199,34.95575,-89.84115,gazetteer
71971,BOUND BROOK BP,I-287 Exit 13B & SR-28,Bound Brook,NJ,3.249,40.56775,-74.53725,gazetteer
71972,BOWMAN,I-81 Exit 1,Williamsport,MD,3.832,39.59734,-77.81797,gazetteer
71973,SHEETZ #703,I-40 & US-70,Garner,NC,2.859,35.68948,-78.61460,gazetteer
71975,BP,I-81 & SR-177,Christiansburg,VA,3.799,37.14066,-80.40451,gazetteer
71976,Loves Travel Stop #828,"I-295, EXIT 33",Jacksonville,FL,3.282,30.33686,-81.66160,gazetteer
71977,BP,SR-47,Sugar Grove,IL,3.599,41.76862,-88.44890,gazetteer
71978,BP,I-29 & US-34,Pacific Junction,IA,3.399,41.01797,-95.79945,gazetteer
71980,KENT KWIK #433,US-87,San Angelo,TX,3.132,31.44108,-100.45050,gazetteer
71981,SHEETZ #488,US-13 & US-264,Greenville,NC,2.899,35.59643,-77.37526,gazetteer
71982,MAVERIK COUNTRY STORE #665,SR-201,Magna,UT,3.399,40.70911,-112.10161,gazetteer
71983,MAVERIK COUNTRY STORE #702,I-80 Exit 59,Sidney,NE,3.112,41.13363,-102.96954,gazetteer
71984,BP,I-43 & SR-11,Elkhorn,WI,3.149,42.67160,-88.53626,gazetteer
71985,Brew #12,US-20 & SR-31,Correctionville,IA,3.559,42.47759,-95.78316,gazetteer
71988,C AND W GLOBAL,SR-429 & SR-438,Winter Garden,FL,3.074,28.54122,-81.59704,gazetteer
71990,Allsups #2418,US-84,Snyder,TX,2.972,32.71356,-100.91190,gazetteer
71991,TA Express Fairview #943,US 36,Fairview,KS,3.299,39.83958,-95.72810,gazetteer
71992,7-ELEVEN #41263,US-13,Bridgeville,DE,3.399,38.72515,-75.60281,gazetteer
71994,7-ELEVEN #42058,SR-572,Lakeland,FL,3.482,28.05550,-81.95477,gazetteer
71995,Chevron,"I-40, EXIT 218 & US-285",Clines Corners,NM,3.416,35.00950,-105.66918,gazetteer
71996,BP,"I-43, EXIT 164 & CR-Z",Maribel,WI,3.249,44.27860,-87.80213,gazetteer
71997,7-ELEVEN #41287,SR-29,Immokalee,FL,3.679,26.42401,-81.42156,gazetteer
71999,7-ELEVEN #41813,"I-85, EXIT 60",Duncan,SC,3.099,34.93243,-82.14369,gazetteer
72000,7-ELEVEN #41309,US-41,Nokomis,FL,3.379,27.12380,-82.43578,gazetteer
72001,7-Eleven #41963,"I-65, EXIT 98",Goodlettsville,TN,3.049,36.33303,-86.70423,gazetteer
72003,7-ELEVEN #42012,"I-77, EXIT 24 & US-21",Blythewood,SC,3.109,34.20925,-80.99529,gazetteer
72004,7-ELEVEN #41578,US-13,Seaford,DE,3.359,38.65725,-75.61338,gazetteer
72006,CIRCLE K #4707123,SR-2,Canaan,ME,3.759,44.76173,-69.56144,gazetteer
72008,CASHS #4469,US-278 & US-63,Warren,AR,3.499,33.61183,-92.06772,gazetteer
72009,CEFCO #1059,SR-274,Kemp,TX,2.909,32.43738,-96.22602,gazetteer
72011,CEFCO #107,US 190,Lampasas,TX,2.899,31.06404,-98.18278,gazetteer
72012,CEFCO #108,US-77,Waco,TX,2.992,31.55799,-97.18975,gazetteer
72013,CEFCO #1081,US-59,Queen City,TX,3.024,33.15020,-94.15323,gazetteer
72014,CEFCO #1086,US-259,Longview,TX,2.959,32.52023,-94.76111,gazetteer
72015,CEFCO #1096,US-82,Paris,TX,2.966,33.66893,-95.54662,gazetteer
72016,Cefco #11,US-84,Waco,TX,2.996,31.55799,-97.18975,gazetteer
72017,CEFCO #1102,SR-24 & SR-286,Paris,TX,2.966,33.66893,-95.54662,gazetteer
72018,CEFCO #2071,US-377 & FM-381,Early,TX,2.926,31.74215,-98.93660,gazetteer
72019,CEFCO #2081,US-84,Post,TX,2.942,33.19091,-101.38152,gazetteer
72020,CEFCO #2082,SR-206 & SR-36,Cross Plains,TX,3.159,32.12707,-99.16577,gazetteer
72021,CEFCO #30,US-77 & SR-320,Lott,TX,3.011,31.20626,-97.03358,gazetteer
72022,CEFCO #65,US-84 & FM-116,Gatesville,TX,2.966,31.43867,-97.74603,gazetteer
72024,CENEX,US-2,Stanley,ND,3.582,48.31378,-102.39732,gazetteer
72025,CENEX,US-2,Devils Lake,ND,3.241,48.11258,-98.87476,gazetteer
72026,CENEX,"I-94, EXIT 84 & SR-8",Richardton,ND,3.509,46.88135,-102.33318,gazetteer
72028,CENEX,US-52 & SR-15,Fessenden,ND,3.531,47.64931,-99.62701,gazetteer
72029,CENEX,SR-40,Tioga,ND,3.576,48.39462,-102.94349,gazetteer
72030,CENEX,I-90 & SR-51,Gillette,WY,3.489,44.27258,-105.49894,gazetteer
72031,CENEX HARWOOD,"I-29/US-81, EXIT 72",Harwood,ND,3.359,46.97701,-96.88103,gazetteer
72033,CHARLIE BS,SR-246,Greenwood,SC,2.987,34.19540,-82.15367,gazetteer
72034,CHARLIES MARKET,SR-172,Salt Lake City,UT,3.459,40.77693,-111.93099,gazetteer
72038,CHEVRON,I-55 & SR-570,McComb,MS,3.282,31.24447,-90.47159,gazetteer
72039,CHEVRON,SR-20 & SR-65,Hosford,FL,3.299,30.40339,-84.80809,gazetteer
72041,CHEVRON,SR-20 & SR-71,Blountstown,FL,3.299,30.44285,-85.04540,gazetteer
72044,Maverik Country Store #709,I-40 Exit 163,Williams,AZ,3.219,35.24664,-112.18330,gazetteer
72045,MAVERIK COUNTRY STORE #710,US-6,Helper,UT,3.446,39.68963,-110.85960,gazetteer
72046,CHEVRON DBA ONE9 #1429,US-30 & US-95,Fruitland,ID,3.349,44.01680,-116.92070,gazetteer
72054,CHEVRON,US-45,Guntown,MS,3.299,34.44483,-88.66628,gazetteer
72060,CHEVRON FOOD MART #20,US-45 & SR-16,Scooba,MS,3.199,32.83018,-88.47712,gazetteer
72063,CIRCLE K #2655785,US-301,Upper Marlboro,MD,3.999,38.81650,-76.75367,gazetteer
72066,CIRCLE K #2741094,SR-46,Seguin,TX,2.959,29.59023,-97.96861,gazetteer
72067,CIRCLE K #2741822,US-90 & FM-471,Castroville,TX,2.912,29.35986,-98.85475,gazetteer
72071,7-Eleven #42182,Ashley Phosphate Rd & Cross Country Rd,North Charleston,SC,3.459,32.91788,-80.06500,gazetteer
72072,PARKERS #92,SR 17,Guyton,GA,2.999,32.33227,-81.39038,gazetteer
72073,CIRCLE K #2723791,I-85 & SR-54,Graham,NC,3.609,36.05636,-79.38944,gazetteer
72074,CIRCLE K #2741566,US-84 & FM-2837,Woodway,TX,2.999,31.49833,-97.23079,gazetteer
72075,CITGO SAMS FOOD STORE,"US-5, Exit 87",Hartford,CT,3.499,41.76593,-72.68158,gazetteer
72077,COLDWATER TRAVEL CENTER,I-55 & SR-306,Coldwater,MS,3.099,34.69038,-89.97552,gazetteer
72078,STRIPES #42150,"I-69C, Exit 9 & US-281",Edinburg,TX,3.006,26.31828,-98.15345,gazetteer
72080,Corner Store,US-180/62,Seminole,TX,3.129,32.72220,-102.64981,gazetteer
72081,STRIPES #2146,US-181 & SR-361,Ingleside,TX,3.299,27.87061,-97.20791,gazetteer
72082,COUNTRYMARK,SR-124,Bluffton,IN,3.766,40.74348,-85.17211,gazetteer
72083,DANDY DANS,US-49/SR-42,Hattiesburg,MS,3.066,31.30730,-89.31743,gazetteer
72084,DANDY MINI MART #60,US-6 & SR-14,Troy,PA,3.999,41.78332,-76.79222,gazetteer
72086,DELT EXPRESS,SR-52,SAMSON,AL,3.699,31.11242,-86.04673,gazetteer
72087,DELTA,US-9,Jersey City,NJ,3.239,40.71142,-74.06476,gazetteer
72089,CASEYS #4567,SR-55,Columbia,KY,3.159,37.10344,-85.30754,gazetteer
72090,DOMINO #128,US-81 & SR-66,El Reno,OK,3.199,35.54183,-97.96127,gazetteer
72091,DUCK THRU FOOD STORE #54,US-64,Columbia,NC,3.523,35.92341,-76.24048,gazetteer
72092,DUCK THRU FOOD STORE #57,SR-42/SR-43,Pinetops,NC,3.574,35.79114,-77.63778,gazetteer
72096,EXPRESS #29,SR-29,East Dublin,GA,3.632,32.54693,-82.86697,gazetteer
72097,EXPRESSWAY SERVICE STATION,US-287 & SR-25,Electra,TX,2.999,34.03229,-98.92024,gazetteer
72100,Exxon,"I-22/US-78, Exit 10 &  SR-178",Byhalia,MS,3.199,34.86919,-89.68999,gazetteer
72101,EXXON,US-24,Redford,MI,3.699,42.38337,-83.29660,gazetteer
72104,LOVES TRAVEL STOP #170,I-44 EXIT 166 & SR-18,CHANDLER,OK,3.087,35.71278,-96.83620,gazetteer
72105,LOVES TRAVEL STOP #171,SR-375 & SR-31,McAlester,OK,3.437,34.92613,-95.77362,gazetteer
72106,Loves Country Store #118,US-77 & SR-29,Wynnewood,OK,2.989,34.64279,-97.16247,gazetteer
72108,FARMERS UNION OIL OF CARPIO,US-52 & SR-28,Carpio,ND,3.384,48.44344,-101.71632,gazetteer
72110,FAST STOP,US-84 & CR-1800,Lubbock,TX,2.999,33.56190,-101.88888,gazetteer
72111,FAST STOP,"I-40, Exit 81 & FM-1912",Amarillo,TX,2.944,35.19806,-101.83311,gazetteer
72112,Flyers #3219,US-60,Claypool,AZ,3.849,33.40610,-110.84187,gazetteer
72113,Food N Fuel,US-6 & CR-4,New Lenox,IL,3.399,41.51002,-87.97000,gazetteer
72114,Gas  House,"I-77, Exit 49B",Statesville,NC,3.424,35.78549,-80.87296,gazetteer
72115,FRIENDSHIP FOOD & FUEL,SR-15 & CR-244,Ecru,MS,3.799,34.34799,-89.02563,gazetteer
72116,FRIENDSHIP FOOD MART #90,I-90 & SR-57,Elyria,OH,3.779,41.37278,-82.10801,gazetteer
72118,GAS N WASH,I-355 & SR-7,HOMER GLEN,IL,3.599,41.60518,-87.95237,gazetteer
72119,Gas N Wash Cicero,SR-50,Berwyn,IL,3.569,41.84333,-87.79093,gazetteer
72120,GAS PRO TRAVEL CENTER,US-301/25,Statesboro,GA,3.129,32.43773,-81.77564,gazetteer
72122,KWIK TRIP #1115,US-63 & US-8,Turtle Lake,WI,3.656,45.39062,-92.14983,gazetteer
72124,GET GO #3016,I-376 & SR-18,Monaca,PA,5.499,40.68342,-80.27343,gazetteer
72125,GETGO #7520,I-65 & US-31,Edinburgh,IN,3.359,39.35187,-85.96376,gazetteer
72126,GETGO #7526,I-69 & SR-332,Yorktown,IN,3.343,40.18189,-85.50816,gazetteer
72128,GETGO #7545,I-65 & SR-400,Whitestown,IN,3.302,39.97167,-86.37174,gazetteer
72130,GILBERTS SHELL,SR-72 & CR-59,Gilberts,IL,3.279,42.10998,-88.37188,gazetteer
72132,GO TIME 4,I-64 Exit 94 & SR-1958,Winchester,KY,2.907,38.00236,-84.19059,gazetteer
72134,Gulf,US-422 & SR-528/168,Parkman,OH,3.649,41.37221,-81.05501,gazetteer
72136,HANA TRAVEL CENTER,"I-30, EXIT 153 & SR-185",Winfield,TX,3.079,33.16543,-95.11123,gazetteer
72142,CASEYS #3990,"I-90E, exit 96 and SR-17",Elkhart,IN,3.629,41.69154,-85.96225,gazetteer
72143,Caseys #4023,US 36 & US 183,Phillipsburg,KS,3.292,39.75122,-99.32097,gazetteer
72144,HUCKS FOOD & FUEL #397,US-68 & SR-432,Bowling Green,KY,3.499,36.97683,-86.43366,gazetteer
72145,JP ZEBULON,US-19,Zebulon,GA,3.135,33.09100,-84.33947,gazetteer
72146,HUTTER'S,SR-72,Jonestown,PA,3.719,40.41297,-76.48073,gazetteer
72148,IRON HORSE TRAVEL CENTER,I-20 EXIT 270 & FM-1235,Merkel,TX,2.876,32.46973,-100.01110,gazetteer
72149,IVOR MART,US-460,Hopewell,VA,3.699,37.29101,-77.29894,gazetteer
72150,J AND R MARKET,SR-105 & SR-326,Sour Lake,TX,3.159,30.13775,-94.40428,gazetteer
72153,Jet Food Store,SR-15 & SR-46,Soperton,GA,3.416,32.37827,-82.59402,gazetteer
72154,JET FOOD STORE #93,US-280 & SR-135,Vidalia,GA,3.432,32.21208,-82.40219,gazetteer
72155,JIFFY TRIP #142,US-77,Newkirk,OK,3.059,36.88180,-97.05529,gazetteer
72156,JORDANS KWIK STOP #5,US-412,Portia,AR,3.376,36.08487,-91.07104,gazetteer
72157,JORDANS KWIK STOP #52,US-67 & SR-304,Pocahontas,AR,3.312,36.26337,-90.97122,gazetteer
72160,KENJO MARKET #52,US-321,Maryville,TN,3.249,35.74781,-83.98023,gazetteer
72162,Krazy K's,US-45,Buckatunna,MS,3.149,31.55320,-88.53428,gazetteer
72163,KWIK FILL,US-206,Hillsborough,NJ,3.399,40.50807,-74.65288,gazetteer
72170,STRIPES # 41977,"I-2, EXIT 168",La Feria,TX,3.219,26.15531,-97.82503,gazetteer
72171,LAWTEY SHELL SERVICE,US-301,Lawtey,FL,3.599,30.04844,-82.07248,gazetteer
72175,ALLSUPS #2410,"I-35/US-77, EXIT 368 & SR-22",Whitney,TX,2.966,31.95245,-97.31977,gazetteer
72180,LITTLEFIELD EXPRESS #4,I-40 Exit 321,Muldrow,OK,3.419,35.40342,-94.59752,gazetteer
72181,LITTLEFIELD EXPRESS #7,US-167,Cave City,AR,3.349,35.94780,-91.54698,gazetteer
72182,LULING MINI MART,I-10 Exit 628 & SR-80,Luling,TX,2.966,29.68175,-97.64670,gazetteer
72185,Circle K #2709332,US-231/SR-53,Montgomery,AL,3.259,32.34850,-86.26731,gazetteer
72188,MARATHON,US-61 & SR-637,Reserve,LA,3.749,30.07296,-90.55502,gazetteer
72189,MARATHON,I-75 & CR-20,Middletown,OH,3.216,39.50295,-84.36489,gazetteer
72190,Minuteman Food Mart #37,US-74,Leland,NC,3.389,34.21374,-78.04318,gazetteer
72191,MARATHON RIVERSIDE GAS,I-80 & CR-6,Elkhart,IN,3.499,41.69154,-85.96225,gazetteer
72192,MASSEY FUEL,"I-95, EXIT 30",Bridgeport,CT,3.399,41.18739,-73.19576,gazetteer
72193,MERRIMAN COUNTRY STORE,SR-1 & CR-3700,Allen,OK,3.099,34.87763,-96.41289,gazetteer
72194,Mobil,I-57,Riverdale,IL,3.699,41.64270,-87.63564,gazetteer
72196,MORGAN OIL,US-224 & CR-231,Lowellville,OH,3.399,41.03717,-80.54218,gazetteer
72197,MOTOMART #3369,SR-370 E,Saint Charles,MO,3.042,38.79570,-90.51536,gazetteer
72199,MPC #99A,I-270 Exit 22B,Hazelwood,MO,3.059,38.79471,-90.39600,gazetteer
72200,Swift Mart,I-55/SR-7 & US-51,Grenada,MS,3.366,33.78144,-89.81155,gazetteer
72201,MUDD CREEK COUNTRY STORE,US-79,Franklin,TX,3.194,31.02501,-96.48749,gazetteer
72202,MUSTANG MARKET,I-80 Exit 73,Sparks,NV,4.199,39.57434,-119.71515,gazetteer
72205,NIC'S,SR-97,Bainbridge,GA,3.379,30.90621,-84.57265,gazetteer
72206,NORTHLAKE BP,I-294 & US-45,Melrose Park,IL,3.599,41.90299,-87.86365,gazetteer
72207,NZT,I-294,Alsip,IL,3.389,41.67027,-87.73708,gazetteer
72210,CITGO,US-70,Princeton,NC,3.699,35.46672,-78.16160,gazetteer
72212,PARKERS #72,US-52 & SR- 402,Moncks Corner,SC,3.256,33.19976,-79.98660,gazetteer
72215,PIT STOP #1,SR-31 & SR-34,Weedsport,NY,3.899,43.04812,-76.56361,gazetteer
72216,Pit Stop #14,US-20/US-16,Worland,WY,3.829,44.02040,-107.96165,gazetteer
72217,PIEDMONT PETROLEUM,US-501,Lynchburg,VA,3.459,37.39902,-79.19546,gazetteer
72219,QUICK FILL,US-78/SR-4,Eastaboga,AL,3.099,33.60594,-86.02136,gazetteer
72222,RAINY LAKE OIL,CR-332 & CR-24,International Falls,MN,3.379,48.58635,-93.40774,gazetteer
72224,RAYMOND TRUCK STOP,US-1/US-9,Newark,NJ,3.259,40.72422,-74.17257,gazetteer
72225,SHEETZ #144,US-220 & SR-55,Moorefield,WV,3.289,39.06742,-78.96241,gazetteer
72226,REBEL GAS MART,SR-7,Oxford,MS,3.049,34.35126,-89.53698,gazetteer
72227,RED BANKS VALERO,I-22 & SR-178,Red Banks,MS,2.999,34.83469,-89.56341,gazetteer
72228,REFUEL #1043,US-15,Sumter,SC,3.096,33.94085,-80.39554,gazetteer
72229,REFUEL #1047,US-521,Sumter,SC,3.006,33.94085,-80.39554,gazetteer
72230,REFUEL #1116,US-64,Apex,NC,3.799,35.72558,-78.87992,gazetteer
72231,RENO JUNCTION TRAVEL PLAZA,SR-59 & SR-387,Wright,WY,3.509,43.74915,-105.49483,gazetteer
72232,RICKY ROCKETS FUEL,I-294 & US-12,HICKORY HILLS,IL,3.899,41.72478,-87.82801,gazetteer
72235,ROC ONE STOP #1,SR-34,Galatia,IL,3.559,37.84198,-88.61648,gazetteer
72236,ROYAL FARMS #108,US-13,Cape Charles,VA,3.472,37.24973,-76.01416,gazetteer
72237,ROYAL FARMS #135,SR-404 & SR-16,Denton,MD,3.339,38.87942,-75.82445,gazetteer
72238,ROYAL FARMS #169,I-895 & US-40,Baltimore,MD,3.259,39.30003,-76.61048,gazetteer
72239,ROYAL FARMS #171,US-13 & SR-24,Laurel,DE,3.259,38.57146,-75.57113,gazetteer
72240,ROYAL FARMS #191,I-83 Exit 20A,Hunt Valley,MD,4.199,39.49983,-76.64108,gazetteer
72241,ROYAL FARMS #242,I-95 Exit 27,Philadelphia,PA,3.799,40.00938,-75.13335,gazetteer
72242,ROYAL FARMS #311,SR-7 & SR-43,Nottingham,MD,3.269,39.19927,-76.63719,gazetteer
72243,Racetrac #2611,"I-65, EXIT 116",Shepherdsville,KY,2.959,37.98143,-85.70201,gazetteer
72247,SEVEN MART,I-20 & SR-17,Delhi,LA,3.199,32.45284,-91.48998,gazetteer
72248,SHELBY EXPRESS,SR-175,Memphis,TN,3.699,35.10916,-89.96851,gazetteer
72250,RACEWAY #6854,US-278 & SR-113,Rockmart,GA,3.172,34.00831,-85.04498,gazetteer
72251,SHELL,I-94 & US-12,Detroit,MI,3.699,42.38304,-83.10224,gazetteer
72256,SHELL,US-1,Warren,ME,3.999,44.12036,-69.24005,gazetteer
72257,DUCK THRU #55,US-13BYP & SR-308,Windsor,NC,3.239,35.99305,-76.93990,gazetteer
72260,Duck Thru #58,US-13 & CR-677,Suffolk,VA,3.449,36.69716,-76.63478,gazetteer
72261,SHELL,US-45 & CR-520,Shannon,MS,3.199,34.11442,-88.69313,gazetteer
72262,7-ELEVEN #38855,"I-95, exit 58",Colonial Heights,VA,3.509,37.26168,-77.39680,gazetteer
72263,SPARTAN FUELS,US-80 & SR-22,Columbus,GA,3.309,32.51019,-84.87495,gazetteer
72264,CIRCLE K #2654249,SR 24 & SR 286,Paris,TX,2.959,33.66893,-95.54662,gazetteer
72266,SHELL SERVICE STATION,I-65 Exit 14 & US-64,Pulaski,TN,3.209,35.19330,-87.03358,gazetteer
72267,SHELL SERVICE STATION,I-90 Exit 52,Elgin,IL,3.279,42.03896,-88.32567,gazetteer
72268,SHORT STOP,US-67/283,Santa Anna,TX,3.499,31.73691,-99.32542,gazetteer
72273,SPINX #341,SR-41,Charleston,SC,3.332,32.82802,-79.97290,gazetteer
72274,SPINX #366,SR-642,Summerville,SC,3.279,33.00584,-80.17931,gazetteer
72276,STAR 001,US-20 & SR-23,SOUTH BEND,IN,3.732,41.67664,-86.26881,gazetteer
72277,STOP N GAS,SR-15 & SR-39,Yorkshire,NY,4.099,42.52336,-78.47553,gazetteer
72278,SUN DO,I-74 Exit 197,Maxton,NC,3.439,34.73650,-79.35273,gazetteer
72279,AMOCO,US-30,Clarence,IA,3.399,41.88575,-91.05792,gazetteer
72281,SUNOCO,I-95 Exit 77B & SR-24,Edgewood,MD,3.299,39.42029,-76.29685,gazetteer
72282,SUNOCO,I-278 Exit 48,Bronx,NY,4.539,40.84665,-73.87859,nominatim
72285,CUSSETA TRAVEL CENTER,SR 520,Cusseta,GA,3.199,32.34745,-84.78802,gazetteer
72287,CASEY'S #4522,US-81,Hennessey,OK,3.059,36.10581,-97.89862,gazetteer
72288,S&G #88,I-475 Exit 13 & US-20,Toledo,OH,3.009,41.66407,-83.58186,gazetteer
72289,SUNOCO,SR-12 & FM-1136,Orange,TX,2.899,30.12353,-93.75455,gazetteer
72290,SUNSTOP,US-19,Thomasville,GA,3.282,30.83942,-83.97878,gazetteer
72291,Union 76,US-129,Mc Alpin,FL,3.659,30.13912,-82.95180,gazetteer
72292,SUNSTOP #336,SR-121 & CR-18,Lake Butler,FL,3.592,28.49828,-81.54824,gazetteer
72293,SUNSTOP INLAND DBA ONE9 #1402,I-10 & SR-71,Marianna,FL,3.299,30.76144,-85.25626,gazetteer
72294,SWANTON SUNOCO,I-89 & SR-78,Swanton,VT,3.539,44.92454,-73.11935,gazetteer
72295,SWIFT,US-69,Nederland,TX,2.986,29.96929,-94.00171,gazetteer
72296,SWIFT STOP #5,US-84 & US-380,Post,TX,2.943,33.19091,-101.38152,gazetteer
72297,T & M FOOD STORE,SR-113,Taylorsville,GA,3.367,34.08513,-84.98563,gazetteer
72298,TARZAN AND JANE,I-20 & SR-137,Stanton,TX,3.299,32.13170,-101.79246,gazetteer
72302,TEXACO,SR-114 & SR-156,Pennington,AL,3.197,32.20061,-88.03757,gazetteer
72303,TEXACO #378602,I-59 Exit 85 & SR-590,Ellisville,MS,3.199,31.59728,-89.21027,gazetteer
72305,THE ANCHOR,US-60 & CR-3500,Mountain View,MO,3.032,36.99372,-91.70186,gazetteer
72308,Racetrac #2609,SR-60,Okeechobee,FL,3.299,27.24161,-80.82931,gazetteer
72309,Racetrac #2608,"I-59, EXIT 181 & SR-77",Gadsden,AL,2.999,34.00660,-86.01608,gazetteer
72310,RACETRAC #2387,US-19,Hudson,FL,3.316,28.35923,-82.68966,gazetteer
72313,THOMPSON'S CORNER,US-25,Millen,GA,3.316,32.80689,-81.94204,gazetteer
72315,THORNTONS #221343,US-14 & SR-31,Crystal Lake,IL,3.449,42.23321,-88.33436,gazetteer
72316,THORNTONS #221344,SR-120,Mchenry,IL,3.649,42.33620,-88.29165,gazetteer
72317,THORNTONS #261169,SR-1747 & SR-2052,Louisville,KY,3.281,38.16538,-85.64738,gazetteer
72318,THORNTONS #330,I-55 & SR-50,Cicero,IL,3.549,41.84454,-87.75929,gazetteer
72320,THORNTONS #616,SR-265,Lebanon,TN,2.876,36.19938,-86.34463,gazetteer
72321,Thorntons #617,I-24 Exit 64,La Vergne,TN,2.882,36.02224,-86.55938,gazetteer
72324,TREE CITY TRAVEL PLAZA,US-421,Greensburg,IN,3.989,39.35102,-85.50119,gazetteer
72325,TREX MART #17,I-29 & SR-371,Platte City,MO,2.999,39.35973,-94.75632,gazetteer
72326,CIRCLE K #4700101,I-65 Exit 50,Seymour,IN,3.499,38.94685,-85.88918,gazetteer
72328,Tropic Fleet Hialeah Cardlock,SR-953 & SR-934,Miami,FL,3.479,25.77516,-80.20861,gazetteer
72329,TROTTERS,SR-2,Broken Bow,NE,3.299,41.40519,-99.64076,gazetteer
72330,TRUE NORTH #325,SR-57 & SR-113,Elyria,OH,3.679,41.37278,-82.10801,gazetteer
72331,TUPELO TRAVEL STOP,SR-48 & SR-3,Tupelo,OK,2.999,34.60269,-96.42079,gazetteer
72332,TXB #82 DBA KWIK CHEK FOOD STORES,US-83,Asherton,TX,3.259,28.44612,-99.76032,gazetteer
72333,UNITED MARKET,US-84,Blackshear,GA,3.766,31.29083,-82.25293,gazetteer
72335,VALERO,US-30 & SR-598,Galion,OH,3.499,40.73822,-82.78133,gazetteer
72337,VALLEY COUNTRY STORE,I-84 & US-93,Jerome,ID,3.432,42.71809,-114.51579,gazetteer
72338,VALLEY MART #05,US-90 & SR-173,Hondo,TX,3.199,29.35424,-99.16185,gazetteer
72339,VP RACING FUEL,US-231,Panama City,FL,3.499,30.16627,-85.67019,gazetteer
72340,WARREN OIL,US-6,Channahon,IL,3.629,41.42279,-88.26295,gazetteer
72342,WHITE RIVER,US-231 & SR-58,Bloomfield,IN,3.759,39.02613,-86.93736,gazetteer
72343,WOLF DEN,US-97,Wapato,WA,3.409,46.44363,-120.42151,gazetteer
72344,WOW FOOD MART,I-75 & US-25,Richmond,KY,3.609,37.72915,-84.29936,gazetteer
72345,YAKAMART,US-97,Toppenish,WA,3.509,46.38024,-120.31258,gazetteer
72346,Y-NOT STOP,US-165 & SR-10,Oakdale,LA,3.699,30.81642,-92.65586,gazetteer
72347,MARATHON,I-94 Exit 121,Albion,MI,3.699,42.24786,-84.75919,gazetteer
72348,7-ELEVEN #34718,"I-294, EXIT 25",Hinsdale,IL,3.719,41.80068,-87.92817,gazetteer
72349,7-ELEVEN #34713,"I-90, EXIT 24",Belvidere,IL,3.659,42.26545,-88.88776,gazetteer
72350,7-ELEVEN #34709,504 N CREGO RD,Dekalb,IL,4.439,41.92819,-88.74759,gazetteer
72351,LOVES TRAVEL STOP #874,"I-65, EXIT 175 & SR-25",Lafayette,IN,3.672,40.39941,-86.86281,gazetteer
72352,LOVES TRAVEL STOP #858,"I-49, EXIT 172 & US-84",Mansfield,LA,3.246,32.03534,-93.69966,gazetteer
72360,PUMP & PANTRY #22,SR-91 & SR-11,Burwell,NE,3.299,41.78004,-99.13421,gazetteer
72361,PUMP & PANTRY #39,I-80 Exit 179 & SR-56G,North Platte,NE,3.116,41.12496,-100.75036,gazetteer
72362,PUMP & PANTRY #18,US-281 & CR-11,Doniphan,NE,3.307,40.77431,-98.37126,gazetteer
72368,CHEVRON #352416,I-8 Exit 73,Jacumba,CA,6.399,32.63648,-116.19071,gazetteer
72372,Eastland Truck Stop,I-20 Exit 340 & SR-6,Eastland,TX,2.932,32.40216,-98.81767,gazetteer
72373,Rusty Lantern,SR-4,Turner,ME,3.899,44.25781,-70.25786,gazetteer
72374,Rusty Lantern,SR-26 & SR-219,West Paris,ME,3.966,44.32423,-70.57395,gazetteer
72376,SUNOCO,US 84 & SR 39,Donalsonville,GA,3.499,31.03969,-84.87842,gazetteer
72378,EB SUNOCO,SR-3 & SR-28,Muncie,IN,3.799,40.19883,-85.39506,gazetteer
72380,EXXPRESS MART #12,US-287 & SR-421,Lumberton,TX,2.959,30.25499,-94.20796,gazetteer
72382,EXXPRESS MART #4,SR-105,Beaumont,TX,3.199,30.08491,-94.14533,gazetteer
72385,GAS N WASH,I-57 & SR-17,Kankakee,IL,3.599,41.10165,-87.86369,gazetteer
72387,Williams Fuel Stop,SR-7 & SR-735,Gallipolis,OH,3.541,38.82008,-82.19097,gazetteer
72389,PILOT #1354,US 385,Odessa,TX,3.566,31.88046,-102.34531,gazetteer
72390,QUIKTRIP #46,US 169 & SR 266,Tulsa,OK,3.142,36.12795,-95.90232,gazetteer
72391,QUIKTRIP #56,US-169 & SR-11,Tulsa,OK,3.142,36.12795,-95.90232,gazetteer
72394,LOVES TRAVEL STOP #871,"I-85, Exit 32",Piedmont,SC,3.197,34.70562,-82.46675,gazetteer
72395,ALLSUPS #2427,US 84,Gatesville,TX,3.007,31.43867,-97.74603,gazetteer
72396,RACETRAC #2624,US-1,Marathon,FL,3.236,24.73234,-81.02512,gazetteer
72400,HAN DEE HUGOS #21,US-17 & SR-87,Winnabow,NC,3.412,34.14934,-78.09360,gazetteer
72402,HAN DEE HUGOS #5,SR-410 & SR-211,Bladenboro,NC,3.206,34.54087,-78.79466,gazetteer
72403,HAN DEE HUGOS #67,US-70,Raleigh,NC,3.999,35.83187,-78.64104,gazetteer
72408,JOURNEY FOOD STORE #2,US-301,Callahan,FL,3.399,30.56544,-81.83191,gazetteer
72410,KELLEYS MARKET,I-90 Exit 15 & US-20 BUS,Rockford,IL,2.969,42.25930,-89.06348,gazetteer
72412,KELLEYS MARKET,US-20,Cherry Valley,IL,3.699,42.23518,-88.97511,gazetteer
72413,TROPIC OIL COMPANY,SR-17,Lake Wales,FL,3.499,27.92070,-81.59950,gazetteer
72418,SHELL,SR-953,Miami,FL,3.479,25.77516,-80.20861,gazetteer
72419,Denver 39th Ave Cardlock,I-70/US-36 EXIT-281,Denver,CO,3.491,39.76185,-104.88111,gazetteer
72420,MAVERIK COUNTRY STORE #620,SR-8,Saint George,UT,3.462,37.07701,-113.57653,gazetteer
72424,MIDDLESEX FOOD STORE,CR-604,Carteret,NJ,3.516,40.58379,-74.22746,gazetteer
72425,MINUTEMAN FOOD MART #18,SR-87,Tar Heel,NC,4.619,34.73390,-78.79090,gazetteer
72428,QUIKTRIP #7249,US 80 E,Flowood,MS,2.916,32.33610,-90.07287,gazetteer
72429,PARKERS #16 (DISCOUNT AVAILABLE),SR-21,Port Wentworth,GA,3.106,32.19201,-81.20573,gazetteer
72430,PATRIOT FUELING CENTER,SR-9,Lineville,AL,3.299,33.31283,-85.75228,gazetteer
72432,Yesway #1203,SR-6,Clifton,TX,2.969,31.78204,-97.58188,gazetteer
72433,RENFROE STORE,SR-25,Carthage,MS,4.099,32.74423,-89.53345,gazetteer
72435,Cedar City Cardlock (Bulk Plant),"I-15, EXIT 59",Cedar City,UT,3.459,37.68382,-113.09554,gazetteer
72436,Ricky Rockets,SR-390 &SR-53,Itasca,IL,3.399,41.97662,-88.01878,gazetteer
72437,Tropic Oil,US-191,Moab,UT,4.169,38.57008,-109.54781,gazetteer
72438,QUIKTRIP #7208,I-290 EXIT 18A,Bellwood,IL,3.079,41.88290,-87.87617,gazetteer
72440,Rutters #84,US-15 & SR-340,Emmitsburg,MD,3.916,39.70519,-77.32130,gazetteer
72441,SHEETZ #165,US-6,Coudersport,PA,3.699,41.77584,-78.01604,gazetteer
72442,SHEETZ #239,I-70 Exit 57,New Stanton,PA,3.286,40.22233,-79.60880,gazetteer
72443,SHEETZ #553,I-81 Exit 3,Greencastle,PA,3.332,39.79067,-77.72667,gazetteer
72444,SHEETZ #597,I-40 Exit 126,Hickory,NC,2.859,35.73967,-81.32024,gazetteer
72445,SHEETZ #639,I-80 Exit 223,Youngstown,OH,3.059,41.09909,-80.64590,gazetteer
72446,SHEETZ #656,US-219 & US-6,Kane,PA,3.699,41.66301,-78.80902,gazetteer
72447,SHEETZ #689,I-64 EXIT 197A  & SR-156,Henrico,VA,2.949,36.59264,-78.61611,gazetteer
72448,SHELL SERVICE STATION,SR-55,Morrison,TN,3.499,35.60712,-85.90745,gazetteer
72456,SPINX #161,I-85 Exit 60 & SR-101,Greer,SC,3.159,34.93329,-82.23080,gazetteer
72458,7-ELEVEN #41335,SR-80 & SR-29,Labelle,FL,3.599,26.72095,-81.45248,gazetteer
72466,Holbrook Cardlock,I-40 EXIT 285,Holbrook,AZ,3.232,34.90462,-110.16721,gazetteer
72467,SUNOCO SERVICE STATION,I-81 Exit 44 & SR-465,Carlisle,PA,3.889,40.19999,-77.20415,gazetteer
72468,Springerville Cardlock,US-191,Springerville,AZ,3.259,34.17192,-109.30689,gazetteer
72471,THORNTONS #221335,I-55 Exit 263,Bolingbrook,IL,3.649,41.68747,-88.10622,gazetteer
72473,Loves Travel Stop #885,US 77,Harlingen,TX,3.649,26.19120,-97.69738,gazetteer
72475,Express 24,SR-77 & US-60,Show Low,AZ,3.299,34.26505,-110.03832,gazetteer
72476,Mandan Cardlock (Bulk Plant),"I-94, EXIT 153",Mandan,ND,3.599,46.82948,-100.88706,gazetteer
72477,Racetrac #2618,US-231 & CR-8,Huntsville,AL,2.951,34.69772,-86.67667,gazetteer
72478,Racetrac #2621,SR-53,Huntsville,AL,3.099,34.69772,-86.67667,gazetteer
72479,CEFCO #2086,US 180 & 84,Snyder,TX,2.966,32.71356,-100.91190,gazetteer
72480,TA Mt Vernon,I-44,Mount Vernon,MO,3.404,37.10481,-93.81867,gazetteer
72481,CASEYS #4323,SR-57 & SR-60,Wanamingo,MN,3.499,44.30277,-92.78728,gazetteer
72482,RUTTERS FARM STORE #80,SR 61,Orwigsburg,PA,3.859,40.65417,-76.10399,gazetteer
72483,Circle K #4700047,I-65 Exit 34A,Austin,IN,3.799,38.74029,-85.81032,gazetteer
72485,ALLSUPS CONVENIENCE STORE #2160,US 70,Roswell,NM,3.256,33.37344,-104.52939,gazetteer
72486,QUIKTRIP #4216,"I-70 & SR-79, EXIT 304",Bennett,CO,3.199,39.74173,-104.42872,gazetteer
72487,PILOT #1380,I-2 EXIT 161,Mercedes,TX,3.659,26.15382,-97.91291,gazetteer
72488,MAVERIK COUNTRY STORE #657,I-15 Exit 10,Washington,UT,3.426,37.12668,-113.48776,gazetteer
72489,CASEYS #3987,LINCOLN HWY,Wanatah,IN,3.716,41.43056,-86.89235,gazetteer
72490,ASAP GENERAL STORE #322,US-281,Hinton,OK,3.132,35.49323,-98.35472,gazetteer
72492,CIRCLE K #2709098,US 85,Greeley,CO,3.211,40.41658,-104.77328,gazetteer
72493,Chiricahua Apache Plaza,I-10 EXIT 102,Deming,NM,3.037,32.26308,-107.75249,gazetteer
72494,7-ELEVEN #42132,"I-35, EXIT 131",Lytle,TX,3.599,29.23462,-98.79367,gazetteer
72495,ROAD RANGER #286,1-40 EXIT 77,Amarillo,TX,2.972,35.19806,-101.83311,gazetteer
72496,ROAD RANGER #289,I-45 EXIT 189,Teague,TX,3.396,31.62949,-96.28082,gazetteer
72497,ROAD RANGER #290,"I-44, Exit 13",Joplin,MO,3.212,37.07522,-94.50126,gazetteer
72498,SHEETZ  #760,"I-71, EXIT 140 Township Rd 256",Marengo,OH,3.066,40.40082,-82.81099,gazetteer
72499,Bowie Travel Center,I-10,Bowie,AZ,3.014,32.32488,-109.48446,gazetteer
72500,GAS N WASH,US 34,Plano,IL,3.499,41.68035,-88.53631,gazetteer
72501,QUIKTRIP #7203,"I-80, EXIT 75 &SR-251",Peru,IL,2.969,41.35793,-89.13939,gazetteer
72502,QUIKTRIP #7133,"I-95, EXIT 190 & SR-34",Dillon,SC,3.082,34.42441,-79.36756,gazetteer
72503,QUIKTRIP #7151,I-55/40 EXIT 278 & SR-191,West Memphis,AR,2.999,35.14955,-90.19927,gazetteer
72505,CASEYS #4379,I-59 HWY,Worthington,MN,3.142,43.62873,-95.59970,gazetteer
72506,CASEYS #4273,SR-56,Madison,IN,3.699,38.75883,-85.39714,gazetteer
72507,Golden Gate Fillmore,SR 99,Fillmore,UT,3.297,38.96426,-112.33868,gazetteer
72510,STUCK FLEET FUELING,US-19,Waynesburg,PA,4.499,39.89825,-80.18554,gazetteer
72514,Petro-Card 24 #910722,SR-6,Trenton,MO,3.149,40.08125,-93.60239,gazetteer
72515,PETRO-CARD 24 #910520,US-54BUS,Mexico,MO,3.229,39.16217,-91.87277,gazetteer
72519,CIRCLE K #2723050,SR-59,Hope Mills,NC,2.909,34.96919,-78.95989,gazetteer
72520,PETRO-CARD 24 #910160,US-50,Warrensburg,MO,3.299,38.76238,-93.72534,gazetteer
72521,PETRO-CARD 24 #910410,I-44/US-66,Lebanon,MO,3.099,37.67213,-92.65967,gazetteer
72522,MFA #910591,US-63,La Plata,MO,3.339,40.02395,-92.49078,gazetteer
72523,Petro-Card 24 #910820,US-60BUS,Willow Springs,MO,3.399,36.98675,-91.96155,gazetteer
72526,PETRO-CARD 24 #911251,US-169,King City,MO,3.299,40.05057,-94.52517,gazetteer
72528,MFA #910260,SR-87/240,Glasgow,MO,3.397,39.22850,-92.83774,gazetteer
72529,PETRO-CARD 24 #910530,US-24,Moberly,MO,3.419,39.41811,-92.43654,gazetteer
72530,PETRO-CARD 24 #910140,US-50 BUS,California,MO,3.459,38.63031,-92.56708,gazetteer
72531,PETRO-CARD 24 #910040,US-60 BUS,Aurora,MO,3.209,36.96744,-93.71860,gazetteer
72534,Petro-Card 24 #911290,US-59,Mound City,MO,3.149,40.13650,-95.23374,gazetteer
72535,MFA #911310,SR-5,Centerville,IA,3.126,40.72984,-92.87203,gazetteer
72536,MFA 910281,SR-5,Milan,MO,3.299,40.20324,-93.12400,gazetteer
72537,PETRO-CARD 24 #910210,SR-7,Clinton,MO,3.399,38.37117,-93.76814,gazetteer
72538,Petro-Card 24 #910670,SR-51,Qulin,MO,3.199,36.59526,-90.24630,gazetteer
72540,MFA #910441,US-54,Louisiana,MO,3.049,39.44146,-91.06203,gazetteer
72541,MFA 911021,US-136,Tarkio,MO,3.329,40.44299,-95.38352,gazetteer
72542,MFA #910731,SR-15,Shelbina,MO,2.999,39.69302,-92.03965,gazetteer
72543,PETRO CARD 24,SR-18,Clinton,MO,3.399,38.37117,-93.76814,gazetteer
72544,BJS NEW UNDERWOOD,CR-1416,New Underwood,SD,3.699,44.09858,-102.84032,gazetteer
72546,MFA OIL #2028,SR-53,Poplar Bluff,MO,3.232,36.76326,-90.41395,gazetteer
72548,GASQUATCH,US-70/SR-3,Idabel,OK,3.107,33.90741,-94.82217,gazetteer
72550,TERRIBLE HERBST #388,I-15 Exit 91,Moapa,NV,3.549,36.67580,-114.62082,gazetteer
72551,Good 2 Go,US-81,Geneva,NE,3.366,40.53069,-97.59713,gazetteer
72552,VALLEYWIDE COUNTRY STORE,I- 86 Exit 40,American Falls,ID,3.599,42.78285,-112.85421,gazetteer
72553,Friendly Express,I-71 Exit 186 & US-250,Ashland,OH,3.199,40.86707,-82.31515,gazetteer
72554,CEFCO #422,SR-4,Baker,FL,3.299,30.16604,-85.68576,gazetteer
72556,STARMART,US-183,Goldthwaite,TX,3.099,31.45081,-98.57352,gazetteer
72558,Circle K #4703975,SR-109 & US-70,Lebanon,TN,2.872,36.19938,-86.34463,gazetteer
72559,SUN TRAVEL CENTER,I-55 EXIT 114A,Canton,MS,3.499,32.59842,-90.03219,gazetteer
72560,AMOCO,US 131 & US 12,White Pigeon,MI,3.559,41.79523,-85.65041,gazetteer
72561,7-ELEVEN #38638,I-25 Exit 235,Erie,CO,3.399,40.04029,-105.03831,gazetteer
72562,7-ELEVEN #17703,US HWY 11,Martinsburg,WV,3.249,39.45777,-77.97821,gazetteer
72563,RACEWAY #6991,I-65 Exit 19 & US-43,Creola,AL,2.949,30.87425,-88.00954,gazetteer
72565,WEIGEL'S #102,I-75 & SR-30,Athens,TN,3.347,35.45681,-84.60452,gazetteer
72566,Loves  Travel Stop #826,I-70 Exit 75,Parachute,CO,3.596,39.44679,-108.05208,gazetteer
72567,THE TEXAN #12,US 87,La Vernia,TX,3.049,29.35311,-98.12578,gazetteer
72569,RACETRAC #204,US-19 & SR-400,Dawsonville,GA,3.319,34.43365,-84.12445,gazetteer
72570,Lake View Cheese & Liquor,I-43,Belgium,WI,3.256,43.50181,-87.84755,gazetteer
72571,MAVERIK #719,I-82 EXIT 33,Yakima,WA,3.899,46.59094,-120.54940,gazetteer
72572,GOOD 2 GO #713/ONE9 #1432,I-76 EXIT 21,Brighton,CO,3.199,39.96570,-104.79417,gazetteer
72574,Loves Travel Stop #831,"I-10 & Fort Grant Rd, Exit 340",Willcox,AZ,3.332,32.25180,-109.83570,gazetteer
72575,Loves Travel Stop #864,US-98,Lucedale,MS,3.449,30.93121,-88.59590,gazetteer
72576,Pride Travel Center South,"I-291 & SR-5, EXIT 4",South Windsor,CT,3.909,41.82371,-72.62120,gazetteer
72577,QUIKTRIP #7205,"I-80, EXIT 161",Lansing,IL,3.079,41.56500,-87.54600,gazetteer
72578,QUIKTRIP #7247,"I-55, EXIT 85",Byram,MS,2.916,32.19214,-90.28696,gazetteer
72579,Raceway #6986,US-378 & CR-467,Sumter,SC,2.979,33.94085,-80.39554,gazetteer
72580,KWIK TRIP #1267,SR 29,Chippewa Falls,WI,3.392,44.93465,-91.38917,gazetteer
72581,FASTRAC MARKET #500266,I-87 Exit 18,Queensbury,NY,3.999,43.37729,-73.61317,gazetteer
72582,FASTRAC MARKET #500242,SR-12 & SR-5A,Utica,NY,3.899,43.09638,-75.22598,gazetteer
72583,SHEETZ #769,I-80 Exit 232,Bloomsburg,PA,3.329,41.00272,-76.45658,gazetteer
72584,ONE9 #1359,"I-80, EXIT 30",Sparks,NV,3.549,39.57434,-119.71515,gazetteer
72585,GAS N WASH GREEN OAKS,"I-94, EXIT 16",Libertyville,IL,3.559,42.28467,-87.96650,gazetteer
72586,Loves Travel Stop #875,"I-49, Exit 15",Opelousas,LA,3.086,30.52490,-92.08165,gazetteer
72587,Allsups Convenience #2416,I-20 EXIT 244 AND HWY 70,Sweetwater,TX,2.884,32.46939,-100.40865,gazetteer
72588,ALLSUPS CONVENIENCE #2430,US 380,Jacksboro,TX,3.044,33.22576,-98.15917,gazetteer
72589,ALLSUPS CONVENIENCE #2056,US 287,Memphis,TX,2.929,34.72673,-100.54166,gazetteer
72590,MAVERIK #716,I-80 & SR-351,Wells,NV,3.392,41.11315,-114.95354,gazetteer
72591,Quiktrip #7173,"I-20, EXIT 156",Pell City,AL,2.999,33.56031,-86.26363,gazetteer
72592,QUIKTRIP #7191,US-45 & I-57,Effingham,IL,2.999,39.12066,-88.55086,gazetteer
72594,Quiktrip #7900,I-30 & FM-989,Texarkana,TX,2.857,33.44920,-94.08501,gazetteer
72595,CIRCLE K #2654400,SR-115,Kearneysville,WV,3.266,39.38816,-77.88555,gazetteer
72596,Hucks Food & Fuel #401 dba Pilot #1360,"I-69, EXIT 25",Mayfield,KY,3.599,36.73746,-88.64449,gazetteer
72597,CIRCLE K #4705697,US 422,Warren,OH,3.612,41.23956,-80.81601,gazetteer
72599,FATDOGS LEXINGTON,US-283,Lexington,NE,2.979,40.77745,-99.74675,gazetteer
72603,THORNTONS #170,I-465 Exit 46 & US-40,Indianapolis,IN,3.599,39.76838,-86.15804,gazetteer
72606,PETRO-CARD 24 #910474,US-65,Malta Bend,MO,3.439,39.19399,-93.36350,gazetteer
72607,TOWN PUMP FOOD STORE #6300,I-90 & US-191,Big Timber,MT,3.539,45.83478,-109.94827,gazetteer
72608,Petro-Card 24 #910640,US-61,Perryville,MO,3.099,37.72633,-89.87649,gazetteer
72610,JORDANS KWIK STOP #6,I-55 Exit 48 & SR-140,Osceola,AR,3.012,35.69022,-89.98829,gazetteer
72611,Kwik Trip # 1722,SR 35 & SR 553,Gwinn,MI,3.819,46.28537,-87.44191,gazetteer
72612,PETRO-CARD 24 #910411,I-44 & SR-32,Lebanon,MO,3.099,37.67213,-92.65967,gazetteer
72614,FAST FUEL FOOD STORES,SR-4,Gassaway,WV,3.566,38.66672,-80.77036,gazetteer
72615,U STOP #4,US-6,Lincoln,NE,3.399,40.81028,-96.67486,gazetteer
72616,PETRO-CARD 24 #910700,SR-32,Sainte Genevieve,MO,3.099,37.97502,-90.04998,gazetteer
72619,MARTYVILLE MARATHON,SR-25,Tishomingo,MS,3.279,34.63828,-88.22914,gazetteer
72620,CENEX,US-2,Leeds,ND,3.249,48.28721,-99.43429,gazetteer
72621,PETRO-CARD 24 #1047,SR-240,Slater,MO,3.459,39.22328,-93.06535,gazetteer
72622,Phillips 66,US- 60 & HWY AD,Dexter,MO,3.402,36.79282,-89.96297,gazetteer
72623,LENNYS FOOD N FUEL,US-6,Joliet,IL,3.299,41.51687,-88.14796,gazetteer
72625,PETRO-CARD 24,SR-46 & US-71,Maryville,MO,3.129,40.34251,-94.87005,gazetteer
72626,MFA OIL,SR-18,Lake City,AR,3.399,35.81937,-90.45391,gazetteer
72628,Gas Pro 6,SR-121 & US-25,Trenton,SC,3.466,33.74056,-81.84094,gazetteer
72629,MFA #910600,SR-28,Owensville,MO,3.299,38.34844,-91.49736,gazetteer
72630,PETRO-CARD 24 #910250,US-54 BUS,Fulton,MO,3.299,38.85515,-91.95080,gazetteer
72633,Petro-Card 24 #910830,SR-52,Windsor,MO,3.499,38.53227,-93.52295,gazetteer
72634,MURPHY USA #7827,US-385 & US-60,Hereford,TX,2.829,34.82260,-102.40016,gazetteer
72635,GULF,SR-140,Boylston,MA,3.839,42.39176,-71.70368,gazetteer
72639,ALLSUPS #2423,US-377 & US-70,Madill,OK,2.959,34.08708,-96.77466,gazetteer
72640,Kwik Trip # 1721,SR 553 & FM 480,Marquette,MI,3.819,46.55070,-87.39583,gazetteer
72642,LOVES TRAVEL STOP #857,US-95 & US-6,Tonopah,NV,3.716,38.08216,-117.22459,gazetteer
72643,ONCUE #147,"I-44, EXIT 12",Oklahoma City,OK,3.049,35.46708,-97.51366,gazetteer
72644,MAVERIK COUNTRY STORE #642,I-25 EXIT 262,Fort Collins,CO,3.259,40.54822,-105.06483,gazetteer
72645,MAVERIK #723,"I-10, EXIT 240",Marana,AZ,3.046,32.46594,-111.13540,gazetteer
72646,TOOT N TOTUM #131,US 87,Lamesa,TX,3.109,32.73334,-101.95377,gazetteer
72647,RACEWAY #6972,US-83 & US-43,Demopolis,AL,3.077,32.49974,-87.82668,gazetteer
72648,Loves Travel Stop #873,US 50,Canon City,CO,3.509,38.44098,-105.24245,gazetteer
72649,Love's Travel Stop #891,US 93,Jackpot,NV,3.627,41.97946,-114.66460,gazetteer
72650,Loves Travel Stop #862,I-35 Exit 65,Cotulla,TX,3.589,28.43638,-99.23671,gazetteer
72651,QUIKTRIP #7132,"I-16, EXIT 152",Bloomingdale,GA,3.032,32.12500,-81.30839,gazetteer
72652,Quiktrip #4148,I-35 & GRAND AVE PKWY,Pflugerville,TX,2.882,30.44777,-97.60212,gazetteer
72653,Quiktrip #7153,US-78 & EXIT #4,Olive Branch,MS,2.916,34.95575,-89.84115,gazetteer
72655,RACEWAY #6988,US-79 & US-41,Clarksville,TN,2.999,36.56643,-87.34522,gazetteer
72656,ALLSUPS #2437,HWY 176 & HWY 115,Andrews,TX,3.396,32.32134,-102.55185,gazetteer
72660,RACEWAY #6989,US-157 & COURT ST,Moulton,AL,3.049,34.48830,-87.28271,gazetteer
72663,LOC STOP TRAVEL CENTER,US-82,Dawson,GA,3.499,31.77186,-84.44350,gazetteer
72664,RACETRAC #2606,"I-30, EXIT 32B & SR-181",Grand Prairie,TX,2.926,32.68611,-97.02080,gazetteer
72666,CIRCLE K #2707043,"I-75/SR-401, EXIT 39 & SR-37",Adel,GA,2.999,31.12480,-83.42548,gazetteer
72668,LOVES TRAVEL STOP #350,"I-19, Exit 12",Nogales,AZ,3.609,31.36193,-110.93482,gazetteer
72669,Quiktrip #356,US-81 & S Victoria RD,Wichita,KS,3.194,37.69064,-97.34584,gazetteer
72672,7-Eleven #42205,US 79,Hearne,TX,3.449,30.87706,-96.59522,gazetteer
72674,QUIKTRIP #7190,I-64 EXIT 94,Mount Vernon,IL,3.099,38.31421,-88.91747,gazetteer
72676,KWIK TRIP #1212,"I 90, EXIT 43",Worthington,MN,3.164,43.62873,-95.59970,gazetteer
72677,KWIK TRIP #1256,SR 2 E,Iron Mountain,MI,3.279,45.82689,-88.05943,gazetteer
72678,FLYING J #1056,I-90/ I-80,Edon,OH,3.899,41.55617,-84.76937,gazetteer
72679,TEX BEST #532,US-281 & HWY 186,Edinburg,TX,3.021,26.31828,-98.15345,gazetteer
72680,RACEWAY #6990,US-98,Foley,AL,3.076,30.39707,-87.66846,gazetteer
72681,MAVERIK #691,I-76 EXIT 3,Denver,CO,3.284,39.76185,-104.88111,gazetteer
72682,Maverik #695,I-15 EXIT 276,American Fork,UT,3.349,40.37788,-111.79507,gazetteer
72683,HUCKS FOOD & FUEL #383,SR-57,Evansville,IN,3.759,37.98774,-87.53471,gazetteer
72685,CHUBBYS TRAVEL CENTER,"I-35, Exit 127",Natalia,TX,2.972,29.18547,-98.85205,gazetteer
72687,Kwik Trip #1203,US-71 & Airport Rd,Redwood Falls,MN,3.349,44.54713,-95.10264,gazetteer
72688,SHEETZ #772,I-70 EXIT 59,Springfield,OH,3.054,39.92891,-83.79424,gazetteer
72689,ROAD RANGER #285,I-10 EXIT 605,Seguin,TX,3.111,29.59023,-97.96861,gazetteer
72690,Noble East Lyme,"I-95, EXIT 75",East Lyme,CT,3.759,41.34821,-72.20930,nominatim
72691,KUM & GO #2402,US 60,Springfield,MO,3.176,37.19416,-93.29264,gazetteer
72693,Kum & Go #2404,US 60,Aurora,MO,3.119,36.96744,-93.71860,gazetteer
72695,Quiktrip #7906,"I-20, EXIT 617 & US-59",Marshall,TX,2.837,32.53916,-94.35317,gazetteer
72696,QUIKTRIP #1742,"I-475/SR-408, exit 5 & SR-74",Macon,GA,3.089,32.80899,-83.69406,gazetteer
72698,QUIKTRIP #7242,"I-10, EXIT 31",Gulfport,MS,2.916,30.41949,-89.06902,gazetteer
72699,Quiktrip #7195,"I-355, EXIT 29",Addison,IL,3.079,41.93078,-88.00899,gazetteer
72700,RACEWAY #6726,"I-30, Exit 172",Thomson,GA,3.399,33.46927,-82.49512,gazetteer
72702,Loves Travel Stop #854,I-49 EXIT 215,Shreveport,LA,2.937,32.46688,-93.79219,gazetteer
72705,SHEETZ #795,US-460 & CR-629,Disputanta,VA,2.982,37.12355,-77.22486,gazetteer
72706,Sheetz #790,I-77 EXIT 100,Mount Airy,NC,2.859,36.50849,-80.61454,gazetteer
72707,QUIKTRIP #4299,"I-25, EXIT 158",Monument,CO,3.159,39.07441,-104.84422,gazetteer
72709,KWIK TRIP #1299,FM 164,Sussex,WI,3.286,43.13485,-88.22604,gazetteer
72710,KWIK STAR #1285,I-229 EXIT 9,Sioux Falls,SD,2.952,43.54070,-96.73196,gazetteer
72711,Kwik Trip #1260,FM 65,Roberts,WI,3.424,44.97330,-92.55008,gazetteer
72713,Kwik Star #1217,FM 11,Sioux Falls,SD,2.939,43.54070,-96.73196,gazetteer
72714,LOVES TRAVEL STOP  #771,I-85 & SR-18,West Point,GA,3.679,32.89852,-85.14150,gazetteer
72715,FLYING J TRAVEL PLAZA #1372,"I-40, EXIT 28",Yucca,AZ,3.849,34.86299,-114.14615,gazetteer
72716,RACEWAY #7000,US-1 & SR-40,Folkston,GA,3.099,30.83907,-82.00734,gazetteer
72719,TA EXPRESS LITTLEFIELD,"I-15, EXIT 8",Littlefield,AZ,3.679,36.86592,-113.93598,gazetteer
72721,Racetrac #2625,SR 72 E & SHIELDS RD,Huntsville,AL,2.977,34.69772,-86.67667,gazetteer
72723,ONE9 #1362,"I-40, EXIT 253",Winslow,AZ,3.226,35.02424,-110.70933,gazetteer
72724,ONE9 #484,I-40 EXIT 146,Ash Fork,AZ,3.329,35.21719,-112.49130,gazetteer
72725,CASEYS #4481,US 75,Denison,TX,2.936,33.76694,-96.58067,gazetteer
72728,CASEYS #4304,FM 103 & Belten Dr,Crete,NE,3.457,40.62477,-96.95250,gazetteer
72732,KUM & GO #2212,I-35 EXIT 89,Ankeny,IA,3.132,41.73016,-93.60108,gazetteer
72733,Parker's #94,US-17 N,Georgetown,SC,2.989,33.37243,-79.28079,gazetteer
72734,7-ELEVEN #41940,I-95,West Haven,CT,3.999,41.27212,-72.96750,gazetteer
72735,7-Eleven #41376,I-26 Exit 154B,Orangeburg,SC,3.226,33.49360,-80.86688,gazetteer
72736,FRIENDLY GUS STORE #12,I-16 Exit 49,Dublin,GA,3.276,32.53547,-82.92881,gazetteer
72737,Mollys Food and Fuel,"I-20, EXIT 175 & SR-150",Thomson,GA,3.499,33.46927,-82.49512,gazetteer
72738,BREAK TIME #3172,US-50/US-63,Jefferson City,MO,3.336,38.56746,-92.17525,gazetteer
72739,MAVERIK #712,US 70 & US 54,Alamogordo,NM,3.056,32.88362,-105.96361,gazetteer
72740,Caseys #4303,"I-80, EXIT 257 & US-183",Elm Creek,NE,3.032,40.72008,-99.37559,gazetteer
72741,Caseys #4298,"I-55, EXIT 220 & SR-47",Dwight,IL,3.349,41.09871,-88.42208,gazetteer
72743,PEOTONE TRAVEL CENTER,I-57 & SR-25,Peotone,IL,3.459,41.33073,-87.79635,gazetteer
72745,Loves Travel Stop #870,US-81 Exit 12 & SR-12,Watertown,NY,4.149,43.97329,-75.91004,gazetteer
72746,PARKERS #103,"I-26, Exit 205A",Ladson,SC,3.282,33.00948,-80.10799,gazetteer
72748,HORIZON TRAVEL PLAZA,US-411,Cartersville,GA,2.934,34.16458,-84.80170,gazetteer
72749,KWIK TRIP #1282,FM 42 & S Duluth Ave,Sturgeon Bay,WI,3.507,44.82268,-87.36981,gazetteer
72750,QUIKTRIP #1943,I-35 EXIT 368 & SR 22,Hillsboro,TX,2.919,32.00783,-97.11565,gazetteer
72752,QUIKTRIP #7178,I-65 EXIT 13 & SR 158,Saraland,AL,2.957,30.85457,-88.10984,gazetteer
72754,RACETRAC #2495,US 41 & US 19,Griffin,GA,3.229,33.24319,-84.27186,gazetteer
72755,RACETRAC #2620,I-465 Exit 42,Indianapolis,IN,3.159,39.76838,-86.15804,gazetteer
72756,Loves Travel Stop #876,I-94 Exit 34A,Michigan City,IN,3.789,41.70878,-86.86687,gazetteer
72757,Loves Travel Stop #860,I-59 EXIT 1,Picayune,MS,3.156,30.53082,-89.67063,gazetteer
72758,CEFCO #1117,I-20 EXIT 617,Marshall,TX,2.832,32.53916,-94.35317,gazetteer
72759,Allsups Convenience Store #2461,US-87 & SR-137,Lamesa,TX,3.099,32.73334,-101.95377,gazetteer
72760,RaceWay #6999,US-84 & US-319,Thomasville,GA,3.166,30.83942,-83.97878,gazetteer
72761,RACETRAC #2629,US-72/US-43 & SR-20,Tuscumbia,AL,2.999,34.71850,-87.70259,gazetteer
72763,FASTRAC MARKET #500270,SR-5/SR-13,Canastota,NY,4.349,43.08415,-75.75549,gazetteer
72764,CUMBERLAND FARMS #004783,US-5,East Windsor,CT,4.049,41.91232,-72.54509,gazetteer
72765,FASTRAC MARKET #500203,SR-104 & CR-256,Wolcott,NY,3.799,43.22279,-76.81213,gazetteer
72766,QUIKTRIP #1873,US 287  33.054731932354194,Rhome,TX,2.899,33.07890,-97.49320,gazetteer
72767,QUIKTRIP #4227,I-25 EXIT 243,Mead,CO,3.147,40.22700,-104.98832,gazetteer
72768,ROAD RANGER #287,I-57 EXIT 318,Bourbonnais,IL,3.339,41.18299,-87.87847,gazetteer
72769,TOOT N TOTUM #132,US 84,Lubbock,TX,2.971,33.56190,-101.88888,gazetteer
72770,RACETRAC #2634,I-95 Exit 77 & US-78,Saint George,SC,2.999,33.18607,-80.57946,gazetteer
72771,RACETRAC #2635,I-85 EXIT 44A,Greenville,SC,2.899,34.83690,-82.36300,gazetteer
72772,RACEWAY #6998,US-501 & SR-576,Marion,SC,3.016,34.17866,-79.39566,gazetteer
72773,RaceTrac #2626,I-20 Exit 472,Dallas,TX,2.864,32.79333,-96.76651,gazetteer
72774,STUCKEYS TRAVEL CENTER,I-10 EXIT 451,Orange,TX,2.807,30.12353,-93.75455,gazetteer
72775,CEFCO #2089,I-20 EXIT 288,Abilene,TX,2.766,32.45451,-99.73815,gazetteer
72776,MARATHON,"1-75, Exit 80",Sycamore,GA,3.299,31.67165,-83.63553,gazetteer
72778,KWIK STAR #1208,US-75,Sioux Center,IA,3.199,43.07485,-96.17065,gazetteer
72779,KWIK TRIP #1276,"I-90/I-39, EXIT 1 & SR-75",South Beloit,IL,3.299,42.48484,-89.02743,gazetteer
72781,SHEETZ #774,I-70 & SR-83,New Concord,OH,3.059,39.99366,-81.73806,gazetteer
72782,SHEETZ #791,"I-76, Exit 57",North Jackson,OH,3.066,41.10006,-80.85731,gazetteer
72783,SHEETZ #770,I-70 & US-42,London,OH,2.999,39.89285,-83.43887,gazetteer
72784,Maverik Country Store #724,"I-80/US-30, EXIT 221",Rawlins,WY,3.289,41.78513,-107.22465,gazetteer
72785,GAS N WASH,US 30,Crest Hill,IL,3.299,41.57436,-88.11326,gazetteer
72786,QUIKTRIP #333,"I-135, EXIT 31",Newton,KS,2.949,38.03768,-97.34502,gazetteer
72787,QUIKTRIP #7011,"I-35, EXIT 118",Oklahoma City,OK,3.032,35.46708,-97.51366,gazetteer
72788,MAVERIK #700,I-25 EXIT 215,Denver,CO,3.289,39.76185,-104.88111,gazetteer
72789,RACETRAC #237,HWY 30 & ROBERT WILSON RD,Gonzales,LA,3.172,30.21274,-90.92240,gazetteer
72791,LOVES TRAVEL STOP #850,SR-491 & RD. G,Cortez,CO,3.482,37.34978,-108.57669,gazetteer
72792,QUICKLEES,"I-190, EXIT 23",Niagara Falls,NY,3.999,43.09284,-79.01474,gazetteer
72793,TA EXPRESS BLAINE #917,"I-5, Exit 275",Blaine,WA,4.139,48.98719,-122.74877,gazetteer
72795,REFUEL #1337,SR-45/CR-1625,Buda,TX,2.999,30.08040,-97.85570,gazetteer
72796,PILOT #1399,"SR-303, EXIT 107",Litchfield Park,AZ,3.584,33.50176,-112.35947,gazetteer
72797,KWIK TRIP #1215,"I-94, EXIT 135",Melrose,MN,3.327,45.67701,-94.81477,gazetteer
72798,Casey's #4539,US-75,Rock Rapids,IA,3.349,43.42670,-96.16639,gazetteer
72799,CASEYS #4384,"I-88 & SR-26, EXIT 54",Dixon,IL,3.479,41.84329,-89.47755,gazetteer
72801,CASEYS #4388,"US-64, EXIT 29",Beebe,AR,3.189,35.07243,-91.90106,gazetteer
72802,Racing Mart Store,"I-495, Exit 36A",Wrentham,MA,3.899,42.06677,-71.32811,gazetteer
72803,Llanos Country Corner,"I-10/US-83, EXIT 456 & US-377",Junction,TX,2.919,30.49076,-99.77322,gazetteer
72804,7-Eleven #42174,"I-24, EXIT 211 & US-70",Nashville,TN,3.249,36.16589,-86.78444,gazetteer
72805,Stripes #42242,"SR 181, HWY 188",Sinton,TX,3.259,28.03719,-97.50146,gazetteer
72806,TA HOSSTON #939,"I-49, Exit 237",Hosston,LA,2.922,32.88608,-93.88269,gazetteer
72808,Allsups Convenience #2463,US-377,Aubrey,TX,2.899,33.30855,-96.97909,gazetteer
72809,LOVES TRAVEL STOP #894,I-95 EXIT 305,Saint Augustine,FL,3.442,29.89615,-81.31113,gazetteer
72810,QUIKTRIP #7,"I-244/US-412, Exit 10",Tulsa,OK,3.119,36.12795,-95.90232,gazetteer
72813,Allsups #2425,Hwy 144,Granbury,TX,3.029,32.43281,-97.77515,gazetteer
72814,ALLSUPS #2468,"I35, EXIT 5",Thackerville,OK,2.917,33.78753,-97.13918,gazetteer
72815,QUIKTRIP #7194,I-74 EXIT 182,Champaign,IL,3.099,40.11410,-88.27462,gazetteer
72816,QUIKTRIP #7914,I-27 EXIT 117,Amarillo,TX,2.846,35.19806,-101.83311,gazetteer
72817,QUIKTRIP #4174,I-35 Exit 285,Salado,TX,2.916,30.94838,-97.52834,gazetteer
72818,QUIKTRIP #7174,"I-65, EXIT 168",Montgomery,AL,2.999,32.34850,-86.26731,gazetteer
72819,QUIKTRIP #7925,I-69W,Laredo,TX,2.851,27.56038,-99.48918,gazetteer
72820,QUARLES #54232,us-385,Crane,TX,3.886,31.39178,-102.35027,gazetteer
72821,QUARLES #54231,CR-23 & CR-33,Eunice,NM,3.699,32.43615,-103.14904,gazetteer
72822,QUARLES #54225,US-83,Abilene,TX,3.499,32.45451,-99.73815,gazetteer
72827,QUARLES #54259,FM-1936,Odessa,TX,3.699,31.88046,-102.34531,gazetteer
72828,QUARLES #54250,US-80,Abilene,TX,3.312,32.45451,-99.73815,gazetteer
72830,QUARLES #54261,"I-20, EXIT 37",Pecos,TX,3.749,31.42291,-103.49323,gazetteer
72831,QUARLES #54262,CR-64,Hobbs,NM,3.699,32.72909,-103.16059,gazetteer
72835,QUARLES #54277,SR-137,Big Lake,TX,3.849,31.19411,-101.45341,gazetteer
72836,QUARLES #54281,SR-208,Snyder,TX,3.666,32.71356,-100.91190,gazetteer
72841,QUARLES #54296,SR-214 & CR-370,Denver City,TX,3.799,32.96787,-102.83222,gazetteer
72847,QUARLES #54341,US-87,Big Spring,TX,3.649,32.23834,-101.48574,gazetteer
72849,QUARLES #54349,CR-1140,Midland,TX,3.666,32.02464,-102.11347,gazetteer
72851,QUARLES #54367,FM-1787,Midland,TX,3.799,32.02464,-102.11347,gazetteer
72853,QUARLES #54520,SR-589,Purvis,MS,2.979,31.14637,-89.40628,gazetteer
72855,GAS N WASH,SR 59,Plainfield,IL,3.559,41.63030,-88.24528,gazetteer
72857,7-ELEVEN #42019,SR-3 & SR-4,Yukon,OK,3.159,35.51841,-97.76617,gazetteer
72859,CASEYS #4286,SR-32,Crawfordsville,IN,3.562,40.04129,-86.89758,gazetteer
72860,Circle K #2707070,"SR 378, Route 467",Sumter,SC,2.992,33.94085,-80.39554,gazetteer
72861,SPRINT MART #4143,"I-20, EXIT 89",Vance,AL,3.059,33.17399,-87.22663,gazetteer
72863,Double Quick #92,US-61,Cleveland,MS,3.182,33.74401,-90.72848,gazetteer
72864,SUNSTOP #430,US-27,Bainbridge,GA,3.599,30.90621,-84.57265,gazetteer
72867,Maverik #731,I-15 EXIT 190,Helena,MT,3.549,46.59656,-112.02177,gazetteer
72868,MAVERIK #737,I-15 EXIT 116,Idaho Falls,ID,3.406,43.48962,-112.03534,gazetteer
72869,MAVERIK #738,I-90 EXIT 129,Gillette,WY,3.359,44.27258,-105.49894,gazetteer
72871,Maverik #727,I-8 EXIT 3,Yuma,AZ,3.179,32.51629,-114.52178,gazetteer
72872,QUIKTRIP #7926,US 59 & SR 20,Laredo,TX,2.859,27.56038,-99.48918,gazetteer
72873,QUIKTRIP #7206,I-39 EXIT 15 & US 20,Rockford,IL,2.969,42.25930,-89.06348,gazetteer
72874,QUIKTRIP #4076,I-35 EXIT 191,New Braunfels,TX,2.916,29.69931,-98.11513,gazetteer
72875,QUIKTRIP #4183,SR 195 & Shell RD,Georgetown,TX,2.916,30.66814,-97.69874,gazetteer
72876,QUIKTRIP #1139,"I-385, EXIT 23",Fountain Inn,SC,3.017,34.69665,-82.20213,gazetteer
72877,QUIKTRIP #7177,"I-10, EXIT 15A",Theodore,AL,2.882,30.53869,-88.18757,gazetteer
72879,QUIKTRIP #4002,US-87,Comfort,TX,2.966,29.97231,-98.90470,gazetteer
72880,PARKERS #97,US 80,Bloomingdale,GA,3.032,32.12500,-81.30839,gazetteer
72882,CASEYS #4330,"I-40, EXIT 221",Okemah,OK,2.926,35.42927,-96.30031,gazetteer
72884,CEFCO #435,"I-10, EXIT 44 & US-90",Loxley,AL,3.026,30.68459,-87.73921,gazetteer
72885,RACEWAY #6960,US-431 & Westgate PKWY,Dothan,AL,3.199,31.23370,-85.40682,gazetteer
72886,PILOT #1381,US-190 & Rose Marie Blvd,Hearne,TX,3.499,30.87706,-96.59522,gazetteer
72888,STRIPES #42591,US-87,Mason,TX,3.299,30.74771,-99.22860,gazetteer
72889,DK,SR 83,Denver City,TX,3.319,32.96787,-102.83222,gazetteer
72891,GAS N WASH,"I-57, EXIT 354",Alsip,IL,3.399,41.67027,-87.73708,gazetteer
72893,Racetrac #2586,I-95 & 20th ST,Vero Beach,FL,3.159,27.64722,-80.39314,gazetteer
72894,Allsups Convenience Store #2458,US-287 & FM-1655,Alvord,TX,2.899,33.35697,-97.69603,gazetteer
72895,Allsups#2465,SR 7,Davis,OK,2.967,34.42943,-97.17444,gazetteer
72896,PILOT #1283,I-45 & SR-31,Corsicana,TX,3.042,32.08240,-96.46670,gazetteer
72899,RACEWAY #7002,US 79 & 59,Carthage,TX,2.821,32.15205,-94.33711,gazetteer
72901,FATDOGS GRAND ISLAND TRAVEL CENTER,I-80 & HWY 281,Grand Island,NE,2.979,40.92135,-98.35856,gazetteer
72902,CIRCLE K #2704593,SR-24 &  SR-690,Spring Lake,NC,3.079,35.18459,-78.99472,gazetteer
72903,Kent Kwik #221,SR-338,Odessa,TX,2.989,31.88046,-102.34531,gazetteer
72904,CEFCO #112,US-281,Marble Falls,TX,2.929,30.56017,-98.27729,gazetteer
72905,TA EXPRESS PLEASANTON #445,I-37 EXIT 109,Pleasanton,TX,3.099,28.96421,-98.49569,gazetteer
72906,Maverik #734,I-25 EXIT 94,Pueblo,CO,3.289,38.26923,-104.61082,gazetteer
72907,QUIKTRIP #7913,"I-20, EXIT 20 & SR-18",Monahans,TX,2.859,31.65572,-103.08369,gazetteer
72908,QUIKTRIP #1042,"I-85, EXIT 17B & US-321",Gastonia,NC,3.264,35.24880,-81.18644,gazetteer
72909,FAT DOGS LINCOLN TC,"I-80, EXIT 399",Lincoln,NE,3.099,40.81028,-96.67486,gazetteer
72910,Ogden Cardlock (Bulk Plant),I-15 EXIT 343,Ogden,UT,3.489,41.22839,-111.96815,gazetteer
72912,Salina Cardlock (Bulk Plant),I-70 EXIT 56,Salina,UT,3.449,38.93884,-111.86521,gazetteer
72916,CASEYS #2562,SR 140 & SR 156,Ellsworth,KS,3.466,38.73264,-98.22857,gazetteer
72918,QUIKTRIP #7076,"I-75, EXIT 101",Cordele,GA,3.032,31.95609,-83.77008,gazetteer
72919,QUIKTRIP #7096,I-75 & EXIT 51,Dayton,OH,3.032,39.78474,-84.19963,gazetteer
72920,Circle K #4701686,"I-70, Exit 224 & SR-370",Saint Peters,MO,3.051,38.78352,-90.60507,gazetteer
72921,CIRCLE K #4701677,"I-44, Exit 226",Sullivan,MO,3.324,38.21279,-91.16365,gazetteer
72922,SUNOCO,SR-640,Willoughby,OH,3.859,41.64529,-81.41435,gazetteer
72924,SHERMAN TRAVEL CENTER,SR-9,Senatobia,MS,3.029,34.60865,-89.98099,gazetteer
72925,AMOCO,US-52 & SR-340,Darlington,SC,3.199,34.30138,-79.86717,gazetteer
72926,Amoco,US-31 & US-10,Scottville,MI,3.359,43.95110,-86.27982,gazetteer
72927,Bell Stores #165,US-30,Wooster,OH,3.516,40.81906,-81.93156,gazetteer
72930,SPARTA CO-OP,SR-27,Sparta,WI,3.189,43.93825,-90.81270,gazetteer
72933,CHEVRON #385988,SR-124,Lithonia,GA,3.399,33.71295,-84.10620,gazetteer
72934,CIRCLE K #2706987,"I-37, Exit 118",Corpus Christi,TX,3.099,27.75425,-97.17338,gazetteer
72935,Circle K #2722258,US-17 & SR-40,Pierson,FL,3.402,29.24165,-81.45664,gazetteer
72936,Circle K #2707549,SR-471 & SR-48,Bushnell,FL,3.499,28.68695,-82.11441,gazetteer
72937,CIRCLE K #2723997,SR024,Stedman,NC,3.399,35.01348,-78.70012,gazetteer
72938,CIRCLE K #2723205,I-285 & CR-1642,Winston Salem,NC,3.521,36.10286,-80.26083,gazetteer
72939,CIRCLE K #2655872,"I-75, Exit 252B",Atlanta,GA,3.506,33.76291,-84.42267,gazetteer
72940,Circle K #3909,SR-236,Clarksville,TN,3.329,36.56643,-87.34522,gazetteer
72941,CIRCLE K #2740389,I-55 & US-51,Hammond,LA,3.249,30.50565,-90.45649,gazetteer
72942,CIRCLE K #2742777,US-62/180,El Paso,TX,3.191,31.84778,-106.43111,gazetteer
72943,CIRCLE K #2706805,SR-415 & SR-76,Port Allen,LA,3.359,30.44383,-91.20741,gazetteer
72944,Circle K #2709094,US-62 & SR-327,Lubbock,TX,3.099,33.56190,-101.88888,gazetteer
72945,CIRCLE K #2707057,SR-59 & CR-12,Foley,AL,3.092,30.39707,-87.66846,gazetteer
72947,Circle K #9556,SR-202,Phoenix,AZ,3.386,33.57215,-112.09013,gazetteer
72948,CIRCLE K #2746514,SR-23,Watford City,ND,3.599,47.80149,-103.26673,gazetteer
72949,BOURBON TRAVEL PLAZA,US-30,Bourbon,IN,3.499,41.29939,-86.11685,gazetteer
72950,Conoco,US-95,MC DERMITT,NV,4.299,41.99033,-117.72080,gazetteer
72951,DK,SR-36,Abilene,TX,2.849,32.45451,-99.73815,gazetteer
72953,GRAND AVENUE EXPRESS,I-35 & FM-372,Gainesville,TX,2.999,33.63865,-97.14841,gazetteer
72956,Handee Hugos #1,SR-87,Riegelwood,NC,3.497,34.34010,-78.22036,gazetteer
72957,IRVING,SR-11,Augusta,ME,3.899,44.33490,-69.73420,gazetteer
72958,Jack Flash Pana,SR-16,Pana,IL,3.099,39.39460,-89.09081,gazetteer
72959,JORDANS #75,US-67,Newport,AR,3.299,35.62377,-91.23168,gazetteer
72960,KENT KWIK #206,FM-2020,Odessa,TX,3.026,31.88046,-102.34531,gazetteer
72963,MAVERIK #5358,"I-25, Exit 145",Colorado Springs,CO,3.331,38.86726,-104.76075,gazetteer
72965,Maverik #674,"I-15, Exit 45",North Las Vegas,NV,3.282,36.28986,-115.08918,gazetteer
72966,MCCLURE STORE #15,SR-9,Marion,IN,3.694,40.54999,-85.66042,gazetteer
72967,BINKS TENAHA QUICK STOP,US-59/US-84,Tenaha,TX,3.059,31.94371,-94.24571,gazetteer
72968,LOVES TRAVEL STOP #883,US-52 EXIT 120,Rural Hall,NC,3.577,36.22450,-80.29691,gazetteer
72969,LOVES TRAVEL STOP #555,US-30,Delphos,OH,3.306,40.84658,-84.33647,gazetteer
72970,PAC PRIDE,"I-96, Exit 26",Grand Rapids,MI,3.659,42.96116,-85.65557,gazetteer
72972,LOVES TRAVEL STOP #886,I-44 EXIT 29,Sarcoxie,MO,3.401,37.06857,-94.12692,gazetteer
72973,PETE'S 49,US-166 & US-169,Coffeyville,KS,3.214,37.03272,-95.65158,gazetteer
72974,USTOP 34,US-77,Lincoln,NE,3.499,40.81028,-96.67486,gazetteer
72975,SHEETZ #804,"I-95, Exit 41",Hope Mills,NC,2.859,34.96919,-78.95989,gazetteer
72976,RED DOG,"I-10, EXIT 72",Egan,LA,3.049,30.24552,-92.51159,gazetteer
72978,SHELL SERVICE STATION,SR-302,Byhalia,MS,3.099,34.86919,-89.68999,gazetteer
72979,RICKY ROCKETS,"I-57, EXIT 312",Kankakee,IL,3.379,41.10165,-87.86369,gazetteer
72981,Sprint Mart #2301,I-565 & CR-115,Madison,AL,3.492,34.71053,-86.76228,gazetteer
72982,SUNOCO,I-10 & SR-328,Breaux Bridge,LA,2.856,30.28310,-91.90592,gazetteer
72983,SUNSTOP #303,SR-100,Lake City,FL,3.551,30.18864,-82.64225,gazetteer
72984,TERRIBLE HERBST #341,US-95,Indian Springs,NV,3.899,36.57184,-115.72031,gazetteer
72985,THE PRIDE OF VILLA PARK,SR-64,Villa Park,IL,3.299,41.88561,-87.97823,gazetteer
72986,THE PRIDE OF ELGIN,SR-31,Elgin,IL,3.499,42.03896,-88.32567,gazetteer
72987,The Texan,US-285 & CR-116,Pecos,TX,2.999,31.42291,-103.49323,gazetteer
72988,Thorntons #221354,US-12,Lake Zurich,IL,3.349,42.19501,-88.08773,gazetteer
72989,THORNTONS #442562,SR-63,Monroe,OH,3.199,39.44599,-84.36577,gazetteer
72990,TA Express Jonesboro,I-555 EXIT 39,Jonesboro,AR,3.392,35.81976,-90.67903,gazetteer
72991,THORNTONS #221345,US-20,Hanover Park,IL,3.759,41.98248,-88.14287,gazetteer
72993,H AND R OIL COMPANY,"SR-4, EXIT 8",Lexington,KY,3.249,37.98869,-84.47772,gazetteer
72998,83 FUEL STOP,US-83,Catarina,TX,2.959,28.35018,-99.61526,gazetteer
72999,Aeg Petroleum,US-70 & SR-467,Portales,NM,3.686,34.17729,-103.35508,gazetteer
73000,TXB,FM-2147,Horseshoe Bay,TX,2.929,30.54076,-98.38057,gazetteer
73003,GAS PRO TRAVEL CENTER,US-25 & SR-88,Hephzibah,GA,3.599,33.29230,-82.09573,gazetteer
73005,NOBLE,US-20,Sturbridge,MA,3.999,42.09711,-72.05500,gazetteer
73007,VALERO,"I-85, EXIT 28 & SR-100",Hogansville,GA,3.666,33.16699,-84.90279,gazetteer
73008,MUSTANG XPRESS,US-183 & FM-1327,Austin,TX,3.332,30.29862,-97.75413,gazetteer
73009,THRIFT BULL TRUCK STOP,SR-103,San Augustine,TX,3.499,31.52990,-94.11089,gazetteer
73012,FUELPORT # 1,FM-143,San Antonio,TX,3.049,29.46281,-98.52464,gazetteer
73013,247 TRUCK STOP,I-40 EXIT 247,Widener,AR,2.999,35.02350,-90.68193,gazetteer
73014,CIRCLE K #2726298,SR 33 & SR 50,Mascotte,FL,3.539,28.60434,-81.90555,gazetteer
73015,76,US 40,Franklinville,NJ,3.169,39.61800,-75.07298,gazetteer
73016,PARKERS #112,SR 67,Statesboro,GA,3.199,32.43773,-81.77564,gazetteer
73017,U Stop #36,US 136 & SR 50,Tecumseh,NE,3.399,40.37182,-96.18871,gazetteer
73018,Smart Stop Travel Center,US 271 & SR 37,Bogata,TX,3.199,33.46979,-95.21355,gazetteer
73021,Circle K #2746245,I 35W EXIT 6,Minneapolis,MN,3.599,44.96332,-93.26832,gazetteer
73025,151 TRAVEL CENTER,SR 34 & N Central Rd,Darlington,SC,3.299,34.30138,-79.86717,gazetteer
73026,Gas N Wash,SR-171,Lemont,IL,3.299,41.66733,-87.98441,gazetteer
73029,One9 #1417,I-35 Exit 323,Lorena,TX,2.902,31.38311,-97.21020,gazetteer
73030,SPEED TREK TRAVEL CENTER,I-90 EXIT 25,Belvidere,IL,3.699,42.26545,-88.88776,gazetteer
73031,Travel Refresh,US 59,Corrigan,TX,2.949,30.99881,-94.82749,gazetteer
73032,Parkers #110,SR 56,Augusta,GA,3.192,33.36553,-82.07342,gazetteer
73033,QUARLES #54242,SR-152,Pampa,TX,3.499,35.54785,-100.96503,gazetteer
73035,QUIKTRIP #7909,US-10,El Paso,TX,2.849,31.84778,-106.43111,gazetteer
73036,Maverik Country Store #741,US-80,Rock Springs,WY,3.307,41.59470,-109.22092,gazetteer
73037,TA EXPRESS #567,"I-20, EXIT 81 & SR-149",Ruston,LA,3.114,32.53299,-92.63533,gazetteer
73040,TAILGATE #3,SR 21,Bryan,TX,3.599,30.66602,-96.38105,gazetteer
73041,Racetrac #182,US- 19,Hampton,GA,2.999,33.37770,-84.29897,gazetteer
73042,MAVERIK #728,Hwy 483,Lovington,NM,3.094,32.94447,-103.34923,gazetteer
73043,MAVERIK #740,"I-25, EXIT 347",Las Vegas,NM,3.162,35.60482,-105.21702,gazetteer
73044,Maverik #732,"US 20, EXIT 310",Idaho Falls,ID,3.394,43.48962,-112.03534,gazetteer
73045,MAVERIK #717,US-395,Spokane,WA,3.979,47.66694,-117.43332,gazetteer
73046,Refuel #63,US 501 & SR 544,Conway,SC,3.134,33.83453,-79.04917,gazetteer
73047,RACETRAC #2642,"I-70, EXIT 77",Indianapolis,IN,3.259,39.76838,-86.15804,gazetteer
73048,ALLSUPS CONVENIENCE STORE #2473,US-287,Bowie,TX,2.899,33.55696,-97.84610,gazetteer
73051,CIRCLE K #2709540,"I-10, EXIT 10 & SR-90",Sierra Vista,AZ,3.629,31.56541,-110.31451,gazetteer
73052,Circle K #2701875,US-78 E,Grovetown,GA,3.499,33.44977,-82.20797,gazetteer
73053,Circle K #2746108,"I-90/US-212, EXIT 447",Billings,MT,3.579,45.78854,-108.55248,gazetteer
73055,CIRCLE K #4707124,SR-3,Liberty,ME,4.099,44.38924,-69.30282,gazetteer
73056,CIRCLE K #2723033,"I-295, EXIT 21A & I-95",Fayetteville,NC,3.279,35.08277,-78.97352,gazetteer
73057,CIRCLE K #2703586,US-550 & SR-516,Flora Vista,NM,3.719,36.80306,-108.09019,gazetteer
73058,CIRCLE K #4707605,SR-365/SR-69/SR-49 & SR-26,Rome,NY,3.999,43.22600,-75.48952,gazetteer
73059,CIRCLE K #4705626,"I-77/US-62, EXIT 105 & SR-172",Canton,OH,3.459,40.80765,-81.36723,gazetteer
73061,Circle K #2709045,"US-62 & SR-375, EXIT 39",El Paso,TX,3.202,31.84778,-106.43111,gazetteer
73062,CIRCLE K #2741849,SR-358 & SR-286,Corpus Christi,TX,3.124,27.75425,-97.17338,gazetteer
73063,HOLIDAY STATIONSTORE #2746223,"I-35, EXIT 135 & US-61",Andover,MN,3.499,45.25242,-93.33740,gazetteer
73064,7-ELEVEN #42315,"I-85, Exit 88",Lexington,NC,3.399,35.79718,-80.27429,gazetteer
73065,RACETRAC #2631,"I-75, EXIT 285 & US-41/SR-3",Emerson,GA,2.887,34.13118,-84.74536,gazetteer
73066,QUIKTRIP #1499,I-10 EXIT 267,Tucson,AZ,3.062,32.15304,-110.87077,gazetteer
73067,J STARR,I-29 EXIT 8,Hankinson,ND,3.499,46.07399,-96.89101,gazetteer
73068,MAVERIK #5369,SR 21,Colorado Springs,CO,3.499,38.86726,-104.76075,gazetteer
73071,7-Eleven #42340,SR-340/SR-6,Woodway,TX,2.932,31.49833,-97.23079,gazetteer
73072,QUIKTRIP #7204,"I-57, EXIT 337 & SR-50",University Park,IL,3.079,41.44689,-87.71297,gazetteer
73073,QUIKTRIP #7075,"I-16/SR-404, EXIT 51 & US-441",Dublin,GA,2.999,32.53547,-82.92881,gazetteer
73074,RACETRAC #2641,HWY 59 & FM 989,Texarkana,TX,2.857,33.44920,-94.08501,gazetteer
73075,ALLSUPS CONVENIENCE STORE #2470,SR 18,Eunice,NM,3.099,32.43615,-103.14904,gazetteer
73076,MAVERIK #5148,US 40,Kremmling,CO,3.679,40.05654,-106.37822,gazetteer
73078,Shelee's Travel Center,"I-10, Exit 146",Coachella,CA,3.949,33.69038,-116.14313,gazetteer
73079,PILOT DEALER #1433,I-10 EXIT 160,Chandler,AZ,3.499,33.28276,-111.85182,gazetteer
73080,Circle K #2707255,"I-75, Exit 60",Tifton,GA,3.062,31.46210,-83.52050,gazetteer
73081,ALLSUPS #2476,I-40 EXIT 38 & SR 6,Elk City,OK,2.931,35.38961,-99.42875,gazetteer
73082,KWIK STAR #1153,US 71,Milford,IA,3.324,43.34172,-95.14571,gazetteer
73083,Kwik Star #1213,I-380 EXIT 2,North Liberty,IA,3.159,41.74362,-91.61122,gazetteer
73084,Kwik Trip #747,I-94 ALT & US-12,Baldwin,WI,3.499,44.95448,-92.37159,gazetteer
73085,Loves Travel Stop #550,I-75 EXIT 13,Valdosta,GA,3.222,30.85013,-83.27883,gazetteer
73088,Pilot #1390,I-16 Exit  143,Ellabell,GA,3.286,32.12354,-81.48567,gazetteer
73090,Quiktrip #1148,I-26 EXIT 53,Flat Rock,NC,2.849,35.26684,-82.45162,gazetteer
73092,QUIKTRIP #4042,I-10,Converse,TX,2.946,29.51249,-98.30463,gazetteer
73093,GAS N WASH,I-355 EXIT 7,Lockport,IL,3.399,41.59100,-88.02970,gazetteer
73094,MARATHON,US-24,Taylor,MI,3.499,42.22528,-83.26769,gazetteer
73095,Quiktrip #7250,US 49,Richland,MS,2.916,32.23041,-90.15962,gazetteer
73096,KWIK TRIP #748,US 8,Barron,WI,3.647,45.40219,-91.84435,gazetteer
73098,KWIK TRIP #1269,SR 27,Cadott,WI,3.401,44.94980,-91.15376,gazetteer
73099,Kwik Star #1296,SR 115,Harrisburg,SD,2.939,43.43426,-96.71243,gazetteer
73101,7-ELEVEN 42279,"I-76, Exit 39",Keenesburg,CO,3.149,40.15517,-104.56342,gazetteer
73103,RaceTrac #2654,I-20 EXIT 130,Greensboro,GA,3.399,33.56357,-83.18909,gazetteer
73106,ALLSUPS CONVENIENCE STORE #2472,US-75,Atoka,OK,2.967,34.38635,-96.13110,gazetteer
73112,SHEETZ #831,I-26 EXIT 44 & US 25,Hendersonville,NC,2.859,35.32335,-82.45584,gazetteer
73114,ROAD RANGER #319,"I-35E, EXIT 381",Milford,TX,3.031,32.12151,-96.95001,gazetteer
73117,MAVERIK #722,"I-29, EXIT 304",Baker City,OR,3.459,44.77497,-117.83181,gazetteer
73118,ALLSUPS #2432,US 287 & SR 34,Ennis,TX,2.929,32.32507,-96.63380,gazetteer
73120,Kwik Star #1184,US 61,Dubuque,IA,3.489,42.49890,-90.70726,gazetteer
73125,KWIK TRIP #1283,SR 83 & W CAPITOL DR,Hartland,WI,3.749,43.10235,-88.33559,gazetteer
73126,Kwik Trip #1298,US 10,Mondovi,WI,3.349,44.57026,-91.66685,gazetteer
73127,Gas N Wash,"I-55, EXIT 285",Chicago,IL,3.399,41.83705,-87.68494,gazetteer
73128,ALLSUPS CONVENIENCE STORE #2477,HWY 69 & 11th st,Kiowa,OK,2.957,34.72329,-95.90290,gazetteer
73129,SHEETZ #837,I-94,Romulus,MI,3.099,42.22365,-83.36604,gazetteer
73130,A One Stop,"I-45, EXIT 246",Ennis,TX,2.936,32.32507,-96.63380,gazetteer
73131,Sheetz #838,"I-85, Exit 71",Salisbury,NC,2.859,35.66616,-80.49263,gazetteer
